log_date,game_date,player_name,team_abbr,stand,pitcher_name,p_throws,home_team,lineup_source,adj_prob,fair_odds,has_line,best_book,best_odds,book_implied,edge,model_prob,hr_park_factor,temp_f,wind_speed,wind_favor,game_id,batter,hit_hr,actual_hr_count
2026-06-09,2026-06-08,Paul Goldschmidt,NYY,R,Gavin Williams,R,CLE,mlb_schedule,0.1660637349541503,502,1,betrivers,900.0,0.1,0.0661,0.1677928915522334,95.7,90.7,10.0,1.736481776669304,824427,502671,1,1
2026-06-09,2026-06-08,Jonathan Aranda,TB,L,Connelly Early,L,TB,mlb_schedule,0.1644300593578276,508,1,prophetx,760.0,0.1162790697674418,0.0482,0.1699552002335727,99.8,94.1,0.0,0.0,822972,666018,0,0
2026-06-09,2026-06-08,Kazuma Okamoto,TOR,R,Cristopher Sánchez,L,TOR,mlb_schedule,0.1649234284179031,506,1,prophetx,740.0,0.119047619047619,0.0459,0.1716185885339551,106.3,69.7,10.5,-8.704894511827938,822806,672960,0,0
2026-06-09,2026-06-08,Travis Bazzana,CLE,L,Will Warren,R,CLE,mlb_schedule,0.1560894726143541,541,1,prophetx,790.0,0.1123595505617977,0.0437,0.157714771127223,106.3,90.7,10.0,1.736481776669304,824427,683953,0,0
2026-06-09,2026-06-08,Kyle Manzardo,CLE,L,Will Warren,R,CLE,mlb_schedule,0.1967401999527337,408,1,novig,549.0,0.1540832049306625,0.0427,0.1987887785599196,106.3,90.7,10.0,1.736481776669304,824427,700932,0,0
2026-06-09,2026-06-08,Bryson Stott,PHI,L,Patrick Corbin,L,TOR,mlb_schedule,0.1251197681303455,699,1,prophetx,1100.0,0.0833333333333333,0.0418,0.1256825200660678,108.2,69.7,10.5,-8.704894511827938,822806,681082,0,0
2026-06-09,2026-06-08,Yohendrick Piñango,TOR,L,Cristopher Sánchez,L,TOR,mlb_schedule,0.1041594521429962,860,1,novig,1438.0,0.0650195058517555,0.0391,0.1052440237020757,108.2,69.7,10.5,-8.704894511827938,822806,682818,0,0
2026-06-09,2026-06-08,Spencer Jones,NYY,L,Gavin Williams,R,CLE,mlb_schedule,0.1580999361294828,533,1,prophetx,730.0,0.1204819277108433,0.0376,0.1597461688111113,106.3,90.7,10.0,1.736481776669304,824427,682987,0,0
2026-06-09,2026-06-08,Isiah Kiner-Falefa,BOS,R,Ian Seymour,L,TB,mlb_schedule,0.0717151612006001,1294,1,prophetx,2500.0,0.0384615384615384,0.0333,0.0724619030717669,110.5,94.1,0.0,0.0,822972,643396,0,0
2026-06-09,2026-06-08,Jarren Duran,BOS,L,Ian Seymour,L,TB,mlb_schedule,0.1705791929436463,486,1,prophetx,590.0,0.144927536231884,0.0257,0.1742825940815046,99.8,94.1,0.0,0.0,822972,680776,0,0
2026-06-09,2026-06-08,Coby Mayo,BAL,R,Emerson Hancock,R,BAL,mlb_schedule,0.178122559208399,461,1,betrivers,550.0,0.1538461538461538,0.0243,0.1799772796180519,94.3,78.0,9.4,-7.7000292163165245,824829,691723,0,0
2026-06-09,2026-06-08,Patrick Bailey,CLE,L,Will Warren,R,CLE,mlb_schedule,0.1105642212822615,804,1,prophetx,1000.0,0.0909090909090909,0.0197,0.1117154831926054,106.3,90.7,10.0,1.736481776669304,824427,672275,0,0
2026-06-09,2026-06-08,Myles Straw,TOR,R,Cristopher Sánchez,L,TOR,mlb_schedule,0.0673161407714846,1386,1,prophetx,1900.0,0.05,0.0173,0.0680170773667301,106.3,69.7,10.5,-8.704894511827938,822806,664702,0,0
2026-06-09,2026-06-08,Ryan McMahon,NYY,L,Gavin Williams,R,CLE,mlb_schedule,0.1505771074234597,564,1,prophetx,650.0,0.1333333333333333,0.0172,0.1521450078376797,106.3,90.7,10.0,1.736481776669304,824427,641857,1,1
2026-06-09,2026-06-08,Cedric Mullins,TB,L,Connelly Early,L,TB,mlb_schedule,0.1057209643159645,846,1,prophetx,980.0,0.0925925925925925,0.0131,0.1065551893318218,99.8,94.1,0.0,0.0,822972,656775,0,0
2026-06-09,2026-06-08,Edmundo Sosa,PHI,R,Patrick Corbin,L,TOR,mlb_schedule,0.1235240284724607,710,1,prophetx,760.0,0.1162790697674418,0.0072,0.1248102357766258,106.3,69.7,10.5,-8.704894511827938,822806,624641,0,0
2026-06-09,2026-06-08,Alec Bohm,PHI,R,Patrick Corbin,L,TOR,mlb_schedule,0.1318865765728964,658,1,prophetx,700.0,0.125,0.0069,0.1323091039902512,106.3,69.7,10.5,-8.704894511827938,822806,664761,0,0
2026-06-09,2026-06-08,Brayan Rocchio,CLE,L,Will Warren,R,CLE,mlb_schedule,0.0936283693117307,968,1,prophetx,1050.0,0.0869565217391304,0.0067,0.0940132366626068,106.3,90.7,10.0,1.736481776669304,824427,677587,0,0
2026-06-09,2026-06-08,Bryce Harper,PHI,L,Patrick Corbin,L,TOR,mlb_schedule,0.1573580616411607,535,1,prophetx,560.0,0.1515151515151515,0.0058,0.1597461688111113,108.2,69.7,10.5,-8.704894511827938,822806,547180,0,0
2026-06-09,2026-06-08,Jazz Chisholm Jr.,NYY,L,Gavin Williams,R,CLE,mlb_schedule,0.1578239716841596,534,1,prophetx,550.0,0.1538461538461538,0.004,0.1622278958680771,106.3,90.7,10.0,1.736481776669304,824427,665862,0,0
2026-06-09,2026-06-08,Ben Williamson,TB,R,Connelly Early,L,TB,mlb_schedule,0.080745384788409,1138,1,prophetx,1200.0,0.0769230769230769,0.0038,0.0815861548391981,110.5,94.1,0.0,0.0,822972,810938,0,0
2026-06-09,2026-06-08,Nathan Lukes,TOR,L,Cristopher Sánchez,L,TOR,mlb_schedule,0.0533752257951979,1774,1,prophetx,1900.0,0.05,0.0034,0.053931001105704,108.2,69.7,10.5,-8.704894511827938,822806,664770,0,0
2026-06-09,2026-06-08,Blaze Alexander,BAL,R,Emerson Hancock,R,BAL,mlb_schedule,0.0920234800805571,987,1,betrivers,1000.0,0.0909090909090909,0.0011,0.0929816845181714,94.3,78.0,9.4,-7.7000292163165245,824829,677942,0,0
2026-06-09,2026-06-08,Andrés Giménez,TOR,L,Cristopher Sánchez,L,TOR,mlb_schedule,0.0497266295207822,1911,1,prophetx,1900.0,0.05,-0.0003,0.0499591069625532,108.2,69.7,10.5,-8.704894511827938,822806,665926,0,0
2026-06-09,2026-06-08,J.T. Realmuto,PHI,R,Patrick Corbin,L,TOR,mlb_schedule,0.116543295890828,758,1,betrivers,750.0,0.1176470588235294,-0.0011,0.1177568155621013,106.3,69.7,10.5,-8.704894511827938,822806,592663,0,0
2026-06-09,2026-06-08,Brandon Marsh,PHI,L,Patrick Corbin,L,TOR,mlb_schedule,0.096343018337125,938,1,prophetx,920.0,0.0980392156862745,-0.0017,0.0971204138091004,108.2,69.7,10.5,-8.704894511827938,822806,669016,0,0
2026-06-09,2026-06-08,Ryan Vilade,TB,R,Connelly Early,L,TB,mlb_schedule,0.1082105658689887,824,1,betrivers,800.0,0.1111111111111111,-0.0029,0.1093373200878212,110.5,94.1,0.0,0.0,822972,668723,0,0
2026-06-09,2026-06-08,Carlos Narváez,BOS,R,Ian Seymour,L,TB,mlb_schedule,0.094306284195576,960,1,novig,910.0,0.099009900990099,-0.0047,0.0952882585778968,110.5,94.1,0.0,0.0,822972,665966,0,0
2026-06-09,2026-06-08,J.C. Escarra,NYY,L,Gavin Williams,R,CLE,mlb_schedule,0.0856012465107985,1068,1,betrivers,1000.0,0.0909090909090909,-0.0053,0.0864925787468773,106.3,90.7,10.0,1.736481776669304,824427,641555,0,0
2026-06-09,2026-06-08,Cody Bellinger,NYY,L,Gavin Williams,R,CLE,mlb_schedule,0.1513993081490724,561,1,novig,529.0,0.1589825119236884,-0.0076,0.1524984727262021,106.3,90.7,10.0,1.736481776669304,824427,641355,0,0
2026-06-09,2026-06-08,Ernie Clement,TOR,R,Cristopher Sánchez,L,TOR,mlb_schedule,0.063388824793243,1478,1,prophetx,1300.0,0.0714285714285714,-0.008,0.0634106268786387,106.3,69.7,10.5,-8.704894511827938,822806,676391,1,1
2026-06-09,2026-06-08,Sam Huff,BAL,R,Emerson Hancock,R,BAL,mlb_schedule,0.1091610043871823,816,1,prophetx,740.0,0.119047619047619,-0.0099,0.1102976551498644,94.3,78.0,9.4,-7.7000292163165245,824829,669087,0,0
2026-06-09,2026-06-08,Taylor Walls,TB,L,Connelly Early,L,TB,mlb_schedule,0.0551021819601158,1715,1,prophetx,1400.0,0.0666666666666666,-0.0116,0.0556759393884394,99.8,94.1,0.0,0.0,822972,670764,0,0
2026-06-09,2026-06-08,Jhonny Pereda,SEA,R,Trey Gibson,R,BAL,mlb_schedule,0.0706902729277647,1315,1,prophetx,1100.0,0.0833333333333333,-0.0126,0.0714263430389608,94.3,78.0,9.4,-7.7000292163165245,824829,640902,0,0
2026-06-09,2026-06-08,Jackson Holliday,BAL,L,Emerson Hancock,R,BAL,mlb_schedule,0.0908451734956861,1001,1,prophetx,860.0,0.1041666666666666,-0.0133,0.0917911086885652,115.6,78.0,9.4,-7.7000292163165245,824829,702616,0,0
2026-06-09,2026-06-08,Marcelo Mayer,BOS,L,Ian Seymour,L,TB,mlb_schedule,0.0795193482349014,1158,1,novig,964.0,0.093984962406015,-0.0145,0.0803473520474955,99.8,94.1,0.0,0.0,822972,691785,1,1
2026-06-09,2026-06-08,Daniel Schneemann,CLE,L,Will Warren,R,CLE,mlb_schedule,0.0852960877529283,1072,1,prophetx,890.0,0.101010101010101,-0.0157,0.0861842424904414,106.3,90.7,10.0,1.736481776669304,824427,682177,0,0
2026-06-09,2026-06-08,Angel Martínez,CLE,R,Will Warren,R,CLE,mlb_schedule,0.1010661238169056,889,1,betrivers,750.0,0.1176470588235294,-0.0166,0.1017163582554405,95.7,90.7,10.0,1.736481776669304,824427,682657,1,1
2026-06-09,2026-06-08,George Springer,TOR,R,Cristopher Sánchez,L,TOR,mlb_schedule,0.0956956927075187,945,1,prophetx,770.0,0.1149425287356321,-0.0192,0.0966921344562186,106.3,69.7,10.5,-8.704894511827938,822806,543807,0,0
2026-06-09,2026-06-08,Mickey Gasper,BOS,R,Ian Seymour,L,TB,mlb_schedule,0.0895233687606527,1017,1,prophetx,820.0,0.108695652173913,-0.0192,0.0904555405187904,110.5,94.1,0.0,0.0,822972,681508,0,0
2026-06-09,2026-06-08,Pete Alonso,BAL,R,Emerson Hancock,R,BAL,mlb_schedule,0.1847424431795735,441,1,prophetx,390.0,0.2040816326530612,-0.0193,0.1876674642152638,94.3,78.0,9.4,-7.7000292163165245,824829,624413,0,0
2026-06-09,2026-06-08,Caleb Durbin,BOS,R,Ian Seymour,L,TB,mlb_schedule,0.0595976344520201,1578,1,betrivers,1150.0,0.08,-0.0204,0.0597872240810263,110.5,94.1,0.0,0.0,822972,702332,0,0
2026-06-09,2026-06-08,José Caballero,NYY,R,Gavin Williams,R,CLE,mlb_schedule,0.0528056741962032,1794,1,novig,1251.0,0.0740192450037009,-0.0212,0.0533555189890943,95.7,90.7,10.0,1.736481776669304,824427,676609,0,0
2026-06-09,2026-06-08,Tyler Heineman,TOR,R,Cristopher Sánchez,L,TOR,mlb_schedule,0.0395719509882313,2427,1,prophetx,1500.0,0.0625,-0.0229,0.0399839982071452,106.3,69.7,10.5,-8.704894511827938,822806,623168,0,0
2026-06-09,2026-06-08,Ceddanne Rafaela,BOS,R,Ian Seymour,L,TB,mlb_schedule,0.0938362396316119,966,1,betrivers,750.0,0.1176470588235294,-0.0238,0.0947152648738022,110.5,94.1,0.0,0.0,822972,678882,0,0
2026-06-09,2026-06-08,Vladimir Guerrero Jr.,TOR,R,Cristopher Sánchez,L,TOR,mlb_schedule,0.0960360263139568,941,1,prophetx,720.0,0.1219512195121951,-0.0259,0.096418385597905,106.3,69.7,10.5,-8.704894511827938,822806,665489,0,0
2026-06-09,2026-06-08,Ben Rice,NYY,L,Gavin Williams,R,CLE,mlb_schedule,0.2013054155874598,397,1,betrivers,340.0,0.2272727272727272,-0.026,0.2063202389783055,106.3,90.7,10.0,1.736481776669304,824427,700250,0,0
2026-06-09,2026-06-08,Trea Turner,PHI,R,Patrick Corbin,L,TOR,mlb_schedule,0.1132405630244905,783,1,prophetx,610.0,0.1408450704225352,-0.0276,0.1141921126591139,106.3,69.7,10.5,-8.704894511827938,822806,607208,0,0
2026-06-09,2026-06-08,Steven Kwan,CLE,L,Will Warren,R,CLE,mlb_schedule,0.0302154888932019,3210,1,prophetx,1600.0,0.0588235294117647,-0.0286,0.030356250384969,106.3,90.7,10.0,1.736481776669304,824427,680757,0,0
2026-06-09,2026-06-08,Wilyer Abreu,BOS,L,Ian Seymour,L,TB,mlb_schedule,0.1201236600203648,732,1,prophetx,570.0,0.1492537313432835,-0.0291,0.1210817343782218,99.8,94.1,0.0,0.0,822972,677800,0,0
2026-06-09,2026-06-08,José Ramírez,CLE,L,Will Warren,R,CLE,mlb_schedule,0.1499544632654635,567,1,novig,456.0,0.1798561151079136,-0.0299,0.151150668654003,106.3,90.7,10.0,1.736481776669304,824427,608070,0,0
2026-06-09,2026-06-08,Nick Fortes,TB,R,Connelly Early,L,TB,mlb_schedule,0.0555639432491251,1700,1,novig,1024.0,0.0889679715302491,-0.0334,0.0561425088168047,110.5,94.1,0.0,0.0,822972,663743,0,0
2026-06-09,2026-06-08,Junior Caminero,TB,R,Connelly Early,L,TB,mlb_schedule,0.1890175370732466,429,1,novig,346.0,0.2242152466367713,-0.0352,0.1907911054483726,110.5,94.1,0.0,0.0,822972,691406,0,0
2026-06-09,2026-06-08,Trent Grisham,NYY,L,Gavin Williams,R,CLE,mlb_schedule,0.1429641759826813,599,1,novig,459.0,0.1788908765652951,-0.0359,0.1446569533514208,106.3,90.7,10.0,1.736481776669304,824427,663757,0,0
2026-06-09,2026-06-08,Adolis García,PHI,R,Patrick Corbin,L,TOR,mlb_schedule,0.113195312293519,783,1,prophetx,540.0,0.15625,-0.0431,0.1172011766302608,106.3,69.7,10.5,-8.704894511827938,822806,666969,1,1
2026-06-09,2026-06-08,Randy Arozarena,SEA,R,Trey Gibson,R,BAL,mlb_schedule,0.0743284097642311,1245,1,prophetx,740.0,0.119047619047619,-0.0447,0.0758032369680719,94.3,78.0,9.4,-7.7000292163165245,824829,668227,0,0
2026-06-09,2026-06-08,Taylor Ward,BAL,R,Emerson Hancock,R,BAL,mlb_schedule,0.074742379664303,1238,1,novig,726.0,0.1210653753026634,-0.0463,0.0771765576769459,94.3,78.0,9.4,-7.7000292163165245,824829,621493,0,0
2026-06-09,2026-06-08,Chase DeLauter,CLE,L,Will Warren,R,CLE,mlb_schedule,0.0884296688590051,1031,1,novig,619.0,0.1390820584144645,-0.0507,0.0887705901037691,106.3,90.7,10.0,1.736481776669304,824427,800050,0,0
2026-06-09,2026-06-08,Colton Cowser,BAL,L,Emerson Hancock,R,BAL,mlb_schedule,0.0937391953652513,967,1,prophetx,570.0,0.1492537313432835,-0.0555,0.0947152648738022,115.6,78.0,9.4,-7.7000292163165245,824829,681297,0,0
2026-06-09,2026-06-08,Cole Young,SEA,L,Trey Gibson,R,BAL,mlb_schedule,0.0517499035224988,1832,1,novig,770.0,0.1149425287356321,-0.0632,0.0522655393463157,115.6,78.0,9.4,-7.7000292163165245,824829,702284,0,0
2026-06-09,2026-06-08,Gunnar Henderson,BAL,L,Emerson Hancock,R,BAL,mlb_schedule,0.1159067189516253,763,1,novig,456.0,0.1798561151079136,-0.0639,0.1176938053146931,115.6,78.0,9.4,-7.7000292163165245,824829,683002,0,0
2026-06-09,2026-06-08,Julio Rodríguez,SEA,R,Trey Gibson,R,BAL,mlb_schedule,0.1122334863296959,791,1,novig,462.0,0.1779359430604982,-0.0657,0.113288319294039,94.3,78.0,9.4,-7.7000292163165245,824829,677594,0,0
2026-06-09,2026-06-08,Kyle Schwarber,PHI,L,Patrick Corbin,L,TOR,mlb_schedule,0.1861170832263899,437,1,novig,292.0,0.2551020408163265,-0.069,0.2003026595327342,108.2,69.7,10.5,-8.704894511827938,822806,656941,0,0
2026-06-09,2026-06-08,Yandy Díaz,TB,R,Connelly Early,L,TB,mlb_schedule,0.1127660386405881,787,1,novig,446.0,0.1831501831501831,-0.0704,0.1132684302984874,110.5,94.1,0.0,0.0,822972,650490,1,1
2026-06-09,2026-06-08,Willson Contreras,BOS,R,Ian Seymour,L,TB,mlb_schedule,0.1408004347983365,610,1,novig,367.0,0.2141327623126338,-0.0733,0.1447394534339209,110.5,94.1,0.0,0.0,822972,575929,0,0
2026-06-09,2026-06-08,Patrick Wisdom,SEA,R,Trey Gibson,R,BAL,mlb_schedule,0.1062688696235099,841,1,novig,449.0,0.1821493624772313,-0.0759,0.1073754057202143,94.3,78.0,9.4,-7.7000292163165245,824829,621550,0,0
2026-06-09,2026-06-08,Leody Taveras,BAL,L,Emerson Hancock,R,BAL,mlb_schedule,0.0427772513446954,2238,1,prophetx,710.0,0.1234567901234567,-0.0807,0.0432226741001873,115.6,78.0,9.4,-7.7000292163165245,824829,665750,0,0
2026-06-09,2026-06-08,Josh Naylor,SEA,L,Trey Gibson,R,BAL,mlb_schedule,0.0727505175539821,1275,1,prophetx,550.0,0.1538461538461538,-0.0811,0.0729892692363815,115.6,78.0,9.4,-7.7000292163165245,824829,647304,1,1
2026-06-09,2026-06-08,Colt Emerson,SEA,L,Trey Gibson,R,BAL,mlb_schedule,0.0508485982827192,1867,1,prophetx,600.0,0.1428571428571428,-0.092,0.051378064811026,115.6,78.0,9.4,-7.7000292163165245,824829,806068,0,0
2026-06-09,2026-06-08,Dominic Canzone,SEA,L,Trey Gibson,R,BAL,mlb_schedule,0.0634326622336437,1476,1,betonlineag,500.0,0.1666666666666666,-0.1032,0.0640931616886606,115.6,78.0,9.4,-7.7000292163165245,824829,686527,0,0
2026-06-09,2026-06-08,Luke Raley,SEA,L,Trey Gibson,R,BAL,mlb_schedule,0.0800137390075708,1150,1,prophetx,420.0,0.1923076923076923,-0.1123,0.080846890717548,115.6,78.0,9.4,-7.7000292163165245,824829,670042,0,0
2026-06-09,2026-06-08,Austin Slater,TB,R,Connelly Early,L,TB,mlb_schedule,0.0513400328785868,1848,0,,,,,0.0518746165227661,110.5,94.1,0.0,0.0,822972,596103,0,0
2026-06-10,2026-06-09,Brayan Rocchio,CLE,R,Gerrit Cole,R,CLE,mlb_schedule,0.1157788019570454,764,1,prophetx,1150.0,0.08,0.0358,0.1166215387329453,95.7,88.3,12.8,10.611680928704532,824429,677587,0,0
2026-06-10,2026-06-09,Dillon Dingler,DET,R,Taj Bradley,R,DET,mlb_schedule,0.1881781964280391,431,1,prophetx,540.0,0.15625,0.0319,0.1896261766094781,104.4,81.5,15.8,15.26162805536728,824267,693307,1,2
2026-06-10,2026-06-09,Chase Meidroth,CWS,R,Grant Holmes,R,CWS,mlb_schedule,0.1078264511003904,827,1,prophetx,1200.0,0.0769230769230769,0.0309,0.1091441213912844,91.0,88.1,8.9,7.707626093681505,824591,805367,0,0
2026-06-10,2026-06-09,Alec Bohm,PHI,R,Dylan Cease,R,TOR,mlb_schedule,0.1166788666291911,757,1,prophetx,1000.0,0.0909090909090909,0.0258,0.117002783246317,106.3,,,,822805,664761,0,0
2026-06-10,2026-06-09,Bo Bichette,NYM,R,Dustin May,R,NYM,mlb_schedule,0.1196066269400127,736,1,prophetx,900.0,0.1,0.0196,0.1199214932398294,95.6,79.4,12.0,11.817693036146496,823620,666182,0,0
2026-06-10,2026-06-09,Cole Young,SEA,L,Trevor Rogers,L,BAL,mlb_schedule,0.1055551120035265,847,1,prophetx,1050.0,0.0869565217391304,0.0186,0.1070437335083501,115.6,83.4,8.4,-1.169054048064549,824830,702284,0,0
2026-06-10,2026-06-09,Pete Alonso,BAL,R,Logan Gilbert,R,BAL,mlb_schedule,0.220546103785,353,1,prophetx,395.0,0.202020202020202,0.0185,0.2230844582609039,94.3,83.4,8.4,-1.169054048064549,824830,624413,0,0
2026-06-10,2026-06-09,Coby Mayo,BAL,R,Logan Gilbert,R,BAL,mlb_schedule,0.1981359173492409,405,1,novig,456.0,0.1798561151079136,0.0183,0.2004660979341651,94.3,83.4,8.4,-1.169054048064549,824830,691723,1,1
2026-06-10,2026-06-09,Manny Machado,SD,R,Chase Burns,R,SD,mlb_schedule,0.1534977881571716,551,1,prophetx,610.0,0.1408450704225352,0.0127,0.1552146508674921,101.7,75.7,9.2,-7.442956348249515,823290,592518,0,0
2026-06-10,2026-06-09,Jake McCarthy,COL,L,Colin Rea,R,COL,mlb_schedule,0.1124339989270555,789,1,prophetx,900.0,0.1,0.0124,0.1130722291253837,113.9,92.2,21.7,8.47886548821724,824347,664983,0,0
2026-06-10,2026-06-09,Ryan O'Hearn,PIT,L,Eric Lauer,L,PIT,mlb_schedule,0.1251834150087008,699,1,prophetx,780.0,0.1136363636363636,0.0115,0.1262881443738824,90.6,86.7,13.3,13.227141208398036,823374,656811,1,1
2026-06-10,2026-06-09,Kyle Karros,COL,R,Colin Rea,R,COL,mlb_schedule,0.1249937554573841,700,1,novig,770.0,0.1149425287356321,0.0101,0.1288219351595744,99.3,92.2,21.7,8.47886548821724,824347,691720,0,0
2026-06-10,2026-06-09,Brandon Lowe,PIT,L,Eric Lauer,L,PIT,mlb_schedule,0.1956334846170716,411,1,prophetx,435.0,0.1869158878504672,0.0087,0.1985614688385693,90.6,86.7,13.3,13.227141208398036,823374,664040,0,0
2026-06-10,2026-06-09,Otto Lopez,MIA,R,Zac Gallen,R,MIA,mlb_schedule,0.1034080306166418,867,1,prophetx,950.0,0.0952380952380952,0.0082,0.1035604496266444,84.5,,,,823858,672640,0,0
2026-06-10,2026-06-09,Brooks Lee,MIN,R,Troy Melton,R,DET,mlb_schedule,0.1170567404004857,754,1,prophetx,810.0,0.1098901098901098,0.0072,0.1174102685284464,104.4,81.5,15.8,15.26162805536728,824267,686797,1,1
2026-06-10,2026-06-09,Victor Caratini,MIN,L,Troy Melton,R,DET,mlb_schedule,0.1086827083972507,820,1,prophetx,880.0,0.1020408163265306,0.0066,0.1099608731056608,97.2,81.5,15.8,15.26162805536728,824267,605170,0,0
2026-06-10,2026-06-09,Trevor Larnach,MIN,L,Troy Melton,R,DET,mlb_schedule,0.1060956942984442,843,1,betrivers,900.0,0.1,0.0061,0.1070739598431478,97.2,81.5,15.8,15.26162805536728,824267,663616,0,0
2026-06-10,2026-06-09,Ryan Waldschmidt,AZ,R,Max Meyer,R,MIA,mlb_schedule,0.0885060152244819,1030,1,prophetx,1100.0,0.0833333333333333,0.0052,0.0896818356660167,84.5,,,,823858,814439,0,0
2026-06-10,2026-06-09,Jarren Duran,BOS,L,Nick Martinez,R,TB,mlb_schedule,0.1417879858317862,605,1,prophetx,630.0,0.136986301369863,0.0048,0.1437601693017189,99.8,,,,822969,680776,0,0
2026-06-10,2026-06-09,A.J. Ewing,NYM,L,Dustin May,R,NYM,mlb_schedule,0.0800408973261104,1149,1,prophetx,1200.0,0.0769230769230769,0.0031,0.0807789221115558,95.0,79.4,12.0,11.817693036146496,823620,805999,0,0
2026-06-10,2026-06-09,Josh Naylor,SEA,L,Trevor Rogers,L,BAL,mlb_schedule,0.1207244238759985,728,1,betrivers,750.0,0.1176470588235294,0.0031,0.1210003161220928,115.6,83.4,8.4,-1.169054048064549,824830,647304,0,0
2026-06-10,2026-06-09,Maikel Garcia,KC,R,Nathan Eovaldi,R,KC,mlb_schedule,0.0796226057496461,1156,1,prophetx,1200.0,0.0769230769230769,0.0027,0.0798139636163715,83.7,,,,824105,672580,0,0
2026-06-10,2026-06-09,Bryson Stott,PHI,L,Dylan Cease,R,TOR,mlb_schedule,0.1014527019568862,886,1,novig,900.0,0.1,0.0015,0.1020177691659118,108.2,,,,822805,681082,0,0
2026-06-10,2026-06-09,Marcelo Mayer,BOS,L,Nick Martinez,R,TB,mlb_schedule,0.0847714628498653,1080,1,prophetx,1100.0,0.0833333333333333,0.0014,0.086209490862983,99.8,,,,822969,691785,0,0
2026-06-10,2026-06-09,Edouard Julien,COL,L,Colin Rea,R,COL,mlb_schedule,0.1008170555426114,892,1,betrivers,900.0,0.1,0.0008,0.1025272743497007,113.9,92.2,21.7,8.47886548821724,824347,666397,0,0
2026-06-10,2026-06-09,Jackson Holliday,BAL,L,Logan Gilbert,R,BAL,mlb_schedule,0.1073542189720843,831,1,prophetx,820.0,0.108695652173913,-0.0013,0.1087804416399134,115.6,83.4,8.4,-1.169054048064549,824830,702616,0,0
2026-06-10,2026-06-09,Nick Gonzales,PIT,R,Eric Lauer,L,PIT,mlb_schedule,0.0965414895692002,936,1,prophetx,920.0,0.0980392156862745,-0.0015,0.0967821693767462,76.9,86.7,13.3,13.227141208398036,823374,693304,0,0
2026-06-10,2026-06-09,Tommy Troy,AZ,R,Max Meyer,R,MIA,mlb_schedule,0.064876449144291,1441,1,prophetx,1400.0,0.0666666666666666,-0.0018,0.0659769863784582,84.5,,,,823858,694371,0,0
2026-06-10,2026-06-09,Ryan Vilade,TB,R,Payton Tolle,L,TB,mlb_schedule,0.0843307812934908,1086,1,prophetx,1050.0,0.0869565217391304,-0.0026,0.0850194387473443,110.5,,,,822969,668723,0,0
2026-06-10,2026-06-09,Ryan Bliss,SEA,R,Trevor Rogers,L,BAL,mlb_schedule,0.1043047978266465,859,1,prophetx,830.0,0.1075268817204301,-0.0032,0.1060741812504402,94.3,83.4,8.4,-1.169054048064549,824830,669208,0,0
2026-06-10,2026-06-09,Oneil Cruz,PIT,L,Eric Lauer,L,PIT,mlb_schedule,0.1661648654435453,502,1,prophetx,490.0,0.1694915254237288,-0.0033,0.1763675052414096,90.6,86.7,13.3,13.227141208398036,823374,665833,0,0
2026-06-10,2026-06-09,Miguel Vargas,CWS,R,Grant Holmes,R,CWS,mlb_schedule,0.1945048354834788,414,1,prophetx,405.0,0.198019801980198,-0.0035,0.1967294999445267,91.0,88.1,8.9,7.707626093681505,824591,678246,1,1
2026-06-10,2026-06-09,Kazuma Okamoto,TOR,R,Zack Wheeler,R,TOR,mlb_schedule,0.139033637195948,619,1,betrivers,600.0,0.1428571428571428,-0.0038,0.1458462250616542,106.3,,,,822805,672960,0,0
2026-06-10,2026-06-09,Tristan Gray,MIN,L,Troy Melton,R,DET,mlb_schedule,0.1001979361473288,898,1,prophetx,860.0,0.1041666666666666,-0.004,0.1018976524692191,97.2,81.5,15.8,15.26162805536728,824267,656484,0,0
2026-06-10,2026-06-09,Gabriel Moreno,AZ,R,Max Meyer,R,MIA,mlb_schedule,0.0920768041960573,986,1,prophetx,940.0,0.0961538461538461,-0.0041,0.092742809043663,84.5,,,,823858,672515,1,1
2026-06-10,2026-06-09,Matt Vierling,DET,R,Taj Bradley,R,DET,mlb_schedule,0.0883555750274124,1032,1,prophetx,980.0,0.0925925925925925,-0.0042,0.0896818356660167,104.4,81.5,15.8,15.26162805536728,824267,663837,0,0
2026-06-10,2026-06-09,Bryan Reynolds,PIT,L,Eric Lauer,L,PIT,mlb_schedule,0.1326850151442264,654,1,prophetx,630.0,0.136986301369863,-0.0043,0.1354577521546753,90.6,86.7,13.3,13.227141208398036,823374,668804,1,1
2026-06-10,2026-06-09,Spencer Torkelson,DET,R,Taj Bradley,R,DET,mlb_schedule,0.1445446173674518,592,1,novig,571.0,0.1490312965722801,-0.0045,0.1522327712569932,104.4,81.5,15.8,15.26162805536728,824267,679529,0,0
2026-06-10,2026-06-09,Masataka Yoshida,BOS,L,Nick Martinez,R,TB,mlb_schedule,0.0873338847286628,1045,1,prophetx,980.0,0.0925925925925925,-0.0053,0.088139155205284,99.8,,,,822969,807799,0,0
2026-06-10,2026-06-09,Sam Huff,BAL,R,Logan Gilbert,R,BAL,mlb_schedule,0.1189512912858885,741,1,prophetx,700.0,0.125,-0.006,0.1209691317632738,94.3,83.4,8.4,-1.169054048064549,824830,669087,0,0
2026-06-10,2026-06-09,Nathan Church,STL,L,Freddy Peralta,R,NYM,mlb_schedule,0.0848788741260233,1078,1,prophetx,1000.0,0.0909090909090909,-0.006,0.0863187242195776,95.0,79.4,12.0,11.817693036146496,823620,701675,0,0
2026-06-10,2026-06-09,Marcus Semien,NYM,R,Dustin May,R,NYM,mlb_schedule,0.1088385222287278,819,1,prophetx,770.0,0.1149425287356321,-0.0061,0.1096392715181727,95.6,79.4,12.0,11.817693036146496,823620,543760,0,0
2026-06-10,2026-06-09,Nolan Arenado,AZ,R,Max Meyer,R,MIA,mlb_schedule,0.0927305153973614,978,1,novig,910.0,0.099009900990099,-0.0063,0.0935918991251525,84.5,,,,823858,571448,0,0
2026-06-10,2026-06-09,Sam Antonacci,CWS,L,Grant Holmes,R,CWS,mlb_schedule,0.0883108781243469,1032,1,novig,953.0,0.0949667616334283,-0.0067,0.0888121737270801,103.4,88.1,8.9,7.707626093681505,824591,803011,0,0
2026-06-10,2026-06-09,Ben Williamson,TB,R,Payton Tolle,L,TB,mlb_schedule,0.0726113624560386,1277,1,betrivers,1150.0,0.08,-0.0074,0.0735760191976957,110.5,,,,822969,810938,0,0
2026-06-10,2026-06-09,Mauricio Dubón,ATL,R,Brandon Eisert,L,CWS,mlb_schedule,0.0887188978300041,1027,1,prophetx,940.0,0.0961538461538461,-0.0074,0.0890587990804275,91.0,88.1,8.9,7.707626093681505,824591,643289,0,0
2026-06-10,2026-06-09,Masyn Winn,STL,R,Freddy Peralta,R,NYM,mlb_schedule,0.0757552184146344,1220,1,prophetx,1100.0,0.0833333333333333,-0.0076,0.0770371000636886,95.6,79.4,12.0,11.817693036146496,823620,691026,0,0
2026-06-10,2026-06-09,Luke Keaschall,MIN,R,Troy Melton,R,DET,mlb_schedule,0.0686016195679575,1358,1,prophetx,1200.0,0.0769230769230769,-0.0083,0.0691651031113916,104.4,81.5,15.8,15.26162805536728,824267,807712,0,0
2026-06-10,2026-06-09,Gleyber Torres,DET,R,Taj Bradley,R,DET,mlb_schedule,0.0933775751367649,971,1,prophetx,880.0,0.1020408163265306,-0.0087,0.0939076317821539,104.4,81.5,15.8,15.26162805536728,824267,650402,0,0
2026-06-10,2026-06-09,Xavier Edwards,MIA,R,Zac Gallen,R,MIA,mlb_schedule,0.0570431717413981,1653,1,prophetx,1400.0,0.0666666666666666,-0.0096,0.0572422943430569,84.5,,,,823858,669364,0,0
2026-06-10,2026-06-09,Jakob Marsee,MIA,L,Zac Gallen,R,MIA,mlb_schedule,0.0772773780277655,1194,1,prophetx,1050.0,0.0869565217391304,-0.0097,0.0800375007621662,91.5,,,,823858,805300,0,0
2026-06-10,2026-06-09,Jared Young,NYM,L,Dustin May,R,NYM,mlb_schedule,0.1373722808167181,628,1,prophetx,580.0,0.1470588235294117,-0.0097,0.1384940828881118,95.0,79.4,12.0,11.817693036146496,823620,676724,0,0
2026-06-10,2026-06-09,Paul Goldschmidt,NYY,R,Slade Cecconi,R,CLE,mlb_schedule,0.1309884329386522,663,1,prophetx,610.0,0.1408450704225352,-0.0099,0.1319358912271877,95.7,88.3,12.8,10.611680928704532,824429,502671,0,0
2026-06-10,2026-06-09,Charles McAdoo,TOR,R,Zack Wheeler,R,TOR,mlb_schedule,0.0804904888251245,1142,1,prophetx,1000.0,0.0909090909090909,-0.0104,0.0818558961665674,106.3,,,,822805,807727,0,0
2026-06-10,2026-06-09,J.T. Realmuto,PHI,R,Dylan Cease,R,TOR,mlb_schedule,0.0891129827576931,1022,1,betrivers,900.0,0.1,-0.0109,0.09029686688655,106.3,,,,822805,592663,0,0
2026-06-10,2026-06-09,Ernie Clement,TOR,R,Zack Wheeler,R,TOR,mlb_schedule,0.0721485433500553,1286,1,prophetx,1100.0,0.0833333333333333,-0.0112,0.0721626333646673,106.3,,,,822805,676391,0,0
2026-06-10,2026-06-09,Geraldo Perdomo,AZ,R,Max Meyer,R,MIA,mlb_schedule,0.0719748861692689,1289,1,prophetx,1100.0,0.0833333333333333,-0.0114,0.0724160719136746,84.5,,,,823858,672695,0,0
2026-06-10,2026-06-09,Matt Olson,ATL,L,Brandon Eisert,L,CWS,mlb_schedule,0.1964881713510316,409,1,prophetx,375.0,0.2105263157894736,-0.014,0.1986237294752955,103.4,88.1,8.9,7.707626093681505,824591,621566,1,2
2026-06-10,2026-06-09,Chandler Simpson,TB,L,Payton Tolle,L,TB,mlb_schedule,0.0356571794406008,2704,1,prophetx,1900.0,0.05,-0.0143,0.0356766454057179,99.8,,,,822969,802415,0,0
2026-06-10,2026-06-09,Kyle Isbel,KC,L,Nathan Eovaldi,R,KC,mlb_schedule,0.062477116185963,1501,1,prophetx,1200.0,0.0769230769230769,-0.0144,0.063536952128789,85.2,,,,824105,664728,0,0
2026-06-10,2026-06-09,Brandon Valenzuela,TOR,R,Zack Wheeler,R,TOR,mlb_schedule,0.1102294476399233,807,1,prophetx,700.0,0.125,-0.0148,0.1115258027996227,106.3,,,,822805,678218,0,0
2026-06-10,2026-06-09,JJ Wetherholt,STL,L,Freddy Peralta,R,NYM,mlb_schedule,0.1451233365927813,589,1,betrivers,525.0,0.16,-0.0149,0.1462279113453561,95.0,79.4,12.0,11.817693036146496,823620,802139,0,0
2026-06-10,2026-06-09,Angel Martínez,CLE,R,Gerrit Cole,R,CLE,mlb_schedule,0.1132536753120348,783,1,prophetx,680.0,0.1282051282051282,-0.015,0.1141763882668748,95.7,88.3,12.8,10.611680928704532,824429,682657,0,0
2026-06-10,2026-06-09,Ezequiel Duran,TEX,R,Stephen Kolek,R,KC,mlb_schedule,0.0754178526962623,1226,1,prophetx,1000.0,0.0909090909090909,-0.0155,0.0764249227949931,83.7,,,,824105,677649,0,0
2026-06-10,2026-06-09,LuJames Groover,AZ,R,Max Meyer,R,MIA,mlb_schedule,0.0637640679140556,1468,1,novig,1150.0,0.08,-0.0162,0.0647211979356243,84.5,,,,823858,694410,0,0
2026-06-10,2026-06-09,Spencer Jones,NYY,L,Slade Cecconi,R,CLE,mlb_schedule,0.1323698120108601,655,1,prophetx,570.0,0.1492537313432835,-0.0169,0.1339265492753819,106.3,88.3,12.8,10.611680928704532,824429,682987,1,1
2026-06-10,2026-06-09,Joe Mack,MIA,L,Zac Gallen,R,MIA,mlb_schedule,0.075425036837465,1226,1,prophetx,980.0,0.0925925925925925,-0.0172,0.0765572037379891,91.5,,,,823858,691788,0,0
2026-06-10,2026-06-09,Mookie Betts,LAD,R,Paul Skenes,R,PIT,mlb_schedule,0.0866744734288404,1054,1,novig,862.0,0.1039501039501039,-0.0173,0.0873822698143366,76.9,86.7,13.3,13.227141208398036,823374,605141,0,0
2026-06-10,2026-06-09,Travis Bazzana,CLE,L,Gerrit Cole,R,CLE,mlb_schedule,0.1233627678998189,711,1,prophetx,610.0,0.1408450704225352,-0.0175,0.124063035119471,106.3,88.3,12.8,10.611680928704532,824429,683953,0,0
2026-06-10,2026-06-09,Iván Herrera,STL,R,Freddy Peralta,R,NYM,mlb_schedule,0.1030299704208656,871,1,prophetx,730.0,0.1204819277108433,-0.0175,0.1040922040436627,95.6,79.4,12.0,11.817693036146496,823620,671056,0,0
2026-06-10,2026-06-09,Jacob Gonzalez,CWS,L,Grant Holmes,R,CWS,mlb_schedule,0.1289808226333887,675,1,prophetx,580.0,0.1470588235294117,-0.0181,0.1300340988339437,103.4,88.1,8.9,7.707626093681505,824591,694378,0,0
2026-06-10,2026-06-09,Kevin McGonigle,DET,L,Taj Bradley,R,DET,mlb_schedule,0.0956851453780378,945,1,novig,777.0,0.1140250855188141,-0.0183,0.0961056307489483,97.2,81.5,15.8,15.26162805536728,824267,805808,0,0
2026-06-10,2026-06-09,J.C. Escarra,NYY,L,Slade Cecconi,R,CLE,mlb_schedule,0.0951677824996069,951,1,novig,770.0,0.1149425287356321,-0.0198,0.0967821693767462,106.3,88.3,12.8,10.611680928704532,824429,641555,0,0
2026-06-10,2026-06-09,Anthony Volpe,NYY,R,Slade Cecconi,R,CLE,mlb_schedule,0.085806357793946,1065,1,prophetx,840.0,0.1063829787234042,-0.0206,0.0869463127365776,95.7,88.3,12.8,10.611680928704532,824429,683011,0,0
2026-06-10,2026-06-09,Drew Romo,CWS,R,Grant Holmes,R,CWS,mlb_schedule,0.0941375988589938,962,1,novig,770.0,0.1149425287356321,-0.0208,0.0957345101271952,91.0,88.1,8.9,7.707626093681505,824591,691011,0,0
2026-06-10,2026-06-09,Victor Robles,SEA,R,Trevor Rogers,L,BAL,mlb_schedule,0.079037242248763,1165,1,novig,900.0,0.1,-0.021,0.0794858961726394,94.3,83.4,8.4,-1.169054048064549,824830,645302,0,0
2026-06-10,2026-06-09,Ozzie Albies,ATL,L,Brandon Eisert,L,CWS,mlb_schedule,0.1257864807712586,695,1,prophetx,580.0,0.1470588235294117,-0.0213,0.126041147146356,103.4,88.1,8.9,7.707626093681505,824591,645277,0,0
2026-06-10,2026-06-09,Luisangel Acuña,CWS,R,Grant Holmes,R,CWS,mlb_schedule,0.0686891482665992,1356,1,novig,1011.0,0.09000900090009,-0.0213,0.0697202061666466,91.0,88.1,8.9,7.707626093681505,824591,682668,0,0
2026-06-10,2026-06-09,Mickey Gasper,BOS,R,Nick Martinez,R,TB,mlb_schedule,0.0710256703407484,1308,1,prophetx,980.0,0.0925925925925925,-0.0216,0.0718609688584196,110.5,,,,822969,681508,0,0
2026-06-10,2026-06-09,Jordan Walker,STL,R,Freddy Peralta,R,NYM,mlb_schedule,0.1687639953806195,493,1,prophetx,425.0,0.1904761904761904,-0.0217,0.1712517226251622,95.6,79.4,12.0,11.817693036146496,823620,691023,0,0
2026-06-10,2026-06-09,Brett Baty,NYM,L,Dustin May,R,NYM,mlb_schedule,0.0879734982201576,1037,1,novig,809.0,0.11001100110011,-0.022,0.0904944778295391,95.0,79.4,12.0,11.817693036146496,823620,683146,0,0
2026-06-10,2026-06-09,Isiah Kiner-Falefa,BOS,R,Nick Martinez,R,TB,mlb_schedule,0.0571383059750284,1650,1,betrivers,1150.0,0.08,-0.0229,0.0579959800510298,110.5,,,,822969,643396,0,0
2026-06-10,2026-06-09,Connor Norby,MIA,R,Zac Gallen,R,MIA,mlb_schedule,0.0751704519282387,1230,1,prophetx,920.0,0.0980392156862745,-0.0229,0.0794823977069111,84.5,,,,823858,681393,0,0
2026-06-10,2026-06-09,Steven Kwan,CLE,L,Gerrit Cole,R,CLE,mlb_schedule,0.035494938530679,2717,1,prophetx,1600.0,0.0588235294117647,-0.0233,0.0357119765478195,106.3,88.3,12.8,10.611680928704532,824429,680757,0,0
2026-06-10,2026-06-09,Michael Harris II,ATL,L,Brandon Eisert,L,CWS,mlb_schedule,0.1595845155796032,527,1,prophetx,445.0,0.1834862385321101,-0.0239,0.1599717267920443,103.4,88.1,8.9,7.707626093681505,824591,671739,0,0
2026-06-10,2026-06-09,Isaac Collins,KC,L,Nathan Eovaldi,R,KC,mlb_schedule,0.0592303227332418,1588,1,prophetx,1100.0,0.0833333333333333,-0.0241,0.0622323655771278,85.2,,,,824105,686555,0,0
2026-06-10,2026-06-09,Justin Crawford,PHI,L,Dylan Cease,R,TOR,mlb_schedule,0.0468297686657315,2035,1,prophetx,1300.0,0.0714285714285714,-0.0246,0.0476241694808786,108.2,,,,822805,702222,0,0
2026-06-10,2026-06-09,Trea Turner,PHI,R,Dylan Cease,R,TOR,mlb_schedule,0.0854455027562697,1070,1,novig,809.0,0.11001100110011,-0.0246,0.0858685288288338,106.3,,,,822805,607208,0,0
2026-06-10,2026-06-09,Cedric Mullins,TB,L,Payton Tolle,L,TB,mlb_schedule,0.0661975213192132,1411,1,prophetx,1000.0,0.0909090909090909,-0.0247,0.0668629512788012,99.8,,,,822969,656775,0,0
2026-06-10,2026-06-09,Owen Caissie,MIA,L,Zac Gallen,R,MIA,mlb_schedule,0.0942945928743201,961,1,prophetx,740.0,0.119047619047619,-0.0248,0.0954035459229074,91.5,,,,823858,683357,0,0
2026-06-10,2026-06-09,Zach McKinstry,DET,L,Taj Bradley,R,DET,mlb_schedule,0.0520222472782218,1822,1,prophetx,1200.0,0.0769230769230769,-0.0249,0.052904731151644,97.2,81.5,15.8,15.26162805536728,824267,656716,0,0
2026-06-10,2026-06-09,Willi Castro,COL,R,Colin Rea,R,COL,mlb_schedule,0.1120273354376095,793,1,prophetx,630.0,0.136986301369863,-0.025,0.1139966874285784,99.3,92.2,21.7,8.47886548821724,824347,650489,0,0
2026-06-10,2026-06-09,Nick Fortes,TB,R,Payton Tolle,L,TB,mlb_schedule,0.0462622651066686,2062,1,betrivers,1300.0,0.0714285714285714,-0.0252,0.0469566844598856,110.5,,,,822969,663743,0,0
2026-06-10,2026-06-09,Jared Triolo,PIT,R,Eric Lauer,L,PIT,mlb_schedule,0.0545408685769138,1733,1,novig,1150.0,0.08,-0.0255,0.0553595538400272,76.9,86.7,13.3,13.227141208398036,823374,669707,0,0
2026-06-10,2026-06-09,Francisco Alvarez,NYM,R,Dustin May,R,NYM,mlb_schedule,0.1140976814594395,776,1,novig,614.0,0.1400560224089636,-0.026,0.1160331873083953,95.6,79.4,12.0,11.817693036146496,823620,682626,0,0
2026-06-10,2026-06-09,Brandon Marsh,PHI,L,Dylan Cease,R,TOR,mlb_schedule,0.0814216590494725,1128,1,prophetx,830.0,0.1075268817204301,-0.0261,0.081958465369698,108.2,,,,822805,669016,0,0
2026-06-10,2026-06-09,Julio Rodríguez,SEA,R,Trevor Rogers,L,BAL,mlb_schedule,0.1738574524218662,475,1,betonlineag,400.0,0.2,-0.0261,0.1748443969592948,94.3,83.4,8.4,-1.169054048064549,824830,677594,0,0
2026-06-10,2026-06-09,Alec Burleson,STL,L,Freddy Peralta,R,NYM,mlb_schedule,0.1416305428781637,606,1,prophetx,495.0,0.1680672268907563,-0.0264,0.1421287121431978,95.0,79.4,12.0,11.817693036146496,823620,676475,1,1
2026-06-10,2026-06-09,Leo Jiménez,MIA,R,Zac Gallen,R,MIA,mlb_schedule,0.0622262521993001,1507,1,novig,1024.0,0.0889679715302491,-0.0267,0.0628000153374288,84.5,,,,823858,677870,0,0
2026-06-10,2026-06-09,Liam Hicks,MIA,L,Zac Gallen,R,MIA,mlb_schedule,0.0747811627862656,1237,1,prophetx,880.0,0.1020408163265306,-0.0273,0.0748771011794559,91.5,,,,823858,689414,0,0
2026-06-10,2026-06-09,Josh Jung,TEX,R,Stephen Kolek,R,KC,mlb_schedule,0.0968496407725971,933,1,prophetx,700.0,0.125,-0.0282,0.0970979020337475,83.7,,,,824105,673962,0,0
2026-06-10,2026-06-09,Yohendrick Piñango,TOR,L,Zack Wheeler,R,TOR,mlb_schedule,0.1064654664178011,839,1,novig,641.0,0.1349527665317139,-0.0285,0.107447141481865,108.2,,,,822805,682818,0,0
2026-06-10,2026-06-09,Byron Buxton,MIN,R,Troy Melton,R,DET,mlb_schedule,0.2064893779901514,384,1,novig,324.0,0.2358490566037736,-0.0294,0.2085768723165647,104.4,81.5,15.8,15.26162805536728,824267,621439,1,1
2026-06-10,2026-06-09,Austin Hedges,CLE,R,Gerrit Cole,R,CLE,mlb_schedule,0.0537492008172223,1760,1,prophetx,1100.0,0.0833333333333333,-0.0296,0.0545560027578831,95.7,88.3,12.8,10.611680928704532,824429,595978,0,0
2026-06-10,2026-06-09,Alex Freeland,LAD,R,Paul Skenes,R,PIT,mlb_schedule,0.0536459746453838,1764,1,prophetx,1100.0,0.0833333333333333,-0.0297,0.0545560027578831,76.9,86.7,13.3,13.227141208398036,823374,690976,0,0
2026-06-10,2026-06-09,Ceddanne Rafaela,BOS,R,Nick Martinez,R,TB,mlb_schedule,0.079168276538422,1163,1,novig,817.0,0.109051254089422,-0.0299,0.0795884653757699,110.5,,,,822969,678882,0,0
2026-06-10,2026-06-09,Jimmy Crooks,STL,L,Freddy Peralta,R,NYM,mlb_schedule,0.0774871581687938,1191,1,prophetx,820.0,0.108695652173913,-0.0312,0.0785165908497276,95.0,79.4,12.0,11.817693036146496,823620,699625,0,0
2026-06-10,2026-06-09,Riley Greene,DET,L,Taj Bradley,R,DET,mlb_schedule,0.1250726184263634,700,1,prophetx,540.0,0.15625,-0.0312,0.1289540116166888,97.2,81.5,15.8,15.26162805536728,824267,682985,1,1
2026-06-10,2026-06-09,Richie Palacios,TB,L,Payton Tolle,L,TB,mlb_schedule,0.0426267839901936,2246,1,prophetx,1250.0,0.074074074074074,-0.0314,0.04334988711271,99.8,,,,822969,680700,0,0
2026-06-10,2026-06-09,Freddy Fermin,SD,R,Chase Burns,R,SD,mlb_schedule,0.0552634567122649,1710,1,prophetx,1050.0,0.0869565217391304,-0.0317,0.0560929883786928,101.7,75.7,9.2,-7.442956348249515,823290,666023,0,0
2026-06-10,2026-06-09,Andrew Benintendi,CWS,L,Grant Holmes,R,CWS,mlb_schedule,0.134728661112867,642,1,prophetx,500.0,0.1666666666666666,-0.0319,0.1368594855395183,103.4,88.1,8.9,7.707626093681505,824591,643217,0,0
2026-06-10,2026-06-09,Andy Pages,LAD,R,Paul Skenes,R,PIT,mlb_schedule,0.1029118476209069,872,1,prophetx,640.0,0.1351351351351351,-0.0322,0.1032899551662805,76.9,86.7,13.3,13.227141208398036,823374,681624,1,1
2026-06-10,2026-06-09,Tristan Peters,CWS,L,Grant Holmes,R,CWS,mlb_schedule,0.0627667439983285,1493,1,novig,953.0,0.0949667616334283,-0.0322,0.0636006129783592,103.4,88.1,8.9,7.707626093681505,824591,671976,0,0
2026-06-10,2026-06-09,Andrés Giménez,TOR,L,Zack Wheeler,R,TOR,mlb_schedule,0.0472633067894791,2016,1,prophetx,1150.0,0.08,-0.0327,0.0476241694808786,108.2,,,,822805,665926,0,0
2026-06-10,2026-06-09,Vladimir Guerrero Jr.,TOR,R,Zack Wheeler,R,TOR,mlb_schedule,0.0922056280977605,985,1,prophetx,700.0,0.125,-0.0328,0.0923956709925795,106.3,,,,822805,665489,0,0
2026-06-10,2026-06-09,Juan Soto,NYM,L,Dustin May,R,NYM,mlb_schedule,0.1799311861844239,456,1,betrivers,370.0,0.2127659574468085,-0.0328,0.1807979661163598,95.0,79.4,12.0,11.817693036146496,823620,665742,0,0
2026-06-10,2026-06-09,Nathan Lukes,TOR,L,Zack Wheeler,R,TOR,mlb_schedule,0.0579750699748098,1625,1,prophetx,1000.0,0.0909090909090909,-0.0329,0.0583465405179459,108.2,,,,822805,664770,0,0
2026-06-10,2026-06-09,Ketel Marte,AZ,L,Max Meyer,R,MIA,mlb_schedule,0.1207040965241992,728,1,betrivers,550.0,0.1538461538461538,-0.0331,0.1209156413222359,91.5,,,,823858,606466,0,0
2026-06-10,2026-06-09,Max Muncy,LAD,L,Paul Skenes,R,PIT,mlb_schedule,0.1308142043935377,664,1,prophetx,510.0,0.1639344262295081,-0.0331,0.1336799906899867,90.6,86.7,13.3,13.227141208398036,823374,571970,0,0
2026-06-10,2026-06-09,Fernando Tatis Jr.,SD,R,Chase Burns,R,SD,mlb_schedule,0.1036156602294537,865,1,novig,630.0,0.136986301369863,-0.0334,0.1043558086737654,101.7,75.7,9.2,-7.442956348249515,823290,665487,0,0
2026-06-10,2026-06-09,Adolis García,PHI,R,Dylan Cease,R,TOR,mlb_schedule,0.1014530545030152,886,1,novig,641.0,0.1349527665317139,-0.0335,0.106250913349292,106.3,,,,822805,666969,0,0
2026-06-10,2026-06-09,Pavin Smith,AZ,L,Max Meyer,R,MIA,mlb_schedule,0.0700377116166565,1328,1,novig,862.0,0.1039501039501039,-0.0339,0.0706835010669968,91.5,,,,823858,656976,0,0
2026-06-10,2026-06-09,TJ Rumfield,COL,L,Colin Rea,R,COL,mlb_schedule,0.1083198553646509,823,1,prophetx,600.0,0.1428571428571428,-0.0345,0.108761428192231,113.9,92.2,21.7,8.47886548821724,824347,681198,0,0
2026-06-10,2026-06-09,Ryan McMahon,NYY,L,Slade Cecconi,R,CLE,mlb_schedule,0.1255917866851069,696,1,prophetx,520.0,0.1612903225806451,-0.0357,0.1274769811752198,106.3,88.3,12.8,10.611680928704532,824429,641857,0,0
2026-06-10,2026-06-09,Nolan Gorman,STL,L,Freddy Peralta,R,NYM,mlb_schedule,0.111277176695932,799,1,prophetx,580.0,0.1470588235294117,-0.0358,0.1168366547901069,95.0,79.4,12.0,11.817693036146496,823620,669357,0,0
2026-06-10,2026-06-09,Colt Keith,DET,L,Taj Bradley,R,DET,mlb_schedule,0.0577801894796213,1631,1,novig,964.0,0.093984962406015,-0.0362,0.0585478110670759,97.2,81.5,15.8,15.26162805536728,824267,690993,0,0
2026-06-10,2026-06-09,MJ Melendez,NYM,L,Dustin May,R,NYM,mlb_schedule,0.0953509053887841,949,1,prophetx,660.0,0.131578947368421,-0.0362,0.0967821693767462,95.0,79.4,12.0,11.817693036146496,823620,669004,0,0
2026-06-10,2026-06-09,Michael Massey,KC,L,Nathan Eovaldi,R,KC,mlb_schedule,0.0971398531372458,929,1,betrivers,650.0,0.1333333333333333,-0.0362,0.0984303758742232,85.2,,,,824105,686681,0,0
2026-06-10,2026-06-09,Kyle Tucker,LAD,L,Paul Skenes,R,PIT,mlb_schedule,0.0969649311723188,931,1,betrivers,650.0,0.1333333333333333,-0.0364,0.0984303758742232,90.6,86.7,13.3,13.227141208398036,823374,663656,0,0
2026-06-10,2026-06-09,Bryce Harper,PHI,L,Dylan Cease,R,TOR,mlb_schedule,0.1169261998822257,755,1,prophetx,550.0,0.1538461538461538,-0.0369,0.1182340117722037,108.2,,,,822805,547180,0,0
2026-06-10,2026-06-09,Austin Riley,ATL,R,Brandon Eisert,L,CWS,mlb_schedule,0.1354981519119082,638,1,prophetx,480.0,0.1724137931034483,-0.0369,0.1398156396595458,91.0,88.1,8.9,7.707626093681505,824591,663586,0,0
2026-06-10,2026-06-09,Samad Taylor,SD,R,Chase Burns,R,SD,mlb_schedule,0.0482065416508856,1974,1,prophetx,1050.0,0.0869565217391304,-0.0387,0.0487734754452427,101.7,75.7,9.2,-7.442956348249515,823290,669392,0,0
2026-06-10,2026-06-09,Caleb Durbin,BOS,R,Nick Martinez,R,TB,mlb_schedule,0.0507581022382355,1870,1,novig,1011.0,0.09000900090009,-0.0393,0.0510016176253981,110.5,,,,822969,702332,0,0
2026-06-10,2026-06-09,Troy Johnston,COL,L,Colin Rea,R,COL,mlb_schedule,0.0716842295734032,1295,1,prophetx,800.0,0.1111111111111111,-0.0394,0.0721626333646673,113.9,92.2,21.7,8.47886548821724,824347,687859,0,0
2026-06-10,2026-06-09,Ezequiel Tovar,COL,R,Colin Rea,R,COL,mlb_schedule,0.1017551277467053,883,1,betrivers,600.0,0.1428571428571428,-0.0411,0.1035604496266444,99.3,92.2,21.7,8.47886548821724,824347,678662,1,1
2026-06-10,2026-06-09,Kyle Manzardo,CLE,L,Gerrit Cole,R,CLE,mlb_schedule,0.1430662812151917,599,1,novig,441.0,0.1848428835489833,-0.0418,0.1442345813239154,106.3,88.3,12.8,10.611680928704532,824429,700932,0,0
2026-06-10,2026-06-09,Royce Lewis,MIN,R,Troy Melton,R,DET,mlb_schedule,0.100515368574723,895,1,betrivers,600.0,0.1428571428571428,-0.0423,0.1018507357219028,104.4,81.5,15.8,15.26162805536728,824267,668904,0,0
2026-06-10,2026-06-09,Rob Refsnyder,SEA,R,Trevor Rogers,L,BAL,mlb_schedule,0.1089562317009498,818,1,prophetx,560.0,0.1515151515151515,-0.0426,0.1099608731056608,94.3,83.4,8.4,-1.169054048064549,824830,608701,0,0
2026-06-10,2026-06-09,Evan Carter,TEX,L,Stephen Kolek,R,KC,mlb_schedule,0.0659629219462687,1416,1,prophetx,820.0,0.108695652173913,-0.0427,0.0682395143733412,85.2,,,,824105,694497,0,0
2026-06-10,2026-06-09,Freddie Freeman,LAD,L,Paul Skenes,R,PIT,mlb_schedule,0.1014888246443463,885,1,novig,590.0,0.144927536231884,-0.0434,0.102080047790485,90.6,86.7,13.3,13.227141208398036,823374,518692,0,0
2026-06-10,2026-06-09,Austin Wynns,ATL,R,Brandon Eisert,L,CWS,mlb_schedule,0.0752509657576213,1229,1,prophetx,740.0,0.119047619047619,-0.0438,0.0765274919981236,91.0,88.1,8.9,7.707626093681505,824591,642851,0,0
2026-06-10,2026-06-09,Marcell Ozuna,PIT,R,Eric Lauer,L,PIT,mlb_schedule,0.1143596446381096,774,1,prophetx,530.0,0.1587301587301587,-0.0444,0.1154141087310568,76.9,86.7,13.3,13.227141208398036,823374,542303,0,0
2026-06-10,2026-06-09,Cody Bellinger,NYY,L,Slade Cecconi,R,CLE,mlb_schedule,0.1494855717359508,569,1,prophetx,415.0,0.1941747572815534,-0.0447,0.1503051351136222,106.3,88.3,12.8,10.611680928704532,824429,641355,0,0
2026-06-10,2026-06-09,Ben Rice,NYY,L,Slade Cecconi,R,CLE,mlb_schedule,0.201668919390012,396,1,novig,305.0,0.2469135802469135,-0.0452,0.2050569308749398,106.3,88.3,12.8,10.611680928704532,824429,700250,0,0
2026-06-10,2026-06-09,Mike Yastrzemski,ATL,L,Brandon Eisert,L,CWS,mlb_schedule,0.0863170735622607,1059,1,prophetx,660.0,0.131578947368421,-0.0453,0.0876127352912418,103.4,88.1,8.9,7.707626093681505,824591,573262,0,0
2026-06-10,2026-06-09,Mitch Garver,SEA,R,Trevor Rogers,L,BAL,mlb_schedule,0.1123565000461975,790,1,prophetx,530.0,0.1587301587301587,-0.0464,0.1138491790370949,94.3,83.4,8.4,-1.169054048064549,824830,641598,1,1
2026-06-10,2026-06-09,Tyler O'Neill,BAL,R,Logan Gilbert,R,BAL,mlb_schedule,0.1083347157383015,823,1,novig,545.0,0.1550387596899224,-0.0467,0.1099608731056608,94.3,83.4,8.4,-1.169054048064549,824830,641933,0,0
2026-06-10,2026-06-09,Jac Caglianone,KC,L,Nathan Eovaldi,R,KC,mlb_schedule,0.1093826878878004,814,1,prophetx,540.0,0.15625,-0.0469,0.1131639817373637,85.2,,,,824105,695506,1,2
2026-06-10,2026-06-09,Taylor Ward,BAL,R,Logan Gilbert,R,BAL,mlb_schedule,0.0953162092957608,949,1,prophetx,600.0,0.1428571428571428,-0.0475,0.0972619590406414,94.3,83.4,8.4,-1.169054048064549,824830,621493,0,0
2026-06-10,2026-06-09,Josh Bell,MIN,L,Troy Melton,R,DET,mlb_schedule,0.0893391557879503,1019,1,prophetx,630.0,0.136986301369863,-0.0476,0.0903202384904653,97.2,81.5,15.8,15.26162805536728,824267,605137,1,1
2026-06-10,2026-06-09,Brandon Nimmo,TEX,L,Stephen Kolek,R,KC,mlb_schedule,0.101503796693763,885,1,novig,567.0,0.1499250374812593,-0.0484,0.1025616154792197,85.2,,,,824105,607043,0,0
2026-06-10,2026-06-09,Lars Nootbaar,STL,L,Freddy Peralta,R,NYM,mlb_schedule,0.1073352894568245,832,1,prophetx,540.0,0.15625,-0.0489,0.1083249848078067,95.0,79.4,12.0,11.817693036146496,823620,663457,0,0
2026-06-10,2026-06-09,Henry Davis,PIT,R,Eric Lauer,L,PIT,mlb_schedule,0.0853332477486377,1072,1,novig,641.0,0.1349527665317139,-0.0496,0.0867808056482835,76.9,86.7,13.3,13.227141208398036,823374,680779,0,0
2026-06-10,2026-06-09,Gavin Sheets,SD,L,Chase Burns,R,SD,mlb_schedule,0.0973554073378023,927,1,prophetx,580.0,0.1470588235294117,-0.0497,0.0988552224257884,87.8,75.7,9.2,-7.442956348249515,823290,657757,0,0
2026-06-10,2026-06-09,Jesús Sánchez,TOR,L,Zack Wheeler,R,TOR,mlb_schedule,0.1041901738251111,860,1,novig,549.0,0.1540832049306625,-0.0499,0.1050410059734965,108.2,,,,822805,660821,1,1
2026-06-10,2026-06-09,Carson Benge,NYM,L,Dustin May,R,NYM,mlb_schedule,0.0888363022926428,1026,1,prophetx,620.0,0.1388888888888889,-0.0501,0.0893142092087213,95.0,79.4,12.0,11.817693036146496,823620,701807,0,0
2026-06-10,2026-06-09,Gunnar Henderson,BAL,L,Logan Gilbert,R,BAL,mlb_schedule,0.1312727385151681,662,1,betonlineag,450.0,0.1818181818181818,-0.0505,0.132642816910508,115.6,83.4,8.4,-1.169054048064549,824830,683002,0,0
2026-06-10,2026-06-09,Dominic Smith,ATL,L,Brandon Eisert,L,CWS,mlb_schedule,0.0713238283549615,1302,1,prophetx,720.0,0.1219512195121951,-0.0506,0.0721626333646673,103.4,88.1,8.9,7.707626093681505,824591,642086,0,0
2026-06-10,2026-06-09,Ryan Ward,LAD,L,Paul Skenes,R,PIT,mlb_schedule,0.0700053448534263,1328,1,prophetx,720.0,0.1219512195121951,-0.0519,0.0709353801203692,90.6,86.7,13.3,13.227141208398036,823374,669899,0,0
2026-06-10,2026-06-09,Randy Arozarena,SEA,R,Trevor Rogers,L,BAL,mlb_schedule,0.1172876130417675,753,1,prophetx,490.0,0.1694915254237288,-0.0522,0.1188872989699155,94.3,83.4,8.4,-1.169054048064549,824830,668227,1,1
2026-06-10,2026-06-09,Kody Clemens,MIN,L,Troy Melton,R,DET,mlb_schedule,0.1240622529461688,706,1,prophetx,465.0,0.1769911504424778,-0.0529,0.12495961317265,97.2,81.5,15.8,15.26162805536728,824267,665019,1,1
2026-06-10,2026-06-09,Jazz Chisholm Jr.,NYY,L,Slade Cecconi,R,CLE,mlb_schedule,0.1405627978737404,611,1,prophetx,415.0,0.1941747572815534,-0.0536,0.1439870292505386,106.3,88.3,12.8,10.611680928704532,824429,665862,1,1
2026-06-10,2026-06-09,Colton Cowser,BAL,L,Logan Gilbert,R,BAL,mlb_schedule,0.0966925894078982,934,1,prophetx,560.0,0.1515151515151515,-0.0548,0.0974821951889286,115.6,83.4,8.4,-1.169054048064549,824830,681297,0,0
2026-06-10,2026-06-09,Vinnie Pasquantino,KC,L,Nathan Eovaldi,R,KC,mlb_schedule,0.0988472917462275,912,1,betrivers,550.0,0.1538461538461538,-0.055,0.0995663161666892,85.2,,,,824105,686469,0,0
2026-06-10,2026-06-09,Chase DeLauter,CLE,L,Gerrit Cole,R,CLE,mlb_schedule,0.0963188508033437,938,1,prophetx,550.0,0.1538461538461538,-0.0575,0.0965719627564892,106.3,88.3,12.8,10.611680928704532,824429,800050,0,0
2026-06-10,2026-06-09,Hunter Goodman,COL,R,Colin Rea,R,COL,mlb_schedule,0.204100407631364,390,1,prophetx,280.0,0.2631578947368421,-0.0591,0.2115036451876553,99.3,92.2,21.7,8.47886548821724,824347,696100,1,1
2026-06-10,2026-06-09,Trent Grisham,NYY,L,Slade Cecconi,R,CLE,mlb_schedule,0.1412741933229436,608,1,novig,395.0,0.202020202020202,-0.0607,0.1422244457869116,106.3,88.3,12.8,10.611680928704532,824429,663757,0,0
2026-06-10,2026-06-09,Austin Slater,TB,R,Payton Tolle,L,TB,mlb_schedule,0.0392693610495505,2447,1,prophetx,900.0,0.1,-0.0607,0.039631447966756,110.5,,,,822969,596103,0,0
2026-06-10,2026-06-09,Bobby Witt Jr.,KC,R,Nathan Eovaldi,R,KC,mlb_schedule,0.1382248355281213,623,1,novig,400.0,0.2,-0.0618,0.1390208383560797,83.7,,,,824105,677951,0,0
2026-06-10,2026-06-09,Rhys Hoskins,CLE,R,Gerrit Cole,R,CLE,mlb_schedule,0.1378510202649877,625,1,betrivers,400.0,0.2,-0.0621,0.1391220888443415,95.7,88.3,12.8,10.611680928704532,824429,656555,0,0
2026-06-10,2026-06-09,Jackson Merrill,SD,L,Chase Burns,R,SD,mlb_schedule,0.1045319147876406,857,1,prophetx,500.0,0.1666666666666666,-0.0621,0.1057046560952796,87.8,75.7,9.2,-7.442956348249515,823290,701538,0,0
2026-06-10,2026-06-09,Kyle Stowers,MIA,L,Zac Gallen,R,MIA,mlb_schedule,0.1041555866397251,860,1,prophetx,490.0,0.1694915254237288,-0.0653,0.1049089590684594,91.5,,,,823858,669065,0,0
2026-06-10,2026-06-09,Wyatt Langford,TEX,R,Stephen Kolek,R,KC,mlb_schedule,0.1018321472205012,882,1,novig,495.0,0.1680672268907563,-0.0662,0.1027711003196607,83.7,,,,824105,694671,0,0
2026-06-10,2026-06-09,Kerry Carpenter,DET,L,Taj Bradley,R,DET,mlb_schedule,0.1135500658729691,781,1,betonlineag,450.0,0.1818181818181818,-0.0683,0.1144773322643101,97.2,81.5,15.8,15.26162805536728,824267,681481,1,1
2026-06-10,2026-06-09,Joc Pederson,TEX,L,Stephen Kolek,R,KC,mlb_schedule,0.0955631676150046,946,1,prophetx,510.0,0.1639344262295081,-0.0684,0.0961056307489483,85.2,,,,824105,592626,0,0
2026-06-10,2026-06-09,José Ramírez,CLE,R,Gerrit Cole,R,CLE,mlb_schedule,0.1329009925253521,652,1,prophetx,395.0,0.202020202020202,-0.0691,0.1335232592869335,95.7,88.3,12.8,10.611680928704532,824429,608070,0,0
2026-06-10,2026-06-09,Willson Contreras,BOS,R,Nick Martinez,R,TB,mlb_schedule,0.1137505759979686,779,1,betrivers,440.0,0.1851851851851851,-0.0714,0.1164192297432541,110.5,,,,822969,575929,0,0
2026-06-10,2026-06-09,Shohei Ohtani,LAD,L,Paul Skenes,R,PIT,mlb_schedule,0.1399394166339785,615,1,novig,372.0,0.211864406779661,-0.0719,0.1425475414205943,90.6,86.7,13.3,13.227141208398036,823374,660271,0,0
2026-06-10,2026-06-09,Corbin Carroll,AZ,L,Max Meyer,R,MIA,mlb_schedule,0.0929064888539233,976,1,novig,506.0,0.165016501650165,-0.0721,0.0939786662125917,91.5,,,,823858,682998,1,1
2026-06-10,2026-06-09,Patrick Wisdom,SEA,R,Trevor Rogers,L,BAL,mlb_schedule,0.1277190388645288,683,1,novig,400.0,0.2,-0.0723,0.1292210806380187,94.3,83.4,8.4,-1.169054048064549,824830,621550,0,0
2026-06-10,2026-06-09,Wilyer Abreu,BOS,L,Nick Martinez,R,TB,mlb_schedule,0.0836396295218649,1096,1,prophetx,540.0,0.15625,-0.0726,0.0841157940237078,99.8,,,,822969,677800,0,0
2026-06-10,2026-06-09,Jake Burger,TEX,R,Stephen Kolek,R,KC,mlb_schedule,0.0925491704032617,981,1,prophetx,500.0,0.1666666666666666,-0.0741,0.094436242414268,83.7,,,,824105,669394,0,0
2026-06-10,2026-06-09,Kyle Higashioka,TEX,R,Stephen Kolek,R,KC,mlb_schedule,0.0908005239812511,1001,1,novig,506.0,0.165016501650165,-0.0742,0.0923408264922748,83.7,,,,824105,543309,0,0
2026-06-10,2026-06-09,Leody Taveras,BAL,L,Logan Gilbert,R,BAL,mlb_schedule,0.0410737524716262,2335,1,prophetx,760.0,0.1162790697674418,-0.0752,0.0414524769533347,115.6,83.4,8.4,-1.169054048064549,824830,665750,0,0
2026-06-10,2026-06-09,Kyle Schwarber,PHI,L,Dylan Cease,R,TOR,mlb_schedule,0.1730387454394233,478,1,betrivers,300.0,0.25,-0.077,0.1820016472976144,108.2,,,,822805,656941,0,0
2026-06-10,2026-06-09,Salvador Perez,KC,R,Nathan Eovaldi,R,KC,mlb_schedule,0.1000926465626042,899,1,prophetx,460.0,0.1785714285714285,-0.0785,0.100601614511488,83.7,,,,824105,521692,0,0
2026-06-10,2026-06-09,Dalton Rushing,LAD,L,Paul Skenes,R,PIT,mlb_schedule,0.0655480406104148,1426,1,novig,590.0,0.144927536231884,-0.0794,0.0665319489395978,90.6,86.7,13.3,13.227141208398036,823374,687221,0,0
2026-06-10,2026-06-09,Corey Seager,TEX,L,Stephen Kolek,R,KC,mlb_schedule,0.1129764215444997,785,1,prophetx,410.0,0.196078431372549,-0.0831,0.1137003087720777,85.2,,,,824105,608369,0,0
2026-06-10,2026-06-09,Carter Jensen,KC,L,Nathan Eovaldi,R,KC,mlb_schedule,0.0833340715169707,1100,1,betonlineag,500.0,0.1666666666666666,-0.0833,0.0850194387473443,85.2,,,,824105,695600,0,0
2026-06-10,2026-06-09,Junior Caminero,TB,R,Payton Tolle,L,TB,mlb_schedule,0.1245895935464098,703,1,prophetx,380.0,0.2083333333333333,-0.0837,0.1253327747065846,110.5,,,,822969,691406,0,0
2026-06-10,2026-06-09,Yandy Díaz,TB,R,Payton Tolle,L,TB,mlb_schedule,0.0692141779703214,1345,1,prophetx,530.0,0.1587301587301587,-0.0895,0.0693629365816354,110.5,,,,822969,650490,0,0
2026-06-10,2026-06-09,Ronald Acuña Jr.,ATL,R,Brandon Eisert,L,CWS,mlb_schedule,0.1224532315835004,717,1,prophetx,365.0,0.2150537634408602,-0.0926,0.1244379523984787,91.0,88.1,8.9,7.707626093681505,824591,660670,0,0
2026-06-10,2026-06-09,Sung-Mun Song,SD,L,Chase Burns,R,SD,mlb_schedule,0.0685572296945163,1359,0,,,,,0.0697202061666466,87.8,75.7,9.2,-7.442956348249515,823290,823550,0,0
2026-06-10,2026-06-09,Davis Wendzel,PIT,R,Eric Lauer,L,PIT,mlb_schedule,0.0567630348552059,1662,0,,,,,0.0575171433362738,76.9,86.7,13.3,13.227141208398036,823374,673995,0,0
2026-06-10,2026-06-09,Will Wagner,SD,L,Chase Burns,R,SD,mlb_schedule,0.0496842969916751,1913,0,,,,,0.0501424158265739,87.8,75.7,9.2,-7.442956348249515,823290,695238,0,0
2026-06-10,2026-06-09,Bryce Johnson,SD,L,Chase Burns,R,SD,mlb_schedule,0.0322404714232402,3002,0,,,,,0.0326687926537014,87.8,75.7,9.2,-7.442956348249515,823290,669369,0,0
2026-06-10,2026-06-09,Cole Carrigg,COL,L,Colin Rea,R,COL,mlb_schedule,0.016489386854879,5965,0,,,,,0.0167084517182464,113.9,92.2,21.7,8.47886548821724,824347,694249,0,0
