batter,player_name,team_abbr,opp_team,is_home,bat_order,in_lineup,pitcher_id,pitcher_name,p_throws,game_id,game_time,stadium,stand_R,p_throws_R,opp_k_pct_15,game_pk,game_date,stand,pa,ab,h,doubles,triples,hr,bb,hbp,sf,k,tb,batted_balls,barrels,hard_hits,fly_balls,ground_balls,line_drives,avg_xba,avg_xslg,target_hit_1plus,target_hit_2plus,target_tb_1plus,target_tb_2plus,target_k_1plus,target_k_2plus,batting_avg_15,obp_15,contact_rate_15,k_rate_15,babip_15,iso_15,hr_rate_15,doubles_rate_15,avg_total_bases_15,avg_k_per_game_15,hard_hit_pct_15,line_drive_pct_15,gb_pct_15,fly_ball_pct_15,barrel_pct_15,xba_15,xslg_15,p_contact_rate_allowed_10,p_babip_allowed_10,p_slg_allowed_10,p_iso_allowed_10,p_gb_pct_10,p_fb_pct_10,p_barrel_pct_allowed_10,p_hits_per9_10,p_hr_per9_10,p_k_per9_10,p_k_rate_10,p_k_1plus,p_k_2plus,adj_prob,pred_ks,book_markets,primary_line,primary_best_book,primary_best_odds,primary_book_implied,primary_has_line,primary_edge,secondary_line,secondary_best_book,secondary_best_odds,secondary_book_implied,secondary_has_line,secondary_edge,actual,hit_primary,hit_secondary,log_date,is_dome,wind_out,hit_factor,tb_factor,hr_factor,batting_avg_last_5,k_rate_last_5,xba_last_5,xslg_last_5,batting_avg_vs_R_15,slg_vs_R_15,k_rate_vs_R_15,batting_avg_vs_L_15,slg_vs_L_15,k_rate_vs_L_15,primary_side,secondary_side
664761,Alec Bohm,PHI,NYM,1,5.0,1,681035,Christian Scott,R,823440,6:10 PM ET,,1,1,0.2460176991150442,824250,2026-07-16,R,5,5,1,0,0,0,0,0,0,1,1,4,0,3,2,1,1,0.225,0.34875,1,0,1,0,1,0,0.1607142857142857,0.2769230769230769,0.7678571428571429,0.2,0.1707317073170731,0.1785714285714285,0.0307692307692307,0.0615384615384615,1.2666666666666666,0.8666666666666667,0.3953488372093023,0.3023255813953488,0.4883720930232558,0.1627906976744186,0.0465116279069767,0.286411111111111,0.5011888888888889,0.5931372549019608,0.1965317919075144,0.3944444444444444,0.1666666666666666,0.3057851239669421,0.3057851239669421,0.0330578512396694,7.741258741258741,1.3216783216783217,11.13986013986014,0.2892156862745098,0.6510910828345563,0.2633451701152534,0.6510910828345563,0.8666666666666667,"{""bet365"": {""0.5"": -150}}",0.5,bet365,-150.0,0.6,True,0.0511,1.5,,,,False,,1,True,False,2026-07-16,,,,,,,,,,,,,,,,,
669016,Brandon Marsh,PHI,NYM,1,4.0,1,681035,Christian Scott,R,823440,6:10 PM ET,,0,1,0.2460176991150442,824250,2026-07-16,L,4,3,0,0,0,0,1,0,0,1,0,2,0,0,0,2,0,0.045,0.0539999999999999,0,0,0,0,1,0,0.2258064516129032,0.2835820895522388,0.6612903225806451,0.3134328358208955,0.2702702702702703,0.2096774193548387,0.0597014925373134,0.0149253731343283,1.8,1.4,0.4390243902439024,0.2195121951219512,0.3658536585365853,0.3414634146341463,0.0975609756097561,0.3393,0.6619777777777778,0.5931372549019608,0.1965317919075144,0.3944444444444444,0.1666666666666666,0.3057851239669421,0.3057851239669421,0.0330578512396694,7.741258741258741,1.3216783216783217,11.13986013986014,0.2892156862745098,0.7179511873686112,0.3553061989646034,0.7179511873686112,1.4,"{""bet365"": {""1.5"": 160}}",0.5,,,,False,,1.5,bet365,160.0,0.3846153846153846,True,-0.0293,1,True,False,2026-07-16,,,,,,,,,,,,,,,,,
547180,Bryce Harper,PHI,NYM,1,3.0,1,681035,Christian Scott,R,823440,6:10 PM ET,,0,1,0.2460176991150442,824250,2026-07-16,L,5,5,1,0,0,0,0,0,0,1,1,4,0,1,0,4,0,0.22725,0.25075,1,0,1,0,1,0,0.2222222222222222,0.3384615384615385,0.6851851851851852,0.2615384615384615,0.2777777777777778,0.1666666666666666,0.0307692307692307,0.0461538461538461,1.4,1.1333333333333333,0.5263157894736842,0.131578947368421,0.5,0.3421052631578947,0.0263157894736842,0.3566130952380952,0.5692797619047619,0.5931372549019608,0.1965317919075144,0.3944444444444444,0.1666666666666666,0.3057851239669421,0.3057851239669421,0.0330578512396694,7.741258741258741,1.3216783216783217,11.13986013986014,0.2892156862745098,0.7021652277343652,0.3152472535334513,0.7021652277343652,1.1333333333333333,"{""bet365"": {""0.5"": -270}}",0.5,bet365,-270.0,0.7297297297297297,True,-0.0276,1.5,,,,False,,1,True,False,2026-07-16,,,,,,,,,,,,,,,,,
681082,Bryson Stott,PHI,NYM,1,6.0,1,681035,Christian Scott,R,823440,6:10 PM ET,,0,1,0.2460176991150442,824250,2026-07-16,L,4,4,2,1,0,0,0,0,0,0,3,4,0,0,1,3,0,0.308,0.33975,1,1,1,1,0,0,0.2857142857142857,0.3492063492063492,0.7857142857142857,0.1904761904761904,0.3555555555555555,0.0535714285714285,0.0,0.0158730158730158,1.2666666666666666,0.8,0.3333333333333333,0.2222222222222222,0.3777777777777777,0.3333333333333333,0.0222222222222222,0.3848655555555555,0.5227144444444444,0.5931372549019608,0.1965317919075144,0.3944444444444444,0.1666666666666666,0.3057851239669421,0.3057851239669421,0.0330578512396694,7.741258741258741,1.3216783216783217,11.13986013986014,0.2892156862745098,0.6392480143607475,0.2564001647284519,0.6392480143607475,0.8,"{""bet365"": {""0.5"": -170}}",0.5,bet365,-170.0,0.6296296296296297,True,0.0096,1.5,,,,False,,2,True,True,2026-07-16,,,,,,,,,,,,,,,,,
656537,Derek Hill,PHI,NYM,1,,0,681035,Christian Scott,R,823440,6:10 PM ET,,1,1,0.2460176991150442,824250,2026-07-16,R,4,4,0,0,0,0,0,0,0,4,0,0,0,0,0,0,0,0.2836666666666667,0.3263333333333333,0,0,0,0,1,1,0.3846153846153846,0.4146341463414634,0.6410256410256411,0.3333333333333333,0.5454545454545454,0.282051282051282,0.0714285714285714,0.0476190476190476,1.7333333333333334,0.9333333333333332,0.3846153846153846,0.3461538461538461,0.3076923076923077,0.3076923076923077,0.0769230769230769,0.4806410256410257,0.8393974358974359,0.5931372549019608,0.1965317919075144,0.3944444444444444,0.1666666666666666,0.3057851239669421,0.3057851239669421,0.0330578512396694,7.741258741258741,1.3216783216783217,11.13986013986014,0.2892156862745098,0.6458441887824184,0.2573931300932487,0.6458441887824184,0.9333333333333332,,0.5,,,,False,,1.5,,,,False,,0,False,False,2026-07-16,,,,,,,,,,,,,,,,,
624641,Edmundo Sosa,PHI,NYM,1,,0,681035,Christian Scott,R,823440,6:10 PM ET,,1,1,0.2460176991150442,824250,2026-07-16,R,4,2,0,0,0,0,1,0,0,1,0,2,0,0,1,1,0,0.011,0.015,0,0,0,0,1,0,0.2553191489361702,0.2941176470588235,0.851063829787234,0.1346153846153846,0.2564102564102564,0.1914893617021276,0.0384615384615384,0.0192307692307692,1.4,0.4666666666666667,0.4634146341463415,0.2926829268292683,0.4634146341463415,0.2195121951219512,0.0,0.3494,0.5731333333333333,0.5931372549019608,0.1965317919075144,0.3944444444444444,0.1666666666666666,0.3057851239669421,0.3057851239669421,0.0330578512396694,7.741258741258741,1.3216783216783217,11.13986013986014,0.2892156862745098,0.5213622987385399,0.1707567364788466,0.5213622987385399,0.4666666666666667,,0.5,,,,False,,1.5,,,,False,,0,False,False,2026-07-16,,,,,,,,,,,,,,,,,
687282,Gabriel Rincones Jr.,PHI,NYM,1,8.0,1,681035,Christian Scott,R,823440,6:10 PM ET,,0,1,0.2460176991150442,824249,2026-07-16,L,4,4,0,0,0,0,0,0,0,1,0,3,0,0,1,2,0,0.0843333333333333,0.0956666666666666,0,0,0,0,1,0,0.2291666666666666,0.2692307692307692,0.6875,0.2884615384615384,0.303030303030303,0.125,0.0192307692307692,0.0576923076923076,1.1333333333333333,1.0,0.4411764705882353,0.2058823529411764,0.4411764705882353,0.2647058823529412,0.0294117647058823,0.2599523809523809,0.4486369047619047,0.5931372549019608,0.1965317919075144,0.3944444444444444,0.1666666666666666,0.3057851239669421,0.3057851239669421,0.0330578512396694,7.741258741258741,1.3216783216783217,11.13986013986014,0.2892156862745098,0.6906642647532979,0.2758018718890873,0.6906642647532979,1.0,,0.5,,,,False,,1.5,,,,False,,2,True,True,2026-07-16,,,,,,,,,,,,,,,,,
596117,Garrett Stubbs,PHI,NYM,1,,0,681035,Christian Scott,R,823440,6:10 PM ET,,0,1,0.2460176991150442,824089,2026-07-16,L,1,1,1,0,0,0,0,0,0,0,1,1,0,0,1,0,0,0.531,0.553,1,0,1,0,0,0,0.1388888888888889,0.2558139534883721,0.7222222222222222,0.2325581395348837,0.1851851851851851,0.0,0.0,0.0,0.3333333333333333,0.6666666666666666,0.2962962962962963,0.2222222222222222,0.4814814814814814,0.1851851851851851,0.0,0.2294259259259259,0.2835092592592592,0.5931372549019608,0.1965317919075144,0.3944444444444444,0.1666666666666666,0.3057851239669421,0.3057851239669421,0.0330578512396694,7.741258741258741,1.3216783216783217,11.13986013986014,0.2892156862745098,0.6125196424304898,0.2474016916714116,0.6125196424304898,0.6666666666666666,,0.5,,,,False,,1.5,,,,False,,0,False,False,2026-07-16,,,,,,,,,,,,,,,,,
592663,J.T. Realmuto,PHI,NYM,1,7.0,1,681035,Christian Scott,R,823440,6:10 PM ET,,1,1,0.2460176991150442,824250,2026-07-16,R,4,3,2,1,0,0,0,1,0,0,3,3,0,2,0,1,2,0.6033333333333334,0.7480000000000001,1,1,1,1,0,0,0.1698113207547169,0.25,0.7358490566037735,0.2333333333333333,0.1842105263157894,0.1886792452830188,0.0333333333333333,0.0666666666666666,1.2666666666666666,0.9333333333333332,0.325,0.25,0.375,0.35,0.0,0.2442244444444444,0.3575233333333333,0.5931372549019608,0.1965317919075144,0.3944444444444444,0.1666666666666666,0.3057851239669421,0.3057851239669421,0.0330578512396694,7.741258741258741,1.3216783216783217,11.13986013986014,0.2892156862745098,0.6478020015549375,0.2791616797556185,0.6478020015549375,0.9333333333333332,"{""bet365"": {""0.5"": -225}}",0.5,bet365,-225.0,0.6923076923076923,True,-0.0445,1.5,,,,False,,0,False,False,2026-07-16,,,,,,,,,,,,,,,,,
702222,Justin Crawford,PHI,NYM,1,9.0,1,681035,Christian Scott,R,823440,6:10 PM ET,,0,1,0.2460176991150442,824494,2026-07-16,L,3,3,1,0,0,0,0,0,0,0,1,3,0,2,1,1,1,0.3846666666666666,0.4646666666666666,1,0,1,0,0,0,0.3469387755102041,0.3725490196078431,0.7959183673469388,0.1886792452830188,0.4358974358974359,0.0816326530612244,0.0,0.0377358490566037,1.4,0.6666666666666666,0.2926829268292683,0.3414634146341463,0.5365853658536586,0.1219512195121951,0.0,0.4203846153846153,0.5083910256410256,0.5931372549019608,0.1965317919075144,0.3944444444444444,0.1666666666666666,0.3057851239669421,0.3057851239669421,0.0330578512396694,7.741258741258741,1.3216783216783217,11.13986013986014,0.2892156862745098,0.4302600282048016,0.0852187377890089,0.4302600282048016,0.6666666666666666,"{""bet365"": {""0.5"": -140}}",0.5,bet365,-140.0,0.5833333333333334,True,-0.1531,1.5,,,,False,,0,False,False,2026-07-16,,,,,,,,,,,,,,,,,
656941,Kyle Schwarber,PHI,NYM,1,2.0,1,681035,Christian Scott,R,823440,6:10 PM ET,,0,1,0.2460176991150442,824250,2026-07-16,L,5,5,2,0,0,0,0,0,0,3,2,2,0,0,0,0,2,0.953,1.045,1,1,1,1,1,1,0.2363636363636363,0.3484848484848485,0.5636363636363636,0.3636363636363636,0.3448275862068966,0.1636363636363636,0.0454545454545454,0.0,1.4666666666666666,1.6,0.59375,0.28125,0.3125,0.25,0.0,0.3547738095238095,0.6585000000000001,0.5931372549019608,0.1965317919075144,0.3944444444444444,0.1666666666666666,0.3057851239669421,0.3057851239669421,0.0330578512396694,7.741258741258741,1.3216783216783217,11.13986013986014,0.2892156862745098,0.7653141952983725,0.3553061989646034,0.7653141952983725,1.6,"{""bet365"": {""1.5"": -110}}",0.5,,,,False,,1.5,bet365,-110.0,0.5238095238095238,True,-0.1685,1,True,False,2026-07-16,,,,,,,,,,,,,,,,,
665561,Rafael Marchán,PHI,NYM,1,,0,681035,Christian Scott,R,823440,6:10 PM ET,,0,1,0.2460176991150442,824252,2026-07-16,L,4,4,0,0,0,0,0,0,0,0,0,4,0,0,1,2,0,0.18,0.2065,0,0,0,0,0,0,0.1666666666666666,0.1935483870967742,0.9,0.0967741935483871,0.1538461538461538,0.1,0.032258064516129,0.0,0.5333333333333333,0.2,0.1481481481481481,0.2592592592592592,0.3333333333333333,0.1851851851851851,0.0,0.3073076923076923,0.3919102564102564,0.5931372549019608,0.1965317919075144,0.3944444444444444,0.1666666666666666,0.3057851239669421,0.3057851239669421,0.0330578512396694,7.741258741258741,1.3216783216783217,11.13986013986014,0.2892156862745098,0.5517412002533502,0.1534941771684376,0.5517412002533502,0.2,,0.5,,,,False,,1.5,,,,False,,0,False,False,2026-07-16,,,,,,,,,,,,,,,,,
607208,Trea Turner,PHI,NYM,1,1.0,1,681035,Christian Scott,R,823440,6:10 PM ET,,1,1,0.2460176991150442,824250,2026-07-16,R,5,4,1,0,0,0,1,0,0,1,1,3,0,1,1,1,1,0.317,0.564,1,0,1,0,1,0,0.2698412698412698,0.2985074626865671,0.7777777777777778,0.208955223880597,0.2978723404255319,0.1904761904761904,0.044776119402985,0.044776119402985,1.933333333333333,0.9333333333333332,0.46,0.18,0.44,0.32,0.04,0.2937455555555555,0.5265788888888889,0.5931372549019608,0.1965317919075144,0.3944444444444444,0.1666666666666666,0.3057851239669421,0.3057851239669421,0.0330578512396694,7.741258741258741,1.3216783216783217,11.13986013986014,0.2892156862745098,0.6635867393056912,0.2831122273320955,0.6635867393056912,0.9333333333333332,"{""bet365"": {""1.5"": 190}}",0.5,,,,False,,1.5,bet365,190.0,0.3448275862068966,True,-0.0617,1,True,False,2026-07-16,,,,,,,,,,,,,,,,,
805999,A.J. Ewing,NYM,PHI,0,1.0,1,605400,Aaron Nola,R,823440,6:10 PM ET,,0,1,0.1899827288428324,823602,2026-07-16,L,4,4,1,1,0,0,0,0,0,3,2,1,0,1,0,1,0,0.571,0.638,1,0,1,1,1,1,0.3148148148148148,0.3728813559322034,0.7592592592592593,0.2203389830508474,0.3513513513513513,0.2407407407407407,0.0677966101694915,0.0169491525423728,2.0,0.8666666666666667,0.4390243902439024,0.1463414634146341,0.4878048780487805,0.3414634146341463,0.024390243902439,0.3055611111111111,0.5823555555555555,0.7072072072072072,0.2421052631578947,0.5346534653465347,0.2475247524752475,0.4012738853503185,0.3248407643312102,0.019108280254777,10.44,2.16,9.0,0.2252252252252252,0.6090523909808035,0.2312188169875109,0.6090523909808035,0.8666666666666667,"{""bet365"": {""1.5"": 150}}",0.5,,,,False,,1.5,bet365,150.0,0.4,True,-0.1688,2,True,True,2026-07-16,,,,,,,,,,,,,,,,,
666182,Bo Bichette,NYM,PHI,0,3.0,1,605400,Aaron Nola,R,823440,6:10 PM ET,,1,1,0.1899827288428324,823602,2026-07-16,R,1,1,0,0,0,0,0,0,0,0,0,1,0,1,0,1,0,0.133,0.135,0,0,0,0,0,0,0.2678571428571428,0.3174603174603174,0.8035714285714286,0.1746031746031746,0.3191489361702128,0.0357142857142857,0.0,0.0317460317460317,1.1333333333333333,0.7333333333333333,0.3617021276595745,0.2553191489361702,0.4893617021276595,0.2127659574468085,0.0212765957446808,0.3071607142857143,0.4054857142857143,0.7072072072072072,0.2421052631578947,0.5346534653465347,0.2475247524752475,0.4012738853503185,0.3248407643312102,0.019108280254777,10.44,2.16,9.0,0.2252252252252252,0.5783327380623497,0.1852732590813225,0.5783327380623497,0.7333333333333333,"{""bet365"": {""0.5"": -180}}",0.5,bet365,-180.0,0.6428571428571429,True,-0.0645,1.5,,,,False,,1,True,False,2026-07-16,,,,,,,,,,,,,,,,,
683146,Brett Baty,NYM,PHI,0,8.0,1,605400,Aaron Nola,R,823440,6:10 PM ET,,0,1,0.1899827288428324,823602,2026-07-16,L,4,4,0,0,0,0,0,0,0,1,0,3,0,1,1,2,0,0.2383333333333333,0.2823333333333333,0,0,0,0,1,0,0.2549019607843137,0.3220338983050847,0.7450980392156863,0.2203389830508474,0.3076923076923077,0.1372549019607843,0.0169491525423728,0.0677966101694915,1.3333333333333333,0.8666666666666667,0.475,0.3,0.4,0.275,0.025,0.3980166666666667,0.6296333333333333,0.7072072072072072,0.2421052631578947,0.5346534653465347,0.2475247524752475,0.4012738853503185,0.3248407643312102,0.019108280254777,10.44,2.16,9.0,0.2252252252252252,0.596921709096886,0.2072336598093681,0.596921709096886,0.8666666666666667,"{""bet365"": {""1.5"": 190}}",0.5,,,,False,,1.5,bet365,190.0,0.3448275862068966,True,-0.1376,0,False,False,2026-07-16,,,,,,,,,,,,,,,,,
701807,Carson Benge,NYM,PHI,0,5.0,1,605400,Aaron Nola,R,823440,6:10 PM ET,,0,1,0.1899827288428324,823602,2026-07-16,L,4,4,0,0,0,0,0,0,0,3,0,1,0,1,0,1,0,0.313,0.336,0,0,0,0,1,1,0.3166666666666666,0.3787878787878788,0.8166666666666667,0.1666666666666666,0.3617021276595745,0.1333333333333333,0.0303030303030303,0.0303030303030303,1.8,0.7333333333333333,0.3469387755102041,0.2653061224489796,0.4693877551020408,0.2244897959183673,0.0204081632653061,0.4264111111111111,0.5868888888888889,0.7072072072072072,0.2421052631578947,0.5346534653465347,0.2475247524752475,0.4012738853503185,0.3248407643312102,0.019108280254777,10.44,2.16,9.0,0.2252252252252252,0.591451195731844,0.1839598004196245,0.591451195731844,0.7333333333333333,"{""bet365"": {""0.5"": -240}}",0.5,bet365,-240.0,0.7058823529411765,True,-0.1144,1.5,,,,False,,0,False,False,2026-07-16,,,,,,,,,,,,,,,,,
676572,Eric Wagaman,NYM,PHI,0,,0,605400,Aaron Nola,R,823440,6:10 PM ET,,1,1,0.1899827288428324,823602,2026-07-16,R,3,3,0,0,0,0,0,0,0,1,0,2,0,0,0,2,0,0.0925,0.095,0,0,0,0,1,0,0.1851851851851851,0.2903225806451613,0.7407407407407407,0.21875,0.2105263157894736,0.1111111111111111,0.03125,0.0,0.5333333333333333,0.4666666666666667,0.25,0.3,0.5,0.15,0.05,0.2675,0.3533181818181818,0.7072072072072072,0.2421052631578947,0.5346534653465347,0.2475247524752475,0.4012738853503185,0.3248407643312102,0.019108280254777,10.44,2.16,9.0,0.2252252252252252,0.3731311231096805,0.1095815387116528,0.3731311231096805,0.4666666666666667,,0.5,,,,False,,1.5,,,,False,,0,False,False,2026-07-16,,,,,,,,,,,,,,,,,
682626,Francisco Alvarez,NYM,PHI,0,9.0,1,605400,Aaron Nola,R,823440,6:10 PM ET,,1,1,0.1899827288428324,823603,2026-07-16,R,4,3,2,0,0,0,1,0,0,1,2,2,0,1,0,1,1,0.4075,0.452,1,1,1,1,1,0,0.2222222222222222,0.2758620689655172,0.6481481481481481,0.3275862068965517,0.28125,0.2037037037037037,0.0517241379310344,0.0344827586206896,1.5333333333333334,1.2666666666666666,0.3714285714285714,0.1714285714285714,0.4571428571428571,0.2285714285714285,0.0,0.3449166666666666,0.7149940476190475,0.7072072072072072,0.2421052631578947,0.5346534653465347,0.2475247524752475,0.4012738853503185,0.3248407643312102,0.019108280254777,10.44,2.16,9.0,0.2252252252252252,0.5547998581179808,0.1845885898403054,0.5547998581179808,1.2666666666666666,"{""bet365"": {""1.5"": 160}}",0.5,,,,False,,1.5,bet365,160.0,0.3846153846153846,True,-0.2,1,True,False,2026-07-16,,,,,,,,,,,,,,,,,
596019,Francisco Lindor,NYM,PHI,0,4.0,1,605400,Aaron Nola,R,823440,6:10 PM ET,,1,1,0.1899827288428324,823602,2026-07-16,R,3,3,1,1,0,0,0,0,0,0,2,3,0,1,1,0,1,0.1703333333333333,0.4053333333333333,1,0,1,1,0,0,0.1951219512195122,0.2826086956521739,0.8048780487804879,0.1739130434782608,0.1935483870967742,0.1463414634146341,0.0434782608695652,0.0,0.9333333333333332,0.5333333333333333,0.6060606060606061,0.1818181818181818,0.5151515151515151,0.2727272727272727,0.0303030303030303,0.3266515151515151,0.6246136363636363,0.7072072072072072,0.2421052631578947,0.5346534653465347,0.2475247524752475,0.4012738853503185,0.3248407643312102,0.019108280254777,10.44,2.16,9.0,0.2252252252252252,0.4501599475572307,0.1576015784135848,0.4501599475572307,0.5333333333333333,"{""bet365"": {""0.5"": -270}}",0.5,bet365,-270.0,0.7297297297297297,True,-0.2796,1.5,,,,False,,0,False,False,2026-07-16,,,,,,,,,,,,,,,,,
676724,Jared Young,NYM,PHI,0,7.0,1,605400,Aaron Nola,R,823440,6:10 PM ET,,0,1,0.1899827288428324,823602,2026-07-16,L,1,1,1,0,0,0,0,0,0,0,1,1,0,1,0,0,1,0.829,1.041,1,0,1,0,0,0,0.2608695652173913,0.3461538461538461,0.8043478260869565,0.173076923076923,0.3055555555555556,0.1304347826086956,0.0192307692307692,0.0576923076923076,1.2,0.6,0.3783783783783784,0.2702702702702703,0.3513513513513513,0.2702702702702703,0.0,0.2582944444444444,0.48554,0.7072072072072072,0.2421052631578947,0.5346534653465347,0.2475247524752475,0.4012738853503185,0.3248407643312102,0.019108280254777,10.44,2.16,9.0,0.2252252252252252,0.5444421964342289,0.1605398143835081,0.5444421964342289,0.6,"{""bet365"": {""0.5"": -240}}",0.5,bet365,-240.0,0.7058823529411765,True,-0.1614,1.5,,,,False,,2,True,True,2026-07-16,,,,,,,,,,,,,,,,,
593871,Jorge Polanco,NYM,PHI,0,6.0,1,605400,Aaron Nola,R,823440,6:10 PM ET,,0,1,0.1899827288428324,823602,2026-07-16,L,1,1,0,0,0,0,0,0,0,1,0,0,0,0,0,0,0,0.2883333333333333,0.3243333333333333,0,0,0,0,1,0,0.2,0.217391304347826,0.8222222222222222,0.1739130434782608,0.2222222222222222,0.1111111111111111,0.0217391304347826,0.0434782608695652,0.9333333333333332,0.5333333333333333,0.2702702702702703,0.1351351351351351,0.4594594594594595,0.2972972972972973,0.027027027027027,0.2167083333333333,0.3029583333333333,0.7072072072072072,0.2421052631578947,0.5346534653465347,0.2475247524752475,0.4012738853503185,0.3248407643312102,0.019108280254777,10.44,2.16,9.0,0.2252252252252252,0.5137893691983709,0.1605398143835081,0.5137893691983709,0.5333333333333333,"{""bet365"": {""0.5"": -220}}",0.5,bet365,-220.0,0.6875,True,-0.1737,1.5,,,,False,,1,True,False,2026-07-16,,,,,,,,,,,,,,,,,
665742,Juan Soto,NYM,PHI,0,2.0,1,605400,Aaron Nola,R,823440,6:10 PM ET,,0,1,0.1899827288428324,823602,2026-07-16,L,4,4,0,0,0,0,0,0,0,1,0,3,0,1,2,1,0,0.3573333333333333,0.8973333333333332,0,0,0,0,1,0,0.2708333333333333,0.4545454545454545,0.8333333333333334,0.1212121212121212,0.2432432432432432,0.3125,0.0606060606060606,0.0151515151515151,1.8666666666666667,0.5333333333333333,0.4146341463414634,0.2926829268292683,0.2682926829268293,0.3658536585365853,0.0975609756097561,0.4035166666666666,0.910838888888889,0.7072072072072072,0.2421052631578947,0.5346534653465347,0.2475247524752475,0.4012738853503185,0.3248407643312102,0.019108280254777,10.44,2.16,9.0,0.2252252252252252,0.5534523646146158,0.1590271499855746,0.5534523646146158,0.5333333333333333,"{""bet365"": {""0.5"": -220}}",0.5,bet365,-220.0,0.6875,True,-0.134,1.5,,,,False,,0,False,False,2026-07-16,,,,,,,,,,,,,,,,,
620443,Luis Torrens,NYM,PHI,0,,0,605400,Aaron Nola,R,823440,6:10 PM ET,,1,1,0.1899827288428324,823602,2026-07-16,R,3,3,1,0,0,0,0,0,0,2,1,1,0,0,0,0,1,0.649,0.697,1,0,1,0,1,1,0.2127659574468085,0.2884615384615384,0.8085106382978723,0.173076923076923,0.2432432432432432,0.0851063829787234,0.0192307692307692,0.0192307692307692,0.9333333333333332,0.6,0.2368421052631578,0.2368421052631578,0.5789473684210527,0.1052631578947368,0.0,0.24425,0.3373809523809524,0.7072072072072072,0.2421052631578947,0.5346534653465347,0.2475247524752475,0.4012738853503185,0.3248407643312102,0.019108280254777,10.44,2.16,9.0,0.2252252252252252,0.4776940788488565,0.1521907029669811,0.4776940788488565,0.6,,0.5,,,,False,,1.5,,,,False,,0,False,False,2026-07-16,,,,,,,,,,,,,,,,,
543760,Marcus Semien,NYM,PHI,0,,0,605400,Aaron Nola,R,823440,6:10 PM ET,,1,1,0.1899827288428324,823611,2026-07-16,R,4,4,1,0,0,0,0,0,0,1,1,3,0,0,1,1,0,0.0886666666666666,0.1043333333333333,1,0,1,0,1,0,0.2181818181818181,0.3064516129032258,0.6909090909090909,0.2741935483870967,0.2571428571428571,0.2,0.0483870967741935,0.0,1.5333333333333334,1.1333333333333333,0.3421052631578947,0.3421052631578947,0.2368421052631578,0.2894736842105263,0.0526315789473684,0.3336222222222222,0.5563166666666667,0.7072072072072072,0.2421052631578947,0.5346534653465347,0.2475247524752475,0.4012738853503185,0.3248407643312102,0.019108280254777,10.44,2.16,9.0,0.2252252252252252,0.6548075117890401,0.2625622042257778,0.6548075117890401,1.1333333333333333,,0.5,,,,False,,1.5,,,,False,,0,False,False,2026-07-16,,,,,,,,,,,,,,,,,
621438,Tyrone Taylor,NYM,PHI,0,,0,605400,Aaron Nola,R,823440,6:10 PM ET,,1,1,0.1899827288428324,823602,2026-07-16,R,4,3,1,1,0,0,1,0,0,1,2,2,0,1,1,0,1,0.3899999999999999,0.818,1,0,1,1,1,0,0.2702702702702703,0.3076923076923077,0.8108108108108109,0.175,0.2592592592592592,0.3243243243243243,0.075,0.075,1.4666666666666666,0.4666666666666667,0.2903225806451613,0.1290322580645161,0.3870967741935484,0.3548387096774194,0.1290322580645161,0.265525641025641,0.5311410256410257,0.7072072072072072,0.2421052631578947,0.5346534653465347,0.2475247524752475,0.4012738853503185,0.3248407643312102,0.019108280254777,10.44,2.16,9.0,0.2252252252252252,0.3784217976124136,0.1107411377083627,0.3784217976124136,0.4666666666666667,,0.5,,,,False,,1.5,,,,False,,1,True,False,2026-07-16,,,,,,,,,,,,,,,,,
666126,Carlos Cortes,ATH,WSH,1,1.0,1,676917,Cade Cavalli,R,824981,9:40 PM ET,Sutter Health Park,0,1,0.2653429602888086,824981,2026-07-17,L,2,2,1,0,0,0,0,0,0,1,1,1,0,1,0,1,0,0.283,0.3,1,0,1,0,1,0,0.1666666666666666,0.1860465116279069,0.7142857142857143,0.2790697674418604,0.2333333333333333,0.0476190476190476,0.0,0.0465116279069767,0.6,0.8,0.3333333333333333,0.3,0.4,0.2666666666666666,0.0,0.2488375,0.3434708333333334,0.6486486486486487,0.2256410256410256,0.3762376237623762,0.1237623762376237,0.5416666666666666,0.2083333333333333,0.0277777777777777,8.770700636942676,1.2038216560509556,10.490445859872612,0.2747747747747748,0.6565972612205033,0.2747271584184952,0.6565972612205033,0.8,"{""bet365"": {""0.5"": {""over"": -160, ""under"": 120}}}",0.5,bet365,-160.0,0.6153846153846154,True,0.0412,1.5,,,,False,,1,True,False,2026-07-18,0.0,1.0,106.1,109.2,113.8,0.2857142857142857,0.2666666666666666,0.2479374999999999,0.396375,0.1666666666666666,0.2142857142857142,0.2790697674418604,0.2777777777777778,0.3333333333333333,0.2857142857142857,over,
622268,Donovan Walton,ATH,WSH,1,7.0,1,676917,Cade Cavalli,R,824981,9:40 PM ET,Sutter Health Park,0,1,0.2653429602888086,824981,2026-07-17,L,1,1,1,1,0,0,0,0,0,0,2,1,0,1,0,0,1,0.331,0.513,1,0,1,1,0,0,0.3469387755102041,0.3846153846153846,0.8163265306122449,0.173076923076923,0.3783783783783784,0.2653061224489796,0.0576923076923076,0.0769230769230769,2.0,0.6,0.35,0.35,0.375,0.225,0.0,0.3179733333333333,0.4571922222222222,0.6486486486486487,0.2256410256410256,0.3762376237623762,0.1237623762376237,0.5416666666666666,0.2083333333333333,0.0277777777777777,8.770700636942676,1.2038216560509556,10.490445859872612,0.2747747747747748,0.5012209408300182,0.1756222844580924,0.5012209408300182,0.6,"{""bet365"": {""0.5"": {""over"": -155, ""under"": 115}}, ""betmgm"": {""0.5"": {""over"": -120}}}",0.5,betmgm,-120.0,0.5454545454545454,True,-0.0442,1.5,,,,False,,1,True,False,2026-07-18,0.0,1.0,106.1,109.2,113.8,0.1875,0.3333333333333333,0.3257666666666666,0.4262666666666666,0.3265306122448979,0.5306122448979592,0.2075471698113207,0.1714285714285714,0.3428571428571428,0.1081081081081081,over,
703607,Henry Bolte,ATH,WSH,1,8.0,1,676917,Cade Cavalli,R,824981,9:40 PM ET,Sutter Health Park,1,1,0.2653429602888086,824981,2026-07-17,R,3,3,0,0,0,0,0,0,0,1,0,2,0,2,0,2,0,0.4335,0.4765,0,0,0,0,1,0,0.1785714285714285,0.2333333333333333,0.7142857142857143,0.2622950819672131,0.2307692307692307,0.0535714285714285,0.0163934426229508,0.0,0.8666666666666667,1.0666666666666669,0.35,0.125,0.7,0.15,0.0,0.2736544444444444,0.4299788888888889,0.6486486486486487,0.2256410256410256,0.3762376237623762,0.1237623762376237,0.5416666666666666,0.2083333333333333,0.0277777777777777,8.770700636942676,1.2038216560509556,10.490445859872612,0.2747747747747748,0.7037144119703461,0.3067804146547998,0.7037144119703461,1.0666666666666669,"{""betmgm"": {""0.5"": {""over"": -250}}, ""bet365"": {""1.5"": {""over"": 300, ""under"": -450}}}",0.5,betmgm,-250.0,0.7142857142857143,True,-0.0106,1.5,bet365,300.0,0.25,True,0.0568,1,True,False,2026-07-18,0.0,1.0,106.1,109.2,113.8,0.0666666666666666,0.3529411764705882,0.2169,0.3934666666666666,0.2857142857142857,0.3877551020408163,0.2372881355932203,0.1929824561403508,0.3157894736842105,0.360655737704918,over,over
805779,Jacob Wilson,ATH,WSH,1,2.0,1,676917,Cade Cavalli,R,824981,9:40 PM ET,Sutter Health Park,1,1,0.2653429602888086,824981,2026-07-17,R,4,4,1,0,0,0,0,0,0,0,1,4,0,2,1,1,2,0.3705,0.5695,1,0,1,0,0,0,0.2678571428571428,0.3278688524590163,0.875,0.1147540983606557,0.2916666666666667,0.125,0.0163934426229508,0.0327868852459016,1.4666666666666666,0.4666666666666667,0.2448979591836734,0.2653061224489796,0.5510204081632653,0.1632653061224489,0.0,0.3374444444444445,0.4136166666666667,0.6486486486486487,0.2256410256410256,0.3762376237623762,0.1237623762376237,0.5416666666666666,0.2083333333333333,0.0277777777777777,8.770700636942676,1.2038216560509556,10.490445859872612,0.2747747747747748,0.5073963672633948,0.1047487184750653,0.5073963672633948,0.4666666666666667,"{""bet365"": {""0.5"": {""over"": 132, ""under"": -175}}}",0.5,bet365,132.0,0.4310344827586206,True,0.0764,1.5,,,,False,,1,True,False,2026-07-18,0.0,1.0,106.1,109.2,113.8,0.3333333333333333,0.1052631578947368,0.3641333333333333,0.4277499999999999,0.2727272727272727,0.4363636363636363,0.15,0.2758620689655172,0.3448275862068966,0.0923076923076923,over,
811965,Joshua Kuroda-Grauer,ATH,WSH,1,5.0,1,676917,Cade Cavalli,R,824981,9:40 PM ET,Sutter Health Park,1,1,0.2653429602888086,824981,2026-07-17,R,4,4,1,1,0,0,0,0,0,0,2,4,0,3,0,2,1,0.33325,0.47675,1,0,1,1,0,0,0.4130434782608695,0.425531914893617,0.8478260869565217,0.1489361702127659,0.4871794871794871,0.108695652173913,0.0,0.1063829787234042,1.8461538461538465,0.5384615384615384,0.282051282051282,0.282051282051282,0.5384615384615384,0.1538461538461538,0.0,0.3205530303030303,0.3906212121212121,0.6486486486486487,0.2256410256410256,0.3762376237623762,0.1237623762376237,0.5416666666666666,0.2083333333333333,0.0277777777777777,8.770700636942676,1.2038216560509556,10.490445859872612,0.2747747747747748,0.5747279846472924,0.2434652439539459,0.5747279846472924,0.5384615384615384,"{""bet365"": {""0.5"": {""over"": -150, ""under"": 110}}}",0.5,bet365,-150.0,0.6,True,-0.0253,1.5,,,,False,,1,True,False,2026-07-18,0.0,1.0,106.1,109.2,113.8,0.4736842105263157,0.1578947368421052,0.3116,0.376,0.4090909090909091,0.4545454545454545,0.217391304347826,0.4,0.55,0.1,over,
671732,Lawrence Butler,ATH,WSH,1,6.0,1,676917,Cade Cavalli,R,824981,9:40 PM ET,Sutter Health Park,0,1,0.2653429602888086,824981,2026-07-17,L,4,4,0,0,0,0,0,0,0,2,0,2,0,0,0,2,0,0.068,0.0785,0,0,0,0,1,1,0.2325581395348837,0.4,0.6976744186046512,0.2363636363636363,0.3333333333333333,0.0697674418604651,0.0,0.0545454545454545,0.8666666666666667,0.8666666666666667,0.4666666666666667,0.3333333333333333,0.5333333333333333,0.1333333333333333,0.0,0.334422619047619,0.4231607142857143,0.6486486486486487,0.2256410256410256,0.3762376237623762,0.1237623762376237,0.5416666666666666,0.2083333333333333,0.0277777777777777,8.770700636942676,1.2038216560509556,10.490445859872612,0.2747747747747748,0.7093016082884223,0.3320207908052833,0.7093016082884223,0.8666666666666667,"{""bet365"": {""1.5"": {""over"": 210, ""under"": -300}}}",0.5,,,,False,,1.5,bet365,210.0,0.3225806451612903,True,0.0094,2,True,True,2026-07-18,0.0,1.0,106.1,109.2,113.8,0.1538461538461538,0.2352941176470588,0.29,0.3281000000000001,0.2439024390243902,0.4146341463414634,0.3125,0.1578947368421052,0.1578947368421052,0.25,,over
669127,Shea Langeliers,ATH,WSH,1,4.0,1,676917,Cade Cavalli,R,824981,9:40 PM ET,Sutter Health Park,1,1,0.2653429602888086,824981,2026-07-17,R,4,4,1,0,0,1,0,0,0,0,4,4,1,3,1,3,0,0.39575,1.0215,1,0,1,1,0,0,0.1851851851851851,0.2786885245901639,0.5555555555555556,0.3934426229508196,0.3103448275862069,0.0555555555555555,0.0163934426229508,0.0,0.8666666666666667,1.6,0.5,0.2333333333333333,0.4,0.3333333333333333,0.0666666666666666,0.3749102564102564,0.5891666666666666,0.6486486486486487,0.2256410256410256,0.3762376237623762,0.1237623762376237,0.5416666666666666,0.2083333333333333,0.0277777777777777,8.770700636942676,1.2038216560509556,10.490445859872612,0.2747747747747748,0.7261983496534258,0.2676904367159581,0.7261983496534258,1.6,"{""bet365"": {""1.5"": {""over"": 202, ""under"": -280}}}",0.5,,,,False,,1.5,bet365,202.0,0.3311258278145695,True,-0.0634,3,True,True,2026-07-18,0.0,1.0,106.1,109.2,113.8,0.125,0.5263157894736842,0.4639999999999999,0.611,0.1639344262295081,0.2950819672131147,0.25,0.2542372881355932,0.5254237288135594,0.2714285714285714,,over
695720,Tommy White,ATH,WSH,1,9.0,1,676917,Cade Cavalli,R,824981,9:40 PM ET,Sutter Health Park,1,1,0.2653429602888086,824981,2026-07-17,R,4,2,1,0,0,0,2,0,0,0,1,2,0,1,0,2,0,,,1,0,1,0,0,0,,,,,,,,,,,,,,,,,,0.6486486486486487,0.2256410256410256,0.3762376237623762,0.1237623762376237,0.5416666666666666,0.2083333333333333,0.0277777777777777,8.770700636942676,1.2038216560509556,10.490445859872612,0.2747747747747748,0.358792357303418,0.0450729937013567,0.358792357303418,,"{""bet365"": {""0.5"": {""over"": -180, ""under"": 135}}, ""betmgm"": {""0.5"": {""over"": -120}}}",0.5,betmgm,-120.0,0.5454545454545454,True,-0.1867,1.5,,,,False,,0,False,False,2026-07-18,0.0,1.0,106.1,109.2,113.8,0.0,0.3333333333333333,,,,,,,,,over,
691016,Tyler Soderstrom,ATH,WSH,1,3.0,1,676917,Cade Cavalli,R,824981,9:40 PM ET,Sutter Health Park,0,1,0.2653429602888086,824981,2026-07-17,L,4,3,0,0,0,0,1,0,0,0,0,3,0,2,0,3,0,0.333,0.3816666666666666,0,0,0,0,0,0,0.2553191489361702,0.3859649122807017,0.7872340425531915,0.1724137931034483,0.2857142857142857,0.1702127659574468,0.0344827586206896,0.0344827586206896,1.3333333333333333,0.6666666666666666,0.4324324324324324,0.3783783783783784,0.4324324324324324,0.1351351351351351,0.027027027027027,0.3884523809523809,0.6356607142857144,0.6486486486486487,0.2256410256410256,0.3762376237623762,0.1237623762376237,0.5416666666666666,0.2083333333333333,0.0277777777777777,8.770700636942676,1.2038216560509556,10.490445859872612,0.2747747747747748,0.6077136009210505,0.2218576065501831,0.6077136009210505,0.6666666666666666,"{""bet365"": {""0.5"": {""over"": -200, ""under"": 150}}}",0.5,bet365,-200.0,0.6666666666666666,True,-0.059,1.5,,,,False,,2,True,True,2026-07-18,0.0,1.0,106.1,109.2,113.8,0.1818181818181818,0.2307692307692307,0.5987499999999999,1.1727500000000002,0.24,0.44,0.1639344262295081,0.3673469387755102,0.7755102040816326,0.1864406779661017,over,
665953,Andrés Chaparro,WSH,ATH,0,3.0,1,695611,Gage Jump,L,824981,9:40 PM ET,Sutter Health Park,1,0,0.214527027027027,824981,2026-07-17,R,1,1,0,0,0,0,0,0,0,0,0,1,0,0,0,1,0,0.055,0.055,0,0,0,0,0,0,0.1666666666666666,0.2647058823529412,0.6,0.3529411764705882,0.2352941176470588,0.1333333333333333,0.0294117647058823,0.0294117647058823,0.6,0.8,0.6111111111111112,0.0555555555555555,0.5555555555555556,0.3333333333333333,0.0,0.3324545454545454,0.6524090909090909,0.6775956284153005,0.2484076433121019,0.391304347826087,0.124223602484472,0.3790322580645161,0.282258064516129,0.0241935483870967,9.0,0.8372093023255813,8.58139534883721,0.2265193370165746,0.4552759440276375,0.1540299733942758,0.4552759440276375,0.8,"{""bet365"": {""0.5"": {""over"": -220, ""under"": 160}}}",0.5,bet365,-220.0,0.6875,True,-0.2322,1.5,,,,False,,0,False,False,2026-07-18,0.0,1.0,106.1,109.2,113.8,0.25,0.625,0.5407500000000001,1.6337499999999998,0.1081081081081081,0.1351351351351351,0.2142857142857142,0.1666666666666666,0.3,0.3142857142857143,over,
682928,CJ Abrams,WSH,ATH,0,4.0,1,695611,Gage Jump,L,824981,9:40 PM ET,Sutter Health Park,0,0,0.214527027027027,824981,2026-07-17,L,4,4,1,0,0,0,0,0,0,1,1,3,0,2,0,2,1,0.4453333333333333,0.521,1,0,1,0,1,0,0.2222222222222222,0.2857142857142857,0.6666666666666666,0.2857142857142857,0.25,0.2037037037037037,0.0476190476190476,0.0317460317460317,1.5333333333333334,1.2,0.358974358974359,0.2307692307692307,0.1794871794871795,0.3846153846153846,0.0256410256410256,0.2923095238095238,0.5094047619047619,0.6775956284153005,0.2484076433121019,0.391304347826087,0.124223602484472,0.3790322580645161,0.282258064516129,0.0241935483870967,9.0,0.8372093023255813,8.58139534883721,0.2265193370165746,0.6934125559645504,0.2801476371963599,0.6934125559645504,1.2,"{""bet365"": {""0.5"": {""over"": -270, ""under"": 195}}}",0.5,bet365,-270.0,0.7297297297297297,True,-0.0363,1.5,,,,False,,0,False,False,2026-07-18,0.0,1.0,106.1,109.2,113.8,0.3888888888888889,0.1739130434782608,0.5009833333333333,0.8644333333333334,0.2413793103448276,0.5344827586206896,0.2258064516129032,0.2745098039215686,0.4705882352941176,0.21875,over,
678554,Curtis Mead,WSH,ATH,0,2.0,1,695611,Gage Jump,L,824981,9:40 PM ET,Sutter Health Park,1,0,0.214527027027027,824981,2026-07-17,R,2,2,1,0,0,1,0,0,0,0,4,2,1,1,1,0,0,0.43,1.521,1,0,1,1,0,0,0.3275862068965517,0.390625,0.7931034482758621,0.1875,0.3571428571428571,0.293103448275862,0.0625,0.046875,2.4,0.8,0.4130434782608695,0.2826086956521739,0.3695652173913043,0.2608695652173913,0.0,0.4059833333333333,0.6789611111111111,0.6775956284153005,0.2484076433121019,0.391304347826087,0.124223602484472,0.3790322580645161,0.282258064516129,0.0241935483870967,9.0,0.8372093023255813,8.58139534883721,0.2265193370165746,0.609185343297581,0.2247633784697826,0.609185343297581,0.8,"{""bet365"": {""0.5"": {""over"": -220, ""under"": 160}}}",0.5,bet365,-220.0,0.6875,True,-0.0783,1.5,,,,False,,1,True,False,2026-07-18,0.0,1.0,106.1,109.2,113.8,0.4,0.1739130434782608,0.4158666666666666,0.7123,0.2075471698113207,0.4716981132075472,0.1639344262295081,0.2678571428571428,0.5,0.2131147540983606,over,
695734,Daylen Lile,WSH,ATH,0,7.0,1,695611,Gage Jump,L,824981,9:40 PM ET,Sutter Health Park,0,0,0.214527027027027,824981,2026-07-17,L,4,4,0,0,0,0,0,0,0,0,0,4,1,1,2,1,1,0.32875,0.8222499999999999,0,0,0,0,0,0,0.25,0.2631578947368421,0.75,0.2456140350877192,0.3,0.1964285714285714,0.0350877192982456,0.087719298245614,1.6666666666666667,0.9333333333333332,0.4047619047619047,0.3095238095238095,0.2857142857142857,0.3333333333333333,0.0238095238095238,0.3252059523809524,0.5007357142857143,0.6775956284153005,0.2484076433121019,0.391304347826087,0.124223602484472,0.3790322580645161,0.282258064516129,0.0241935483870967,9.0,0.8372093023255813,8.58139534883721,0.2265193370165746,0.5988151831710248,0.1775901463803283,0.5988151831710248,0.9333333333333332,"{""bet365"": {""0.5"": {""over"": -150, ""under"": 110}}}",0.5,bet365,-150.0,0.6,True,-0.0012,1.5,,,,False,,2,True,True,2026-07-18,0.0,1.0,106.1,109.2,113.8,0.1111111111111111,0.3157894736842105,0.3107,0.4846375,0.2,0.3636363636363636,0.2321428571428571,0.3035714285714285,0.4285714285714285,0.1428571428571428,over,
686611,Dylan Crews,WSH,ATH,0,5.0,1,695611,Gage Jump,L,824981,9:40 PM ET,Sutter Health Park,1,0,0.214527027027027,824981,2026-07-17,R,4,4,0,0,0,0,0,0,0,2,0,2,0,0,0,1,1,0.3555,0.3835,0,0,0,0,1,1,0.2264150943396226,0.3278688524590163,0.7358490566037735,0.2295081967213114,0.2894736842105263,0.0754716981132075,0.0163934426229508,0.0163934426229508,1.0666666666666669,0.9333333333333332,0.4102564102564102,0.1538461538461538,0.5128205128205128,0.282051282051282,0.0512820512820512,0.2892794871794871,0.4625371794871794,0.6775956284153005,0.2484076433121019,0.391304347826087,0.124223602484472,0.3790322580645161,0.282258064516129,0.0241935483870967,9.0,0.8372093023255813,8.58139534883721,0.2265193370165746,0.6060289895074453,0.2162576349678457,0.6060289895074453,0.9333333333333332,"{""bet365"": {""0.5"": {""over"": -245, ""under"": 182}}}",0.5,bet365,-245.0,0.7101449275362319,True,-0.1041,1.5,,,,False,,3,True,True,2026-07-18,0.0,1.0,106.1,109.2,113.8,0.0625,0.2222222222222222,0.1544583333333333,0.2449791666666665,0.175438596491228,0.2631578947368421,0.2258064516129032,0.3269230769230769,0.5769230769230769,0.1551724137931034,over,
695670,Harry Ford,WSH,ATH,0,6.0,1,695611,Gage Jump,L,824981,9:40 PM ET,Sutter Health Park,1,0,0.214527027027027,824981,2026-07-17,R,4,4,1,0,0,0,0,0,0,2,1,2,0,2,1,1,0,0.519,1.2425,1,0,1,0,1,1,0.0,0.2727272727272727,0.5,0.2727272727272727,0.0,0.0,0.0,0.0,0.0,0.375,0.0,0.0,0.4,0.6,0.0,,,0.6775956284153005,0.2484076433121019,0.391304347826087,0.124223602484472,0.3790322580645161,0.282258064516129,0.0241935483870967,9.0,0.8372093023255813,8.58139534883721,0.2265193370165746,0.5337457151649639,0.1364425982765576,0.5337457151649639,0.375,"{""bet365"": {""0.5"": {""over"": -280, ""under"": 202}}}",0.5,bet365,-280.0,0.7368421052631579,True,-0.2031,1.5,,,,False,,2,True,True,2026-07-18,0.0,1.0,106.1,109.2,113.8,0.0,0.2,,,0.0,0.0,0.2857142857142857,0.0,0.0,0.3333333333333333,over,
696285,Jacob Young,WSH,ATH,0,8.0,1,695611,Gage Jump,L,824981,9:40 PM ET,Sutter Health Park,1,0,0.214527027027027,824981,2026-07-17,R,4,4,1,0,0,0,0,0,0,0,1,4,0,1,0,2,2,0.3875,0.50025,1,0,1,0,0,0,0.1555555555555555,0.2244897959183673,0.8,0.1836734693877551,0.1944444444444444,0.0666666666666666,0.0,0.0612244897959183,0.6666666666666666,0.6,0.2777777777777778,0.1666666666666666,0.5277777777777778,0.2777777777777778,0.0,0.2552666666666667,0.3350722222222222,0.6775956284153005,0.2484076433121019,0.391304347826087,0.124223602484472,0.3790322580645161,0.282258064516129,0.0241935483870967,9.0,0.8372093023255813,8.58139534883721,0.2265193370165746,0.5842495931371303,0.1695943009366837,0.5842495931371303,0.6,"{""bet365"": {""0.5"": {""over"": -150, ""under"": 110}}, ""betmgm"": {""0.5"": {""over"": -115}}}",0.5,betmgm,-115.0,0.5348837209302325,True,0.0494,1.5,,,,False,,0,False,False,2026-07-18,0.0,1.0,106.1,109.2,113.8,0.2142857142857142,0.2352941176470588,0.3194999999999999,0.40645,0.2083333333333333,0.3541666666666667,0.2448979591836734,0.26,0.56,0.2222222222222222,over,
695578,James Wood,WSH,ATH,0,1.0,1,695611,Gage Jump,L,824981,9:40 PM ET,Sutter Health Park,0,0,0.214527027027027,824981,2026-07-17,L,4,2,1,0,0,1,2,0,0,1,4,1,1,1,1,0,0,1.0,4.0,1,0,1,1,1,0,0.3508771929824561,0.4931506849315068,0.7368421052631579,0.2054794520547945,0.3714285714285714,0.4736842105263157,0.0958904109589041,0.0547945205479452,3.1333333333333333,1.0,0.5476190476190477,0.1904761904761904,0.5238095238095238,0.238095238095238,0.0476190476190476,0.3953822222222222,0.9454844444444443,0.6775956284153005,0.2484076433121019,0.391304347826087,0.124223602484472,0.3790322580645161,0.282258064516129,0.0241935483870967,9.0,0.8372093023255813,8.58139534883721,0.2265193370165746,0.7042827025892269,0.339123041169443,0.7042827025892269,1.0,"{""bet365"": {""1.5"": {""over"": 125, ""under"": -165}}}",0.5,,,,False,,1.5,bet365,125.0,0.4444444444444444,True,-0.1053,4,True,True,2026-07-18,0.0,1.0,106.1,109.2,113.8,0.5,0.12,0.42103,1.058883333333333,0.2692307692307692,0.5961538461538461,0.2394366197183098,0.2258064516129032,0.4838709677419355,0.3142857142857143,,over
683083,Nasim Nuñez,WSH,ATH,0,9.0,1,695611,Gage Jump,L,824981,9:40 PM ET,Sutter Health Park,0,0,0.214527027027027,824981,2026-07-17,L,1,1,0,0,0,0,0,0,0,0,0,1,0,0,0,1,0,0.067,0.072,0,0,0,0,0,0,0.2571428571428571,0.35,0.6571428571428571,0.3,0.3636363636363636,0.0857142857142857,0.025,0.0,0.8,0.8,0.217391304347826,0.1304347826086956,0.6956521739130435,0.1739130434782608,0.0434782608695652,0.2990833333333333,0.463702380952381,0.6775956284153005,0.2484076433121019,0.391304347826087,0.124223602484472,0.3790322580645161,0.282258064516129,0.0241935483870967,9.0,0.8372093023255813,8.58139534883721,0.2265193370165746,0.4512068255236232,0.1250244174858835,0.4512068255236232,0.8,"{""bet365"": {""0.5"": {""over"": -200, ""under"": 150}}, ""betmgm"": {""0.5"": {""over"": -190}}}",0.5,betmgm,-190.0,0.6551724137931034,True,-0.204,1.5,,,,False,,1,True,False,2026-07-18,0.0,1.0,106.1,109.2,113.8,0.3333333333333333,0.1764705882352941,0.2103333333333333,0.2488666666666667,0.4081632653061224,0.4897959183673469,0.2321428571428571,0.217391304347826,0.3043478260869565,0.2727272727272727,over,
682998,Corbin Carroll,AZ,STL,1,3.0,1,700241,Michael McGreevy,R,825060,9:40 PM ET,Chase Field,0,1,0.2010771992818671,825060,2026-07-17,L,4,4,0,0,0,0,0,0,0,2,0,2,0,1,1,1,0,0.312,0.736,0,0,0,0,1,1,0.1296296296296296,0.2769230769230769,0.6481481481481481,0.2923076923076923,0.2,0.074074074074074,0.0,0.0307692307692307,0.7333333333333333,1.2666666666666666,0.3428571428571428,0.1714285714285714,0.4857142857142857,0.2285714285714285,0.0,0.3067555555555555,0.4080444444444444,0.782608695652174,0.2307692307692307,0.4259259259259259,0.1666666666666666,0.4666666666666667,0.2611111111111111,0.0277777777777777,9.0,1.2857142857142856,5.785714285714287,0.1565217391304348,0.6433874630263422,0.2319802579609173,0.6433874630263422,1.2666666666666666,"{""bet365"": {""0.5"": {""over"": -190, ""under"": 140}}}",0.5,bet365,-190.0,0.6551724137931034,True,-0.0118,1.5,,,,False,,0,False,False,2026-07-18,1.0,0.0,105.5,106.3,89.5,0.0588235294117647,0.2727272727272727,0.2128,0.2607000000000002,0.1111111111111111,0.1851851851851851,0.3125,0.3220338983050847,0.5423728813559322,0.15625,over,
672515,Gabriel Moreno,AZ,STL,1,4.0,1,700241,Michael McGreevy,R,825060,9:40 PM ET,Chase Field,1,1,0.2010771992818671,825060,2026-07-17,R,4,3,1,0,0,0,1,0,0,1,1,2,0,1,0,1,1,0.5815,0.653,1,0,1,0,1,0,0.3773584905660377,0.4590163934426229,0.8679245283018868,0.1147540983606557,0.4347826086956521,0.0377358490566037,0.0,0.0327868852459016,1.4666666666666666,0.4666666666666667,0.3260869565217391,0.2826086956521739,0.5217391304347826,0.108695652173913,0.0,0.3448559523809523,0.4019333333333333,0.782608695652174,0.2307692307692307,0.4259259259259259,0.1666666666666666,0.4666666666666667,0.2611111111111111,0.0277777777777777,9.0,1.2857142857142856,5.785714285714287,0.1565217391304348,0.434882326290563,0.082722756040467,0.434882326290563,0.4666666666666667,"{""bet365"": {""0.5"": {""over"": 110, ""under"": -150}}}",0.5,bet365,110.0,0.4761904761904761,True,-0.0413,1.5,,,,False,,1,True,False,2026-07-18,1.0,0.0,105.5,106.3,89.5,0.45,0.1363636363636363,0.3754,0.4541166666666666,0.3818181818181818,0.4181818181818181,0.0769230769230769,0.26,0.5,0.1475409836065573,over,
672695,Geraldo Perdomo,AZ,STL,1,2.0,1,700241,Michael McGreevy,R,825060,9:40 PM ET,Chase Field,0,1,0.2010771992818671,825060,2026-07-17,L,4,3,0,0,0,0,1,0,0,1,0,2,0,0,2,0,0,0.064,0.1785,0,0,0,0,1,0,0.2142857142857142,0.3265306122448979,0.9047619047619048,0.0816326530612244,0.2162162162162162,0.0952380952380952,0.0204081632653061,0.0204081632653061,0.8666666666666667,0.2666666666666666,0.2368421052631578,0.131578947368421,0.3421052631578947,0.4210526315789473,0.0,0.2241277777777778,0.2832833333333333,0.782608695652174,0.2307692307692307,0.4259259259259259,0.1666666666666666,0.4666666666666667,0.2611111111111111,0.0277777777777777,9.0,1.2857142857142856,5.785714285714287,0.1565217391304348,0.3626258431490989,0.0700826387559431,0.3626258431490989,0.2666666666666666,"{""bet365"": {""0.5"": {""over"": 110, ""under"": -150}}}",0.5,bet365,110.0,0.4761904761904761,True,-0.1136,1.5,,,,False,,1,True,False,2026-07-18,1.0,0.0,105.5,106.3,89.5,0.2631578947368421,0.0,0.2217166666666668,0.3236166666666669,0.2807017543859649,0.4385964912280701,0.0606060606060606,0.2678571428571428,0.4107142857142857,0.1269841269841269,over,
545121,Ildemaro Vargas,AZ,STL,1,8.0,1,700241,Michael McGreevy,R,825060,9:40 PM ET,Chase Field,0,1,0.2010771992818671,825060,2026-07-17,L,4,4,2,1,0,0,0,0,0,0,3,4,0,3,0,2,2,0.34475,0.47775,1,1,1,1,0,0,0.2121212121212121,0.2777777777777778,0.8484848484848485,0.1388888888888889,0.25,0.0606060606060606,0.0,0.0555555555555555,0.6,0.3333333333333333,0.4285714285714285,0.2142857142857142,0.5714285714285714,0.0714285714285714,0.0,0.3387111111111111,0.3925,0.782608695652174,0.2307692307692307,0.4259259259259259,0.1666666666666666,0.4666666666666667,0.2611111111111111,0.0277777777777777,9.0,1.2857142857142856,5.785714285714287,0.1565217391304348,0.3066900158918735,0.0346293641356391,0.3066900158918735,0.3333333333333333,"{""bet365"": {""0.5"": {""over"": 175, ""under"": -235}}}",0.5,bet365,175.0,0.3636363636363636,True,-0.0569,1.5,,,,False,,0,False,False,2026-07-18,1.0,0.0,105.5,106.3,89.5,0.25,0.375,0.3376,0.3954000000000001,0.1590909090909091,0.2045454545454545,0.12,0.1739130434782608,0.2608695652173913,0.0769230769230769,over,
606466,Ketel Marte,AZ,STL,1,1.0,1,700241,Michael McGreevy,R,825060,9:40 PM ET,Chase Field,0,1,0.2010771992818671,825060,2026-07-17,L,4,4,0,0,0,0,0,0,0,2,0,2,0,1,1,0,1,0.44,0.749,0,0,0,0,1,1,0.2340425531914893,0.28,0.8297872340425532,0.16,0.2631578947368421,0.1489361702127659,0.02,0.04,1.2,0.5333333333333333,0.3333333333333333,0.2051282051282051,0.4615384615384615,0.2307692307692307,0.0,0.3303761904761905,0.4912095238095238,0.782608695652174,0.2307692307692307,0.4259259259259259,0.1666666666666666,0.4666666666666667,0.2611111111111111,0.0277777777777777,9.0,1.2857142857142856,5.785714285714287,0.1565217391304348,0.4384476706128326,0.1171903847348706,0.4384476706128326,0.5333333333333333,"{""bet365"": {""0.5"": {""over"": 100, ""under"": -135}}}",0.5,bet365,100.0,0.5,True,-0.0616,1.5,,,,False,,2,True,True,2026-07-18,1.0,0.0,105.5,106.3,89.5,0.1052631578947368,0.2631578947368421,0.1898333333333331,0.2331000000000001,0.2166666666666666,0.5,0.1515151515151515,0.2580645161290322,0.5,0.1884057971014492,over,
666971,Lourdes Gurriel Jr.,AZ,STL,1,6.0,1,700241,Michael McGreevy,R,825060,9:40 PM ET,Chase Field,1,1,0.2010771992818671,825060,2026-07-17,R,4,4,0,0,0,0,0,0,0,1,0,3,0,1,0,1,1,0.3583333333333333,0.4163333333333333,0,0,0,0,1,0,0.2363636363636363,0.2758620689655172,0.8363636363636363,0.1551724137931034,0.2666666666666666,0.1272727272727272,0.0172413793103448,0.0689655172413793,1.3333333333333333,0.6,0.3695652173913043,0.2608695652173913,0.391304347826087,0.1739130434782608,0.0,0.3249955555555556,0.4095633333333334,0.782608695652174,0.2307692307692307,0.4259259259259259,0.1666666666666666,0.4666666666666667,0.2611111111111111,0.0277777777777777,9.0,1.2857142857142856,5.785714285714287,0.1565217391304348,0.4583346934172496,0.1145003365513717,0.4583346934172496,0.6,,0.5,,,,False,,1.5,,,,False,,1,True,False,2026-07-18,1.0,0.0,105.5,106.3,89.5,0.2105263157894736,0.2105263157894736,0.3974333333333334,0.4648166666666666,0.1785714285714285,0.2857142857142857,0.180327868852459,0.32,0.36,0.1320754716981132,,
596146,Max Kepler,AZ,STL,1,5.0,1,700241,Michael McGreevy,R,825060,9:40 PM ET,Chase Field,0,1,0.2010771992818671,825060,2026-07-17,L,5,3,1,0,0,0,0,0,2,1,1,4,1,3,2,1,1,0.1075,0.1654999999999999,1,0,1,0,1,0,0.1914893617021276,0.2083333333333333,0.7021276595744681,0.2916666666666667,0.2258064516129032,0.2127659574468085,0.0416666666666666,0.0833333333333333,1.2666666666666666,0.9333333333333332,0.4242424242424242,0.3939393939393939,0.1818181818181818,0.3333333333333333,0.0606060606060606,0.3169102564102564,0.6680128205128205,0.782608695652174,0.2307692307692307,0.4259259259259259,0.1666666666666666,0.4666666666666667,0.2611111111111111,0.0277777777777777,9.0,1.2857142857142856,5.785714285714287,0.1565217391304348,0.6184993264706515,0.2322081738893355,0.6184993264706515,0.9333333333333332,"{""bet365"": {""0.5"": {""over"": -115, ""under"": -115}}}",0.5,bet365,-115.0,0.5348837209302325,True,0.0836,1.5,,,,False,,1,True,False,2026-07-18,1.0,0.0,105.5,106.3,89.5,0.2857142857142857,0.4,0.4833333333333334,0.8697222222222223,0.1702127659574468,0.3829787234042553,0.3125,0.1956521739130435,0.2391304347826087,0.2692307692307692,over,
571448,Nolan Arenado,AZ,STL,1,7.0,1,700241,Michael McGreevy,R,825060,9:40 PM ET,Chase Field,1,1,0.2010771992818671,825060,2026-07-17,R,4,4,1,1,0,0,0,0,0,0,2,4,0,2,1,2,1,0.2775,0.61175,1,0,1,1,0,0,0.2592592592592592,0.3333333333333333,0.6851851851851852,0.2833333333333333,0.303030303030303,0.2777777777777778,0.0666666666666666,0.05,1.9333333333333331,1.1333333333333333,0.3783783783783784,0.2162162162162162,0.3783783783783784,0.3243243243243243,0.081081081081081,0.2885178571428571,0.5081071428571429,0.782608695652174,0.2307692307692307,0.4259259259259259,0.1666666666666666,0.4666666666666667,0.2611111111111111,0.0277777777777777,9.0,1.2857142857142856,5.785714285714287,0.1565217391304348,0.6098342900182279,0.2091632962461939,0.6098342900182279,1.1333333333333333,"{""bet365"": {""0.5"": {""over"": -110, ""under"": -120}}}",0.5,bet365,-110.0,0.5238095238095238,True,0.086,1.5,,,,False,,2,True,True,2026-07-18,1.0,0.0,105.5,106.3,89.5,0.2941176470588235,0.3333333333333333,0.3693749999999998,0.8126874999999998,0.2641509433962264,0.5471698113207547,0.2711864406779661,0.2549019607843137,0.4705882352941176,0.1666666666666666,over,
694374,Tim Tawa,AZ,STL,1,9.0,1,700241,Michael McGreevy,R,825060,9:40 PM ET,Chase Field,1,1,0.2010771992818671,825060,2026-07-17,R,4,4,1,0,0,1,0,0,0,1,4,3,1,3,2,1,0,0.445,1.2983333333333331,1,0,1,1,1,0,0.2777777777777778,0.3658536585365853,0.7222222222222222,0.2272727272727272,0.36,0.1666666666666666,0.0227272727272727,0.0681818181818181,1.0666666666666669,0.6666666666666666,0.3448275862068966,0.1379310344827586,0.6206896551724138,0.2068965517241379,0.0689655172413793,0.2954423076923077,0.3957115384615384,0.782608695652174,0.2307692307692307,0.4259259259259259,0.1666666666666666,0.4666666666666667,0.2611111111111111,0.0277777777777777,9.0,1.2857142857142856,5.785714285714287,0.1565217391304348,0.4240112331849153,0.090040980458977,0.4240112331849153,0.6666666666666666,"{""bet365"": {""0.5"": {""over"": -165, ""under"": 125}}}",0.5,bet365,-165.0,0.6226415094339622,True,-0.1986,1.5,,,,False,,0,False,False,2026-07-18,1.0,0.0,105.5,106.3,89.5,0.375,0.1578947368421052,0.3122999999999999,0.50445,0.3243243243243243,0.5675675675675675,0.2727272727272727,0.175,0.225,0.1489361702127659,over,
676475,Alec Burleson,STL,AZ,0,3.0,1,518876,Merrill Kelly,R,825060,9:40 PM ET,Chase Field,0,1,0.2109227871939736,825060,2026-07-17,L,4,3,1,1,0,0,1,0,0,0,2,3,1,2,2,1,0,0.419,1.009,1,0,1,1,0,0,0.196078431372549,0.2264150943396226,0.803921568627451,0.1886792452830188,0.2051282051282051,0.1568627450980392,0.0377358490566037,0.0377358490566037,1.2,0.6666666666666666,0.4878048780487805,0.1951219512195122,0.5365853658536586,0.2195121951219512,0.0,0.3381358974358974,0.5775166666666667,0.7984790874524715,0.2422907488986784,0.5083333333333333,0.225,0.4095238095238095,0.2761904761904762,0.0619047619047619,10.087912087912088,1.9285714285714288,4.895604395604396,0.1254752851711026,0.4817503815588566,0.1156632372158593,0.4817503815588566,0.6666666666666666,"{""bet365"": {""0.5"": {""over"": 105, ""under"": -140}}}",0.5,bet365,105.0,0.4878048780487805,True,-0.0061,1.5,,,,False,,1,True,False,2026-07-18,1.0,0.0,105.5,106.3,89.5,0.1666666666666666,0.1578947368421052,0.2760333333333332,0.5738000000000001,0.2083333333333333,0.3541666666666667,0.1481481481481481,0.2542372881355932,0.423728813559322,0.1111111111111111,over,
671056,Iván Herrera,STL,AZ,0,2.0,1,518876,Merrill Kelly,R,825060,9:40 PM ET,Chase Field,1,1,0.2109227871939736,825060,2026-07-17,R,4,4,0,0,0,0,0,0,0,0,0,4,0,0,2,1,0,0.032,0.05,0,0,0,0,0,0,0.2142857142857142,0.2786885245901639,0.8035714285714286,0.180327868852459,0.25,0.0714285714285714,0.0163934426229508,0.0163934426229508,1.0666666666666669,0.7333333333333333,0.2888888888888888,0.2222222222222222,0.4222222222222222,0.2,0.0,0.2242833333333333,0.2884722222222222,0.7984790874524715,0.2422907488986784,0.5083333333333333,0.225,0.4095238095238095,0.2761904761904762,0.0619047619047619,10.087912087912088,1.9285714285714288,4.895604395604396,0.1254752851711026,0.4865514970899118,0.1080955218808879,0.4865514970899118,0.7333333333333333,"{""bet365"": {""0.5"": {""over"": -140, ""under"": 105}}}",0.5,bet365,-140.0,0.5833333333333334,True,-0.0968,1.5,,,,False,,1,True,False,2026-07-18,1.0,0.0,105.5,106.3,89.5,0.2631578947368421,0.15,0.1759666666666666,0.25345,0.2115384615384615,0.3461538461538461,0.1846153846153846,0.25,0.3653846153846153,0.1269841269841269,over,
802139,JJ Wetherholt,STL,AZ,0,1.0,1,518876,Merrill Kelly,R,825060,9:40 PM ET,Chase Field,0,1,0.2109227871939736,825060,2026-07-17,L,4,4,0,0,0,0,0,0,0,2,0,2,0,1,1,1,0,0.0335,0.052,0,0,0,0,1,1,0.2631578947368421,0.3538461538461538,0.8421052631578947,0.1384615384615384,0.2978723404255319,0.087719298245614,0.0153846153846153,0.0307692307692307,1.3333333333333333,0.6,0.5208333333333334,0.3541666666666667,0.3541666666666667,0.2916666666666667,0.0416666666666666,0.3503622222222222,0.5577799999999999,0.7984790874524715,0.2422907488986784,0.5083333333333333,0.225,0.4095238095238095,0.2761904761904762,0.0619047619047619,10.087912087912088,1.9285714285714288,4.895604395604396,0.1254752851711026,0.4551934353954328,0.0917177999460318,0.4551934353954328,0.6,"{""bet365"": {""0.5"": {""over"": -115, ""under"": -115}}}",0.5,bet365,-115.0,0.5348837209302325,True,-0.0797,1.5,,,,False,,0,False,False,2026-07-18,1.0,0.0,105.5,106.3,89.5,0.1875,0.1,0.2627499999999999,0.4317333333333333,0.360655737704918,0.4918032786885246,0.0869565217391304,0.2586206896551724,0.4137931034482758,0.1515151515151515,over,
699625,Jimmy Crooks,STL,AZ,0,9.0,1,518876,Merrill Kelly,R,825060,9:40 PM ET,Chase Field,0,1,0.2109227871939736,825060,2026-07-17,L,4,3,0,0,0,0,1,0,0,3,0,0,0,0,0,0,0,0.591,2.292,0,0,0,0,1,1,0.1333333333333333,0.2571428571428571,0.5666666666666667,0.3714285714285714,0.1875,0.1,0.0285714285714285,0.0,0.4666666666666667,0.8666666666666667,0.5882352941176471,0.1764705882352941,0.5294117647058824,0.2941176470588235,0.0,0.4027121212121212,0.6814545454545455,0.7984790874524715,0.2422907488986784,0.5083333333333333,0.225,0.4095238095238095,0.2761904761904762,0.0619047619047619,10.087912087912088,1.9285714285714288,4.895604395604396,0.1254752851711026,0.453428179331601,0.0703370407938285,0.453428179331601,0.8666666666666667,"{""bet365"": {""0.5"": {""over"": -190, ""under"": 140}}}",0.5,bet365,-190.0,0.6551724137931034,True,-0.2017,1.5,,,,False,,0,False,False,2026-07-18,1.0,0.0,105.5,106.3,89.5,0.4,0.4285714285714285,0.6755,1.6070000000000002,0.1428571428571428,0.1714285714285714,0.325,,,,over,
691023,Jordan Walker,STL,AZ,0,4.0,1,518876,Merrill Kelly,R,825060,9:40 PM ET,Chase Field,1,1,0.2109227871939736,825060,2026-07-17,R,4,3,1,0,0,0,1,0,0,0,1,3,0,1,0,2,1,0.3176666666666666,0.3673333333333333,1,0,1,0,0,0,0.3137254901960784,0.4098360655737705,0.7254901960784313,0.2295081967213114,0.3529411764705882,0.2941176470588235,0.0655737704918032,0.0491803278688524,2.066666666666667,0.9333333333333332,0.5526315789473685,0.3157894736842105,0.4210526315789473,0.2105263157894736,0.0526315789473684,0.4322222222222222,0.8208222222222222,0.7984790874524715,0.2422907488986784,0.5083333333333333,0.225,0.4095238095238095,0.2761904761904762,0.0619047619047619,10.087912087912088,1.9285714285714288,4.895604395604396,0.1254752851711026,0.6120312401473144,0.1851671263552099,0.6120312401473144,0.9333333333333332,"{""bet365"": {""0.5"": {""over"": -250, ""under"": 185}}}",0.5,bet365,-250.0,0.7142857142857143,True,-0.1023,1.5,,,,False,,1,True,False,2026-07-18,1.0,0.0,105.5,106.3,89.5,0.3157894736842105,0.2105263157894736,0.4367666666666664,0.9834166666666668,0.2363636363636363,0.4727272727272727,0.2857142857142857,0.3571428571428571,0.5535714285714286,0.1935483870967742,over,
665877,José Fermín,STL,AZ,0,8.0,1,518876,Merrill Kelly,R,825060,9:40 PM ET,Chase Field,1,1,0.2109227871939736,825060,2026-07-17,R,4,4,1,0,0,0,0,0,0,0,1,4,0,0,0,3,1,0.3835,0.427,1,0,1,0,0,0,0.2444444444444444,0.3061224489795918,0.8444444444444444,0.14,0.25,0.2222222222222222,0.04,0.08,1.4,0.4666666666666667,0.2564102564102564,0.2564102564102564,0.3076923076923077,0.358974358974359,0.0256410256410256,0.2336611111111111,0.3588944444444444,0.7984790874524715,0.2422907488986784,0.5083333333333333,0.225,0.4095238095238095,0.2761904761904762,0.0619047619047619,10.087912087912088,1.9285714285714288,4.895604395604396,0.1254752851711026,0.3885474316799187,0.0635807492131015,0.3885474316799187,0.4666666666666667,"{""bet365"": {""0.5"": {""over"": -110, ""under"": -120}}}",0.5,bet365,-110.0,0.5238095238095238,True,-0.1353,1.5,,,,False,,0,False,False,2026-07-18,1.0,0.0,105.5,106.3,89.5,0.1333333333333333,0.25,0.1397333333333332,0.2571333333333333,0.2391304347826087,0.4347826086956521,0.1836734693877551,0.3409090909090909,0.3863636363636363,0.0851063829787234,over,
663457,Lars Nootbaar,STL,AZ,0,5.0,1,518876,Merrill Kelly,R,825060,9:40 PM ET,Chase Field,0,1,0.2109227871939736,825060,2026-07-17,L,4,2,0,0,0,0,2,0,0,1,0,1,0,0,1,0,0,0.003,0.007,0,0,0,0,1,0,0.2340425531914893,0.2941176470588235,0.7659574468085106,0.2156862745098039,0.2857142857142857,0.1489361702127659,0.0196078431372549,0.0392156862745098,1.2,0.7333333333333333,0.4444444444444444,0.1944444444444444,0.5277777777777778,0.25,0.0277777777777777,0.3229777777777778,0.6050944444444445,0.7984790874524715,0.2422907488986784,0.5083333333333333,0.225,0.4095238095238095,0.2761904761904762,0.0619047619047619,10.087912087912088,1.9285714285714288,4.895604395604396,0.1254752851711026,0.529780478074472,0.1304520669951603,0.529780478074472,0.7333333333333333,"{""bet365"": {""0.5"": {""over"": -140, ""under"": 105}}}",0.5,bet365,-140.0,0.5833333333333334,True,-0.0536,1.5,,,,False,,2,True,True,2026-07-18,1.0,0.0,105.5,106.3,89.5,0.2307692307692307,0.1333333333333333,0.2899,0.6780333333333333,0.2448979591836734,0.3469387755102041,0.2037037037037037,0.2264150943396226,0.3773584905660377,0.1666666666666666,over,
691026,Masyn Winn,STL,AZ,0,6.0,1,518876,Merrill Kelly,R,825060,9:40 PM ET,Chase Field,1,1,0.2109227871939736,825060,2026-07-17,R,4,4,1,0,0,0,0,0,0,2,1,2,0,2,0,0,2,0.776,1.0355,1,0,1,0,1,1,0.2307692307692307,0.2857142857142857,0.8076923076923077,0.1785714285714285,0.2682926829268293,0.0769230769230769,0.0178571428571428,0.0178571428571428,1.0666666666666669,0.6666666666666666,0.4047619047619047,0.1904761904761904,0.4523809523809524,0.2857142857142857,0.0238095238095238,0.25835,0.3786166666666666,0.7984790874524715,0.2422907488986784,0.5083333333333333,0.225,0.4095238095238095,0.2761904761904762,0.0619047619047619,10.087912087912088,1.9285714285714288,4.895604395604396,0.1254752851711026,0.4886661497914695,0.1312303535978539,0.4886661497914695,0.6666666666666666,"{""bet365"": {""0.5"": {""over"": -135, ""under"": 100}}}",0.5,bet365,-135.0,0.574468085106383,True,-0.0858,1.5,,,,False,,0,False,False,2026-07-18,1.0,0.0,105.5,106.3,89.5,0.0588235294117647,0.2222222222222222,0.1769666666666666,0.2536333333333333,0.25,0.3269230769230769,0.1052631578947368,0.2666666666666666,0.35,0.2424242424242424,over,
701675,Nathan Church,STL,AZ,0,7.0,1,518876,Merrill Kelly,R,825060,9:40 PM ET,Chase Field,0,1,0.2109227871939736,825060,2026-07-17,L,2,2,0,0,0,0,0,0,0,0,0,2,0,0,0,2,0,0.215,0.221,0,0,0,0,0,0,0.1372549019607843,0.1698113207547169,0.7843137254901961,0.2075471698113207,0.1081081081081081,0.1764705882352941,0.0566037735849056,0.0,1.0666666666666669,0.7333333333333333,0.325,0.125,0.475,0.25,0.0,0.2251477777777778,0.3382622222222222,0.7984790874524715,0.2422907488986784,0.5083333333333333,0.225,0.4095238095238095,0.2761904761904762,0.0619047619047619,10.087912087912088,1.9285714285714288,4.895604395604396,0.1254752851711026,0.5359710107044388,0.1134361689341347,0.5359710107044388,0.7333333333333333,"{""bet365"": {""0.5"": {""over"": -130, ""under"": -105}}}",0.5,bet365,-130.0,0.5652173913043478,True,-0.0292,1.5,,,,False,,0,False,False,2026-07-18,1.0,0.0,105.5,106.3,89.5,0.0,0.3333333333333333,0.2164333333333333,0.2585333333333334,0.1702127659574468,0.3191489361702128,0.1666666666666666,0.26,0.36,0.1607142857142857,over,
663728,Cal Raleigh,SEA,SF,1,4.0,1,694738,Landen Roupp,R,823115,10:10 PM ET,T-Mobile Park,0,1,0.2545126353790614,823115,2026-07-17,L,3,2,0,0,0,0,1,0,0,1,0,1,0,0,0,0,1,0.46,0.48,0,0,0,0,1,0,0.1875,0.2702702702702703,0.53125,0.3947368421052631,0.2941176470588235,0.15625,0.0263157894736842,0.0526315789473684,0.7333333333333333,1.0,0.4444444444444444,0.2222222222222222,0.2777777777777778,0.3888888888888889,0.0,0.3058636363636364,0.4964848484848485,0.6351351351351351,0.2684210526315789,0.4769230769230769,0.1897435897435897,0.4609929078014184,0.2482269503546099,0.0212765957446808,10.216216216216216,0.912162162162162,10.216216216216216,0.2522522522522522,0.7027035263594078,0.2997122355092814,0.7027035263594078,1.0,"{""bet365"": {""1.5"": {""over"": 185, ""under"": -250}}}",0.5,,,,False,,1.5,bet365,185.0,0.3508771929824561,True,-0.0512,0,False,False,2026-07-18,0.0,0.0,90.9,92.7,102.0,0.1,0.3846153846153846,0.3346249999999999,0.5379999999999997,0.1666666666666666,0.3333333333333333,0.365079365079365,0.1320754716981132,0.3018867924528302,0.3225806451612903,,over
702284,Cole Young,SEA,SF,1,6.0,1,694738,Landen Roupp,R,823115,10:10 PM ET,T-Mobile Park,0,1,0.2545126353790614,823115,2026-07-17,L,4,4,1,0,0,0,0,0,0,0,1,4,0,2,1,2,1,0.31525,0.3705,1,0,1,0,0,0,0.2452830188679245,0.2857142857142857,0.7547169811320755,0.2321428571428571,0.25,0.2641509433962264,0.0714285714285714,0.0357142857142857,1.8,0.8666666666666667,0.375,0.325,0.4,0.25,0.025,0.3715366666666667,0.5790366666666666,0.6351351351351351,0.2684210526315789,0.4769230769230769,0.1897435897435897,0.4609929078014184,0.2482269503546099,0.0212765957446808,10.216216216216216,0.912162162162162,10.216216216216216,0.2522522522522522,0.6144142627364274,0.213621063159173,0.6144142627364274,0.8666666666666667,"{""bet365"": {""0.5"": {""over"": -130, ""under"": -105}}}",0.5,bet365,-130.0,0.5652173913043478,True,0.0492,1.5,,,,False,,0,False,False,2026-07-18,0.0,0.0,90.9,92.7,102.0,0.1764705882352941,0.2105263157894736,0.2917333333333333,0.4397333333333333,0.2745098039215686,0.6078431372549019,0.2,0.1372549019607843,0.1372549019607843,0.1525423728813559,over,
806068,Colt Emerson,SEA,SF,1,9.0,1,694738,Landen Roupp,R,823115,10:10 PM ET,T-Mobile Park,0,1,0.2545126353790614,823115,2026-07-17,L,4,3,0,0,0,0,0,0,1,1,0,3,0,3,3,0,0,0.427,1.602,0,0,0,0,1,0,0.1836734693877551,0.2727272727272727,0.5510204081632653,0.4,0.3076923076923077,0.0612244897959183,0.0181818181818181,0.0,0.8,1.4666666666666666,0.2962962962962963,0.1481481481481481,0.5555555555555556,0.2592592592592592,0.074074074074074,0.3538035714285715,0.6348035714285715,0.6351351351351351,0.2684210526315789,0.4769230769230769,0.1897435897435897,0.4609929078014184,0.2482269503546099,0.0212765957446808,10.216216216216216,0.912162162162162,10.216216216216216,0.2522522522522522,0.6603240911125827,0.2125192029625782,0.6603240911125827,1.4666666666666666,"{""bet365"": {""1.5"": {""over"": 195, ""under"": -270}}}",0.5,,,,False,,1.5,bet365,195.0,0.3389830508474576,True,-0.1265,1,True,False,2026-07-18,0.0,0.0,90.9,92.7,102.0,0.1875,0.4444444444444444,0.3510416666666666,0.4087916666666666,0.1666666666666666,0.1666666666666666,0.4230769230769231,0.2058823529411764,0.5588235294117647,0.3783783783783784,,over
686527,Dominic Canzone,SEA,SF,1,3.0,1,694738,Landen Roupp,R,823115,10:10 PM ET,T-Mobile Park,0,1,0.2545126353790614,823115,2026-07-17,L,4,4,1,0,0,0,0,0,0,2,1,2,0,0,0,2,0,0.1579999999999999,0.1579999999999999,1,0,1,0,1,1,0.1886792452830188,0.2456140350877192,0.7358490566037735,0.2456140350877192,0.1714285714285714,0.2452830188679245,0.0701754385964912,0.0175438596491228,1.5333333333333334,0.9333333333333332,0.4871794871794871,0.1282051282051282,0.5897435897435898,0.282051282051282,0.0512820512820512,0.3379128205128205,0.6961948717948718,0.6351351351351351,0.2684210526315789,0.4769230769230769,0.1897435897435897,0.4609929078014184,0.2482269503546099,0.0212765957446808,10.216216216216216,0.912162162162162,10.216216216216216,0.2522522522522522,0.6614631110954328,0.2757457620922316,0.6614631110954328,0.9333333333333332,"{""bet365"": {""0.5"": {""over"": -240, ""under"": 180}}}",0.5,bet365,-240.0,0.7058823529411765,True,-0.0444,1.5,,,,False,,0,False,False,2026-07-18,0.0,0.0,90.9,92.7,102.0,0.2272727272727272,0.1304347826086956,0.29069,0.6072733333333334,0.2307692307692307,0.4230769230769231,0.1929824561403508,0.2727272727272727,0.4318181818181818,0.2692307692307692,over,
641487,J.P. Crawford,SEA,SF,1,1.0,1,694738,Landen Roupp,R,823115,10:10 PM ET,T-Mobile Park,0,1,0.2545126353790614,823115,2026-07-17,L,5,4,3,2,0,0,1,0,0,0,5,4,0,1,0,3,1,0.36075,0.38575,1,1,1,1,0,0,0.1639344262295081,0.2388059701492537,0.6721311475409836,0.2985074626865671,0.2439024390243902,0.0491803278688524,0.0,0.044776119402985,0.8666666666666667,1.3333333333333333,0.4146341463414634,0.3170731707317073,0.6097560975609756,0.024390243902439,0.0,0.3006155555555556,0.3704444444444444,0.6351351351351351,0.2684210526315789,0.4769230769230769,0.1897435897435897,0.4609929078014184,0.2482269503546099,0.0212765957446808,10.216216216216216,0.912162162162162,10.216216216216216,0.2522522522522522,0.726102164941711,0.2913356364178937,0.726102164941711,1.3333333333333333,"{""bet365"": {""0.5"": {""over"": -230, ""under"": 170}}}",0.5,bet365,-230.0,0.696969696969697,True,0.0291,1.5,,,,False,,1,True,False,2026-07-18,0.0,0.0,90.9,92.7,102.0,0.2,0.2727272727272727,0.3908833333333333,0.5003833333333335,0.1935483870967742,0.2419354838709677,0.2941176470588235,0.1923076923076923,0.1923076923076923,0.1612903225806451,over,
647304,Josh Naylor,SEA,SF,1,5.0,1,694738,Landen Roupp,R,823115,10:10 PM ET,T-Mobile Park,0,1,0.2545126353790614,823115,2026-07-17,L,5,3,1,0,0,0,1,1,0,0,1,3,0,1,0,2,1,0.4073333333333333,0.4323333333333333,1,0,1,0,0,0,0.2241379310344827,0.296875,0.8793103448275862,0.109375,0.2549019607843137,0.0344827586206896,0.0,0.03125,1.0,0.4666666666666667,0.3137254901960784,0.2549019607843137,0.4509803921568627,0.2156862745098039,0.0196078431372549,0.3165722222222222,0.4338388888888888,0.6351351351351351,0.2684210526315789,0.4769230769230769,0.1897435897435897,0.4609929078014184,0.2482269503546099,0.0212765957446808,10.216216216216216,0.912162162162162,10.216216216216216,0.2522522522522522,0.5125448964105882,0.141304178174186,0.5125448964105882,0.4666666666666667,"{""bet365"": {""0.5"": {""over"": 110, ""under"": -150}}}",0.5,bet365,110.0,0.4761904761904761,True,0.0364,1.5,,,,False,,0,False,False,2026-07-18,0.0,0.0,90.9,92.7,102.0,0.2631578947368421,0.1428571428571428,0.3781333333333334,0.5070333333333332,0.288135593220339,0.3220338983050847,0.078125,0.2631578947368421,0.3508771929824561,0.1428571428571428,over,
670042,Luke Raley,SEA,SF,1,7.0,1,694738,Landen Roupp,R,823115,10:10 PM ET,T-Mobile Park,0,1,0.2545126353790614,823115,2026-07-17,L,3,3,0,0,0,0,0,0,0,1,0,2,0,1,0,0,2,0.6585000000000001,0.8165,0,0,0,0,1,0,0.1739130434782608,0.22,0.6304347826086957,0.34,0.2666666666666666,0.0652173913043478,0.0,0.06,0.7333333333333333,1.1333333333333333,0.3666666666666666,0.3333333333333333,0.4,0.1666666666666666,0.0333333333333333,0.359551282051282,0.4987499999999999,0.6351351351351351,0.2684210526315789,0.4769230769230769,0.1897435897435897,0.4609929078014184,0.2482269503546099,0.0212765957446808,10.216216216216216,0.912162162162162,10.216216216216216,0.2522522522522522,0.7274299310839013,0.3437396034403479,0.7274299310839013,1.1333333333333333,"{""bet365"": {""1.5"": {""over"": 182, ""under"": -245}}}",0.5,,,,False,,1.5,bet365,182.0,0.3546099290780142,True,-0.0109,0,False,False,2026-07-18,0.0,0.0,90.9,92.7,102.0,0.2777777777777778,0.2631578947368421,0.3181333333333333,0.4436666666666666,0.1739130434782608,0.2391304347826087,0.34,0.119047619047619,0.2142857142857142,0.3404255319148936,,over
668227,Randy Arozarena,SEA,SF,1,2.0,1,694738,Landen Roupp,R,823115,10:10 PM ET,T-Mobile Park,1,1,0.2545126353790614,823115,2026-07-17,R,5,5,1,0,0,1,0,0,0,2,4,3,1,1,1,2,0,0.333,0.8956666666666666,1,0,1,1,1,1,0.3076923076923077,0.4461538461538462,0.8269230769230769,0.1384615384615384,0.325,0.2307692307692307,0.0461538461538461,0.0461538461538461,1.8666666666666667,0.6,0.4186046511627907,0.2558139534883721,0.4418604651162791,0.2325581395348837,0.0465116279069767,0.3517888888888889,0.5595277777777777,0.6351351351351351,0.2684210526315789,0.4769230769230769,0.1897435897435897,0.4609929078014184,0.2482269503546099,0.0212765957446808,10.216216216216216,0.912162162162162,10.216216216216216,0.2522522522522522,0.609185343297581,0.2223984867944441,0.609185343297581,0.6,"{""bet365"": {""1.5"": {""over"": 180, ""under"": -240}}}",0.5,,,,False,,1.5,bet365,180.0,0.3571428571428571,True,-0.1347,1,True,False,2026-07-18,0.0,0.0,90.9,92.7,102.0,0.3125,0.0909090909090909,0.4513333333333333,0.6543666666666665,0.2830188679245283,0.490566037735849,0.203125,0.2631578947368421,0.4561403508771929,0.2769230769230769,,over
645302,Victor Robles,SEA,SF,1,8.0,1,694738,Landen Roupp,R,823115,10:10 PM ET,T-Mobile Park,1,1,0.2545126353790614,823115,2026-07-17,R,4,3,0,0,0,0,0,0,1,1,0,3,0,0,0,2,1,0.0824999999999999,0.093,0,0,0,0,1,0,0.1707317073170731,0.2608695652173913,0.7804878048780488,0.1914893617021276,0.21875,0.024390243902439,0.0,0.0212765957446808,0.5333333333333333,0.6,0.2121212121212121,0.2424242424242424,0.2424242424242424,0.4545454545454545,0.0,0.2765320512820513,0.3746538461538461,0.6351351351351351,0.2684210526315789,0.4769230769230769,0.1897435897435897,0.4609929078014184,0.2482269503546099,0.0212765957446808,10.216216216216216,0.912162162162162,10.216216216216216,0.2522522522522522,0.6051207750943767,0.1566425790419468,0.6051207750943767,0.6,"{""bet365"": {""0.5"": {""over"": -140, ""under"": 105}}}",0.5,bet365,-140.0,0.5833333333333334,True,0.0218,1.5,,,,False,,1,True,False,2026-07-18,0.0,0.0,90.9,92.7,102.0,0.0833333333333333,0.1333333333333333,0.3276458333333333,0.4228958333333331,0.1956521739130435,0.1956521739130435,0.1923076923076923,0.2272727272727272,0.2727272727272727,0.1956521739130435,over,
805811,Bryce Eldridge,SF,SEA,0,2.0,1,682243,Bryce Miller,R,823115,10:10 PM ET,T-Mobile Park,0,1,0.203971119133574,823115,2026-07-17,L,4,3,1,0,0,0,1,0,0,0,1,3,0,2,0,1,2,0.3656666666666666,0.4203333333333334,1,0,1,0,0,0,0.2363636363636363,0.3114754098360656,0.6545454545454545,0.3114754098360656,0.3235294117647059,0.1818181818181818,0.0327868852459016,0.0655737704918032,1.5333333333333334,1.2666666666666666,0.5555555555555556,0.25,0.3611111111111111,0.3055555555555556,0.0833333333333333,0.4443666666666666,0.9269,0.6553398058252428,0.1375661375661375,0.3434343434343434,0.1666666666666666,0.3925925925925926,0.3481481481481481,0.0296296296296296,5.5588235294117645,1.4294117647058826,10.16470588235294,0.3106796116504854,0.7257855939521471,0.3026621072001306,0.7257855939521471,1.2666666666666666,"{""bet365"": {""1.5"": {""over"": 110, ""under"": -150}}}",0.5,,,,False,,1.5,bet365,110.0,0.4761904761904761,True,-0.1735,2,True,True,2026-07-18,0.0,0.0,90.9,92.7,102.0,0.2352941176470588,0.25,0.4397833333333333,0.9865,0.1698113207547169,0.2641509433962264,0.3709677419354839,0.2647058823529412,0.5294117647058824,0.2105263157894736,,over
669477,Casey Schmitt,SF,SEA,0,3.0,1,682243,Bryce Miller,R,823115,10:10 PM ET,T-Mobile Park,1,1,0.203971119133574,823115,2026-07-17,R,4,4,1,0,0,0,0,0,0,0,1,4,0,2,1,1,2,0.31775,0.42075,1,0,1,0,0,0,0.2131147540983606,0.2461538461538461,0.819672131147541,0.1692307692307692,0.2083333333333333,0.180327868852459,0.0461538461538461,0.0307692307692307,1.6,0.7333333333333333,0.4901960784313725,0.2745098039215686,0.2352941176470588,0.4117647058823529,0.0196078431372549,0.3138033333333334,0.6230699999999999,0.6553398058252428,0.1375661375661375,0.3434343434343434,0.1666666666666666,0.3925925925925926,0.3481481481481481,0.0296296296296296,5.5588235294117645,1.4294117647058826,10.16470588235294,0.3106796116504854,0.6098342900182279,0.1914294242536554,0.6098342900182279,0.7333333333333333,"{""bet365"": {""1.5"": {""over"": 190, ""under"": -260}}}",0.5,,,,False,,1.5,bet365,190.0,0.3448275862068966,True,-0.1534,1,True,False,2026-07-18,0.0,0.0,90.9,92.7,102.0,0.3,0.1363636363636363,0.4161833333333334,0.979,0.3114754098360656,0.5081967213114754,0.203125,0.2307692307692307,0.3538461538461538,0.1492537313432835,,over
701852,Drew Cavanaugh,SF,SEA,0,9.0,1,682243,Bryce Miller,R,823115,10:10 PM ET,T-Mobile Park,0,1,0.203971119133574,823115,2026-07-17,L,4,2,0,0,0,0,2,0,0,1,0,1,0,1,1,0,0,0.057,0.199,0,0,0,0,1,0,0.2333333333333333,0.303030303030303,0.7333333333333333,0.2352941176470588,0.3181818181818182,0.0,0.0,0.0,0.6363636363636364,0.7272727272727273,0.217391304347826,0.1739130434782608,0.5217391304347826,0.1739130434782608,0.0,0.2970333333333333,0.4650666666666667,0.6553398058252428,0.1375661375661375,0.3434343434343434,0.1666666666666666,0.3925925925925926,0.3481481481481481,0.0296296296296296,5.5588235294117645,1.4294117647058826,10.16470588235294,0.3106796116504854,0.4240112331849153,0.0803567599332033,0.4240112331849153,0.7272727272727273,"{""bet365"": {""0.5"": {""over"": -290, ""under"": 205}}, ""betmgm"": {""0.5"": {""over"": -250}}}",0.5,betmgm,-250.0,0.7142857142857143,True,-0.2903,1.5,,,,False,,0,False,False,2026-07-18,0.0,0.0,90.9,92.7,102.0,0.2307692307692307,0.3125,0.1931666666666666,0.38275,0.2333333333333333,0.2333333333333333,0.2352941176470588,,,,over,
687551,Drew Gilbert,SF,SEA,0,8.0,1,682243,Bryce Miller,R,823115,10:10 PM ET,T-Mobile Park,0,1,0.203971119133574,823115,2026-07-17,L,4,4,1,0,0,0,0,0,0,0,1,4,0,1,1,1,1,0.498,0.5619999999999999,1,0,1,0,0,0,0.2413793103448276,0.3611111111111111,0.8620689655172413,0.1111111111111111,0.24,0.1724137931034483,0.0277777777777777,0.0555555555555555,0.8,0.2666666666666666,0.2692307692307692,0.3461538461538461,0.3846153846153846,0.1923076923076923,0.0,0.346076923076923,0.4492692307692308,0.6553398058252428,0.1375661375661375,0.3434343434343434,0.1666666666666666,0.3925925925925926,0.3481481481481481,0.0296296296296296,5.5588235294117645,1.4294117647058826,10.16470588235294,0.3106796116504854,0.5061008573948996,0.1544349081476469,0.5061008573948996,0.2666666666666666,"{""bet365"": {""0.5"": {""over"": -180, ""under"": 135}}}",0.5,bet365,-180.0,0.6428571428571429,True,-0.1368,1.5,,,,False,,0,False,False,2026-07-18,0.0,0.0,90.9,92.7,102.0,0.3529411764705882,0.1666666666666666,0.316625,0.412,0.2413793103448276,0.4137931034482758,0.1111111111111111,0.037037037037037,0.037037037037037,0.3571428571428571,over,
671218,Heliot Ramos,SF,SEA,0,5.0,1,682243,Bryce Miller,R,823115,10:10 PM ET,T-Mobile Park,1,1,0.203971119133574,823115,2026-07-17,R,4,4,2,0,0,0,0,0,0,1,2,3,0,3,1,1,1,0.5,1.179,1,1,1,1,1,0,0.2666666666666666,0.2903225806451613,0.7666666666666667,0.2258064516129032,0.2857142857142857,0.2833333333333333,0.064516129032258,0.0161290322580645,2.2,0.9333333333333332,0.5217391304347826,0.2608695652173913,0.4565217391304347,0.2826086956521739,0.0434782608695652,0.4003333333333333,0.7541833333333333,0.6553398058252428,0.1375661375661375,0.3434343434343434,0.1666666666666666,0.3925925925925926,0.3481481481481481,0.0296296296296296,5.5588235294117645,1.4294117647058826,10.16470588235294,0.3106796116504854,0.6814168707509047,0.2408312536735718,0.6814168707509047,0.9333333333333332,"{""bet365"": {""1.5"": {""over"": 140, ""under"": -190}}}",0.5,,,,False,,1.5,bet365,140.0,0.4166666666666667,True,-0.1758,1,True,False,2026-07-18,0.0,0.0,90.9,92.7,102.0,0.238095238095238,0.3333333333333333,0.4089833333333333,0.60595,0.2786885245901639,0.5901639344262295,0.21875,0.2758620689655172,0.4827586206896552,0.2833333333333333,,over
808982,Jung Hoo Lee,SF,SEA,0,6.0,1,682243,Bryce Miller,R,823115,10:10 PM ET,T-Mobile Park,0,1,0.203971119133574,823115,2026-07-17,L,4,4,0,0,0,0,0,0,0,1,0,3,0,1,1,2,0,0.1936666666666666,0.2053333333333333,0,0,0,0,1,0,0.1698113207547169,0.1851851851851851,0.8867924528301887,0.1111111111111111,0.1914893617021276,0.0377358490566037,0.0,0.037037037037037,0.7333333333333333,0.4,0.1702127659574468,0.1914893617021276,0.574468085106383,0.1489361702127659,0.0,0.2282544444444444,0.2713544444444444,0.6553398058252428,0.1375661375661375,0.3434343434343434,0.1666666666666666,0.3925925925925926,0.3481481481481481,0.0296296296296296,5.5588235294117645,1.4294117647058826,10.16470588235294,0.3106796116504854,0.4605721850704591,0.0941024034952466,0.4605721850704591,0.4,"{""bet365"": {""0.5"": {""over"": -105, ""under"": -130}}}",0.5,bet365,-105.0,0.5121951219512195,True,-0.0516,1.5,,,,False,,0,False,False,2026-07-18,0.0,0.0,90.9,92.7,102.0,0.125,0.1875,0.2375166666666666,0.2979999999999999,0.196078431372549,0.3137254901960784,0.0555555555555555,0.3035714285714285,0.4464285714285714,0.1525423728813559,over,
650333,Luis Arraez,SF,SEA,0,1.0,1,682243,Bryce Miller,R,823115,10:10 PM ET,T-Mobile Park,0,1,0.203971119133574,823115,2026-07-17,L,4,3,0,0,0,0,1,0,0,0,0,3,0,0,1,1,0,0.0333333333333333,0.0376666666666666,0,0,0,0,0,0,0.3898305084745763,0.4307692307692308,0.9491525423728814,0.0454545454545454,0.3928571428571428,0.1694915254237288,0.0151515151515151,0.0757575757575757,2.2,0.2,0.2413793103448276,0.3103448275862069,0.396551724137931,0.2758620689655172,0.0,0.3236455555555555,0.4497888888888888,0.6553398058252428,0.1375661375661375,0.3434343434343434,0.1666666666666666,0.3925925925925926,0.3481481481481481,0.0296296296296296,5.5588235294117645,1.4294117647058826,10.16470588235294,0.3106796116504854,0.3639426133131639,0.0566209602508062,0.3639426133131639,0.2,"{""bet365"": {""0.5"": {""over"": 255, ""under"": -360}}}",0.5,bet365,255.0,0.2816901408450704,True,0.0823,1.5,,,,False,,0,False,False,2026-07-18,0.0,0.0,90.9,92.7,102.0,0.45,0.0454545454545454,0.32495,0.3863333333333333,0.2982456140350877,0.4736842105263157,0.0153846153846153,0.3389830508474576,0.5423728813559322,0.0769230769230769,over,
646240,Rafael Devers,SF,SEA,0,4.0,1,682243,Bryce Miller,R,823115,10:10 PM ET,T-Mobile Park,0,1,0.203971119133574,823115,2026-07-17,L,4,3,0,0,0,0,1,0,0,1,0,2,0,2,0,1,1,0.4379999999999999,0.7825,0,0,0,0,1,0,0.3461538461538461,0.4444444444444444,0.8269230769230769,0.1428571428571428,0.2972972972972973,0.4423076923076923,0.1111111111111111,0.0317460317460317,2.7333333333333334,0.6,0.4772727272727273,0.1363636363636363,0.3636363636363636,0.4545454545454545,0.0454545454545454,0.3491499999999999,0.8806166666666666,0.6553398058252428,0.1375661375661375,0.3434343434343434,0.1666666666666666,0.3925925925925926,0.3481481481481481,0.0296296296296296,5.5588235294117645,1.4294117647058826,10.16470588235294,0.3106796116504854,0.6014356367923285,0.2015346036001547,0.6014356367923285,0.6,"{""bet365"": {""1.5"": {""over"": 170, ""under"": -230}}}",0.5,,,,False,,1.5,bet365,170.0,0.3703703703703703,True,-0.1688,3,True,True,2026-07-18,0.0,0.0,90.9,92.7,102.0,0.3529411764705882,0.1363636363636363,0.2663166666666668,0.3777833333333334,0.3725490196078431,0.9411764705882352,0.1428571428571428,0.1929824561403508,0.3684210526315789,0.265625,,over
642715,Willy Adames,SF,SEA,0,7.0,1,682243,Bryce Miller,R,823115,10:10 PM ET,T-Mobile Park,1,1,0.203971119133574,823115,2026-07-17,R,4,4,3,0,0,0,0,0,0,0,3,4,0,0,0,2,2,0.5055000000000001,0.56475,1,1,1,1,0,0,0.2264150943396226,0.3278688524590163,0.6415094339622641,0.3114754098360656,0.3125,0.1698113207547169,0.0327868852459016,0.0491803278688524,1.4,1.2666666666666666,0.3529411764705882,0.2058823529411764,0.3529411764705882,0.3235294117647059,0.0,0.3233166666666667,0.5130666666666667,0.6553398058252428,0.1375661375661375,0.3434343434343434,0.1666666666666666,0.3925925925925926,0.3481481481481481,0.0296296296296296,5.5588235294117645,1.4294117647058826,10.16470588235294,0.3106796116504854,0.721404729327049,0.2812765791065929,0.721404729327049,1.2666666666666666,"{""bet365"": {""1.5"": {""over"": 160, ""under"": -220}}}",0.5,,,,False,,1.5,bet365,160.0,0.3846153846153846,True,-0.1033,2,True,True,2026-07-18,0.0,0.0,90.9,92.7,102.0,0.1052631578947368,0.2857142857142857,0.3292166666666666,0.5494000000000001,0.1454545454545454,0.3090909090909091,0.2833333333333333,0.2909090909090909,0.5818181818181818,0.2419354838709677,,over
