batter,player_name,team_abbr,opp_team,is_home,bat_order,in_lineup,pitcher_id,pitcher_name,p_throws,game_id,game_time,stadium,stand_R,p_throws_R,opp_k_pct_15,game_pk,game_date,stand,pa,ab,h,doubles,triples,hr,bb,hbp,sf,k,tb,batted_balls,barrels,hard_hits,fly_balls,ground_balls,line_drives,avg_xba,avg_xslg,target_hit_1plus,target_hit_2plus,target_tb_1plus,target_tb_2plus,target_k_1plus,target_k_2plus,batting_avg_15,obp_15,contact_rate_15,k_rate_15,babip_15,iso_15,hr_rate_15,doubles_rate_15,avg_total_bases_15,avg_k_per_game_15,hard_hit_pct_15,line_drive_pct_15,gb_pct_15,fly_ball_pct_15,barrel_pct_15,xba_15,xslg_15,p_contact_rate_allowed_10,p_babip_allowed_10,p_slg_allowed_10,p_iso_allowed_10,p_gb_pct_10,p_fb_pct_10,p_barrel_pct_allowed_10,p_hits_per9_10,p_hr_per9_10,p_k_per9_10,p_k_rate_10,p_hit_1plus,p_hit_2plus,adj_prob,pred_hits,book_markets,primary_line,primary_best_book,primary_best_odds,primary_book_implied,primary_has_line,primary_edge,secondary_line,secondary_best_book,secondary_best_odds,secondary_book_implied,secondary_has_line,secondary_edge,actual,hit_primary,hit_secondary,log_date,is_dome,wind_out,hit_factor,tb_factor,hr_factor,batting_avg_last_5,k_rate_last_5,xba_last_5,xslg_last_5,batting_avg_vs_R_15,slg_vs_R_15,k_rate_vs_R_15,batting_avg_vs_L_15,slg_vs_L_15,k_rate_vs_L_15,primary_side,secondary_side
664761,Alec Bohm,PHI,NYM,1,5.0,1,681035,Christian Scott,R,823440,6:10 PM ET,,1,1,0.2460176991150442,824250,2026-07-16,R,5,5,1,0,0,0,0,0,0,1,1,4,0,3,2,1,1,0.225,0.34875,1,0,1,0,1,0,0.1607142857142857,0.2769230769230769,0.7678571428571429,0.2,0.1707317073170731,0.1785714285714285,0.0307692307692307,0.0615384615384615,1.2666666666666666,0.8666666666666667,0.3953488372093023,0.3023255813953488,0.4883720930232558,0.1627906976744186,0.0465116279069767,0.286411111111111,0.5011888888888889,0.5931372549019608,0.1965317919075144,0.3944444444444444,0.1666666666666666,0.3057851239669421,0.3057851239669421,0.0330578512396694,7.741258741258741,1.3216783216783217,11.13986013986014,0.2892156862745098,0.557437955511146,0.1722172853762286,0.557437955511146,0.1607142857142857,"{""bet365"": {""0.5"": -220}, ""betmgm"": {""0.5"": 160}, ""draftkings"": {""0.5"": -206}, ""fanduel"": {""0.5"": 320}}",0.5,fanduel,320.0,0.238095238095238,True,0.3193,1.5,,,,False,,0,False,False,2026-07-16,,,,,,,,,,,,,,,,,
669016,Brandon Marsh,PHI,NYM,1,4.0,1,681035,Christian Scott,R,823440,6:10 PM ET,,0,1,0.2460176991150442,824250,2026-07-16,L,4,3,0,0,0,0,1,0,0,1,0,2,0,0,0,2,0,0.045,0.0539999999999999,0,0,0,0,1,0,0.2258064516129032,0.2835820895522388,0.6612903225806451,0.3134328358208955,0.2702702702702703,0.2096774193548387,0.0597014925373134,0.0149253731343283,1.8,1.4,0.4390243902439024,0.2195121951219512,0.3658536585365853,0.3414634146341463,0.0975609756097561,0.3393,0.6619777777777778,0.5931372549019608,0.1965317919075144,0.3944444444444444,0.1666666666666666,0.3057851239669421,0.3057851239669421,0.0330578512396694,7.741258741258741,1.3216783216783217,11.13986013986014,0.2892156862745098,0.5800935910524136,0.186826463560228,0.5800935910524136,0.2258064516129032,"{""bet365"": {""0.5"": -235}, ""betmgm"": {""0.5"": 130}, ""draftkings"": {""0.5"": -232}, ""fanduel"": {""0.5"": -250}}",0.5,betmgm,130.0,0.4347826086956521,True,0.1453,1.5,,,,False,,0,False,False,2026-07-16,,,,,,,,,,,,,,,,,
547180,Bryce Harper,PHI,NYM,1,3.0,1,681035,Christian Scott,R,823440,6:10 PM ET,,0,1,0.2460176991150442,824250,2026-07-16,L,5,5,1,0,0,0,0,0,0,1,1,4,0,1,0,4,0,0.22725,0.25075,1,0,1,0,1,0,0.2222222222222222,0.3384615384615385,0.6851851851851852,0.2615384615384615,0.2777777777777778,0.1666666666666666,0.0307692307692307,0.0461538461538461,1.4,1.1333333333333333,0.5263157894736842,0.131578947368421,0.5,0.3421052631578947,0.0263157894736842,0.3566130952380952,0.5692797619047619,0.5931372549019608,0.1965317919075144,0.3944444444444444,0.1666666666666666,0.3057851239669421,0.3057851239669421,0.0330578512396694,7.741258741258741,1.3216783216783217,11.13986013986014,0.2892156862745098,0.583222869698651,0.2096781126642097,0.583222869698651,0.2222222222222222,"{""bet365"": {""0.5"": -250}, ""betmgm"": {""1.5"": 125}, ""draftkings"": {""0.5"": -252}, ""fanduel"": {""0.5"": -250}}",0.5,bet365,-250.0,0.7142857142857143,True,-0.1311,1.5,betmgm,125.0,0.4444444444444444,True,-0.2348,1,True,False,2026-07-16,,,,,,,,,,,,,,,,,
681082,Bryson Stott,PHI,NYM,1,6.0,1,681035,Christian Scott,R,823440,6:10 PM ET,,0,1,0.2460176991150442,824250,2026-07-16,L,4,4,2,1,0,0,0,0,0,0,3,4,0,0,1,3,0,0.308,0.33975,1,1,1,1,0,0,0.2857142857142857,0.3492063492063492,0.7857142857142857,0.1904761904761904,0.3555555555555555,0.0535714285714285,0.0,0.0158730158730158,1.2666666666666666,0.8,0.3333333333333333,0.2222222222222222,0.3777777777777777,0.3333333333333333,0.0222222222222222,0.3848655555555555,0.5227144444444444,0.5931372549019608,0.1965317919075144,0.3944444444444444,0.1666666666666666,0.3057851239669421,0.3057851239669421,0.0330578512396694,7.741258741258741,1.3216783216783217,11.13986013986014,0.2892156862745098,0.5435898914835654,0.1948504618173256,0.5435898914835654,0.2857142857142857,"{""bet365"": {""0.5"": -210}, ""betmgm"": {""0.5"": 200}, ""draftkings"": {""0.5"": -224}, ""fanduel"": {""0.5"": -220}}",0.5,betmgm,200.0,0.3333333333333333,True,0.2103,1.5,,,,False,,0,False,False,2026-07-16,,,,,,,,,,,,,,,,,
656537,Derek Hill,PHI,NYM,1,,0,681035,Christian Scott,R,823440,6:10 PM ET,,1,1,0.2460176991150442,824250,2026-07-16,R,4,4,0,0,0,0,0,0,0,4,0,0,0,0,0,0,0,0.2836666666666667,0.3263333333333333,0,0,0,0,1,1,0.3846153846153846,0.4146341463414634,0.6410256410256411,0.3333333333333333,0.5454545454545454,0.282051282051282,0.0714285714285714,0.0476190476190476,1.7333333333333334,0.9333333333333332,0.3846153846153846,0.3461538461538461,0.3076923076923077,0.3076923076923077,0.0769230769230769,0.4806410256410257,0.8393974358974359,0.5931372549019608,0.1965317919075144,0.3944444444444444,0.1666666666666666,0.3057851239669421,0.3057851239669421,0.0330578512396694,7.741258741258741,1.3216783216783217,11.13986013986014,0.2892156862745098,0.6000598061295783,0.1892340232830651,0.6000598061295783,0.3846153846153846,,0.5,,,,False,,1.5,,,,False,,0,False,False,2026-07-16,,,,,,,,,,,,,,,,,
624641,Edmundo Sosa,PHI,NYM,1,,0,681035,Christian Scott,R,823440,6:10 PM ET,,1,1,0.2460176991150442,824250,2026-07-16,R,4,2,0,0,0,0,1,0,0,1,0,2,0,0,1,1,0,0.011,0.015,0,0,0,0,1,0,0.2553191489361702,0.2941176470588235,0.851063829787234,0.1346153846153846,0.2564102564102564,0.1914893617021276,0.0384615384615384,0.0192307692307692,1.4,0.4666666666666667,0.4634146341463415,0.2926829268292683,0.4634146341463415,0.2195121951219512,0.0,0.3494,0.5731333333333333,0.5931372549019608,0.1965317919075144,0.3944444444444444,0.1666666666666666,0.3057851239669421,0.3057851239669421,0.0330578512396694,7.741258741258741,1.3216783216783217,11.13986013986014,0.2892156862745098,0.635165245092159,0.254046093797681,0.635165245092159,0.2553191489361702,,0.5,,,,False,,1.5,,,,False,,0,False,False,2026-07-16,,,,,,,,,,,,,,,,,
687282,Gabriel Rincones Jr.,PHI,NYM,1,8.0,1,681035,Christian Scott,R,823440,6:10 PM ET,,0,1,0.2460176991150442,824249,2026-07-16,L,4,4,0,0,0,0,0,0,0,1,0,3,0,0,1,2,0,0.0843333333333333,0.0956666666666666,0,0,0,0,1,0,0.2291666666666666,0.2692307692307692,0.6875,0.2884615384615384,0.303030303030303,0.125,0.0192307692307692,0.0576923076923076,1.1333333333333333,1.0,0.4411764705882353,0.2058823529411764,0.4411764705882353,0.2647058823529412,0.0294117647058823,0.2599523809523809,0.4486369047619047,0.5931372549019608,0.1965317919075144,0.3944444444444444,0.1666666666666666,0.3057851239669421,0.3057851239669421,0.0330578512396694,7.741258741258741,1.3216783216783217,11.13986013986014,0.2892156862745098,0.5104559085978905,0.1532434057680385,0.5104559085978905,0.2291666666666666,,0.5,,,,False,,1.5,,,,False,,0,False,False,2026-07-16,,,,,,,,,,,,,,,,,
596117,Garrett Stubbs,PHI,NYM,1,,0,681035,Christian Scott,R,823440,6:10 PM ET,,0,1,0.2460176991150442,824089,2026-07-16,L,1,1,1,0,0,0,0,0,0,0,1,1,0,0,1,0,0,0.531,0.553,1,0,1,0,0,0,0.1388888888888889,0.2558139534883721,0.7222222222222222,0.2325581395348837,0.1851851851851851,0.0,0.0,0.0,0.3333333333333333,0.6666666666666666,0.2962962962962963,0.2222222222222222,0.4814814814814814,0.1851851851851851,0.0,0.2294259259259259,0.2835092592592592,0.5931372549019608,0.1965317919075144,0.3944444444444444,0.1666666666666666,0.3057851239669421,0.3057851239669421,0.0330578512396694,7.741258741258741,1.3216783216783217,11.13986013986014,0.2892156862745098,0.5604103510786761,0.1912208548492157,0.5604103510786761,0.1388888888888889,,0.5,,,,False,,1.5,,,,False,,0,False,False,2026-07-16,,,,,,,,,,,,,,,,,
592663,J.T. Realmuto,PHI,NYM,1,7.0,1,681035,Christian Scott,R,823440,6:10 PM ET,,1,1,0.2460176991150442,824250,2026-07-16,R,4,3,2,1,0,0,0,1,0,0,3,3,0,2,0,1,2,0.6033333333333334,0.7480000000000001,1,1,1,1,0,0,0.1698113207547169,0.25,0.7358490566037735,0.2333333333333333,0.1842105263157894,0.1886792452830188,0.0333333333333333,0.0666666666666666,1.2666666666666666,0.9333333333333332,0.325,0.25,0.375,0.35,0.0,0.2442244444444444,0.3575233333333333,0.5931372549019608,0.1965317919075144,0.3944444444444444,0.1666666666666666,0.3057851239669421,0.3057851239669421,0.0330578512396694,7.741258741258741,1.3216783216783217,11.13986013986014,0.2892156862745098,0.5336373397969929,0.1663159136856007,0.5336373397969929,0.1698113207547169,"{""bet365"": {""0.5"": -170}, ""draftkings"": {""0.5"": -180}, ""fanduel"": {""0.5"": -180}}",0.5,bet365,-170.0,0.6296296296296297,True,-0.096,1.5,,,,False,,1,True,False,2026-07-16,,,,,,,,,,,,,,,,,
702222,Justin Crawford,PHI,NYM,1,9.0,1,681035,Christian Scott,R,823440,6:10 PM ET,,0,1,0.2460176991150442,824494,2026-07-16,L,3,3,1,0,0,0,0,0,0,0,1,3,0,2,1,1,1,0.3846666666666666,0.4646666666666666,1,0,1,0,0,0,0.3469387755102041,0.3725490196078431,0.7959183673469388,0.1886792452830188,0.4358974358974359,0.0816326530612244,0.0,0.0377358490566037,1.4,0.6666666666666666,0.2926829268292683,0.3414634146341463,0.5365853658536586,0.1219512195121951,0.0,0.4203846153846153,0.5083910256410256,0.5931372549019608,0.1965317919075144,0.3944444444444444,0.1666666666666666,0.3057851239669421,0.3057851239669421,0.0330578512396694,7.741258741258741,1.3216783216783217,11.13986013986014,0.2892156862745098,0.3522399541866754,0.0810863687925157,0.3522399541866754,0.3469387755102041,"{""bet365"": {""0.5"": -180}, ""draftkings"": {""0.5"": -192}, ""fanduel"": {""0.5"": -195}}",0.5,bet365,-180.0,0.6428571428571429,True,-0.2906,1.5,,,,False,,0,False,False,2026-07-16,,,,,,,,,,,,,,,,,
656941,Kyle Schwarber,PHI,NYM,1,2.0,1,681035,Christian Scott,R,823440,6:10 PM ET,,0,1,0.2460176991150442,824250,2026-07-16,L,5,5,2,0,0,0,0,0,0,3,2,2,0,0,0,0,2,0.953,1.045,1,1,1,1,1,1,0.2363636363636363,0.3484848484848485,0.5636363636363636,0.3636363636363636,0.3448275862068966,0.1636363636363636,0.0454545454545454,0.0,1.4666666666666666,1.6,0.59375,0.28125,0.3125,0.25,0.0,0.3547738095238095,0.6585000000000001,0.5931372549019608,0.1965317919075144,0.3944444444444444,0.1666666666666666,0.3057851239669421,0.3057851239669421,0.0330578512396694,7.741258741258741,1.3216783216783217,11.13986013986014,0.2892156862745098,0.5832629548732842,0.176085267825801,0.5832629548732842,0.2363636363636363,"{""bet365"": {""0.5"": -190}, ""betmgm"": {""0.5"": 160}, ""draftkings"": {""0.5"": -203}, ""fanduel"": {""0.5"": -195}}",0.5,betmgm,160.0,0.3846153846153846,True,0.1986,1.5,,,,False,,1,True,False,2026-07-16,,,,,,,,,,,,,,,,,
665561,Rafael Marchán,PHI,NYM,1,,0,681035,Christian Scott,R,823440,6:10 PM ET,,0,1,0.2460176991150442,824252,2026-07-16,L,4,4,0,0,0,0,0,0,0,0,0,4,0,0,1,2,0,0.18,0.2065,0,0,0,0,0,0,0.1666666666666666,0.1935483870967742,0.9,0.0967741935483871,0.1538461538461538,0.1,0.032258064516129,0.0,0.5333333333333333,0.2,0.1481481481481481,0.2592592592592592,0.3333333333333333,0.1851851851851851,0.0,0.3073076923076923,0.3919102564102564,0.5931372549019608,0.1965317919075144,0.3944444444444444,0.1666666666666666,0.3057851239669421,0.3057851239669421,0.0330578512396694,7.741258741258741,1.3216783216783217,11.13986013986014,0.2892156862745098,0.6066002578438995,0.176250780790553,0.6066002578438995,0.1666666666666666,,0.5,,,,False,,1.5,,,,False,,0,False,False,2026-07-16,,,,,,,,,,,,,,,,,
607208,Trea Turner,PHI,NYM,1,1.0,1,681035,Christian Scott,R,823440,6:10 PM ET,,1,1,0.2460176991150442,824250,2026-07-16,R,5,4,1,0,0,0,1,0,0,1,1,3,0,1,1,1,1,0.317,0.564,1,0,1,0,1,0,0.2698412698412698,0.2985074626865671,0.7777777777777778,0.208955223880597,0.2978723404255319,0.1904761904761904,0.044776119402985,0.044776119402985,1.933333333333333,0.9333333333333332,0.46,0.18,0.44,0.32,0.04,0.2937455555555555,0.5265788888888889,0.5931372549019608,0.1965317919075144,0.3944444444444444,0.1666666666666666,0.3057851239669421,0.3057851239669421,0.0330578512396694,7.741258741258741,1.3216783216783217,11.13986013986014,0.2892156862745098,0.6331556610426575,0.2426604576095496,0.6331556610426575,0.2698412698412698,"{""bet365"": {""1.5"": 185}, ""draftkings"": {""0.5"": -266}, ""fanduel"": {""0.5"": -260}}",0.5,fanduel,-260.0,0.7222222222222222,True,-0.0891,1.5,bet365,185.0,0.3508771929824561,True,-0.1082,1,True,False,2026-07-16,,,,,,,,,,,,,,,,,
805999,A.J. Ewing,NYM,PHI,0,1.0,1,605400,Aaron Nola,R,823440,6:10 PM ET,,0,1,0.1899827288428324,823602,2026-07-16,L,4,4,1,1,0,0,0,0,0,3,2,1,0,1,0,1,0,0.571,0.638,1,0,1,1,1,1,0.3148148148148148,0.3728813559322034,0.7592592592592593,0.2203389830508474,0.3513513513513513,0.2407407407407407,0.0677966101694915,0.0169491525423728,2.0,0.8666666666666667,0.4390243902439024,0.1463414634146341,0.4878048780487805,0.3414634146341463,0.024390243902439,0.3055611111111111,0.5823555555555555,0.7072072072072072,0.2421052631578947,0.5346534653465347,0.2475247524752475,0.4012738853503185,0.3248407643312102,0.019108280254777,10.44,2.16,9.0,0.2252252252252252,0.6795752551844542,0.2771664998609524,0.6795752551844542,0.3148148148148148,"{""bet365"": {""0.5"": -245}, ""draftkings"": {""0.5"": -234}, ""fanduel"": {""0.5"": -250}}",0.5,draftkings,-234.0,0.7005988023952096,True,-0.021,1.5,,,,False,,1,True,False,2026-07-16,,,,,,,,,,,,,,,,,
666182,Bo Bichette,NYM,PHI,0,3.0,1,605400,Aaron Nola,R,823440,6:10 PM ET,,1,1,0.1899827288428324,823602,2026-07-16,R,1,1,0,0,0,0,0,0,0,0,0,1,0,1,0,1,0,0.133,0.135,0,0,0,0,0,0,0.2678571428571428,0.3174603174603174,0.8035714285714286,0.1746031746031746,0.3191489361702128,0.0357142857142857,0.0,0.0317460317460317,1.1333333333333333,0.7333333333333333,0.3617021276595745,0.2553191489361702,0.4893617021276595,0.2127659574468085,0.0212765957446808,0.3071607142857143,0.4054857142857143,0.7072072072072072,0.2421052631578947,0.5346534653465347,0.2475247524752475,0.4012738853503185,0.3248407643312102,0.019108280254777,10.44,2.16,9.0,0.2252252252252252,0.6654061924510171,0.2674566276835559,0.6654061924510171,0.2678571428571428,"{""bet365"": {""1.5"": 185}, ""draftkings"": {""0.5"": -270}, ""fanduel"": {""0.5"": -280}}",0.5,draftkings,-270.0,0.7297297297297297,True,-0.0643,1.5,bet365,185.0,0.3508771929824561,True,-0.0834,0,False,False,2026-07-16,,,,,,,,,,,,,,,,,
683146,Brett Baty,NYM,PHI,0,8.0,1,605400,Aaron Nola,R,823440,6:10 PM ET,,0,1,0.1899827288428324,823602,2026-07-16,L,4,4,0,0,0,0,0,0,0,1,0,3,0,1,1,2,0,0.2383333333333333,0.2823333333333333,0,0,0,0,1,0,0.2549019607843137,0.3220338983050847,0.7450980392156863,0.2203389830508474,0.3076923076923077,0.1372549019607843,0.0169491525423728,0.0677966101694915,1.3333333333333333,0.8666666666666667,0.475,0.3,0.4,0.275,0.025,0.3980166666666667,0.6296333333333333,0.7072072072072072,0.2421052631578947,0.5346534653465347,0.2475247524752475,0.4012738853503185,0.3248407643312102,0.019108280254777,10.44,2.16,9.0,0.2252252252252252,0.585527375360363,0.2239994812067247,0.585527375360363,0.2549019607843137,"{""bet365"": {""0.5"": -135}, ""draftkings"": {""0.5"": -143}, ""fanduel"": {""0.5"": -155}}",0.5,bet365,-135.0,0.574468085106383,True,0.0111,1.5,,,,False,,2,True,True,2026-07-16,,,,,,,,,,,,,,,,,
701807,Carson Benge,NYM,PHI,0,5.0,1,605400,Aaron Nola,R,823440,6:10 PM ET,,0,1,0.1899827288428324,823602,2026-07-16,L,4,4,0,0,0,0,0,0,0,3,0,1,0,1,0,1,0,0.313,0.336,0,0,0,0,1,1,0.3166666666666666,0.3787878787878788,0.8166666666666667,0.1666666666666666,0.3617021276595745,0.1333333333333333,0.0303030303030303,0.0303030303030303,1.8,0.7333333333333333,0.3469387755102041,0.2653061224489796,0.4693877551020408,0.2244897959183673,0.0204081632653061,0.4264111111111111,0.5868888888888889,0.7072072072072072,0.2421052631578947,0.5346534653465347,0.2475247524752475,0.4012738853503185,0.3248407643312102,0.019108280254777,10.44,2.16,9.0,0.2252252252252252,0.6487234715793992,0.2602528618979847,0.6487234715793992,0.3166666666666666,"{""bet365"": {""0.5"": -235}, ""draftkings"": {""0.5"": -220}, ""fanduel"": {""0.5"": -240}}",0.5,draftkings,-220.0,0.6875,True,-0.0388,1.5,,,,False,,1,True,False,2026-07-16,,,,,,,,,,,,,,,,,
676572,Eric Wagaman,NYM,PHI,0,,0,605400,Aaron Nola,R,823440,6:10 PM ET,,1,1,0.1899827288428324,823602,2026-07-16,R,3,3,0,0,0,0,0,0,0,1,0,2,0,0,0,2,0,0.0925,0.095,0,0,0,0,1,0,0.1851851851851851,0.2903225806451613,0.7407407407407407,0.21875,0.2105263157894736,0.1111111111111111,0.03125,0.0,0.5333333333333333,0.4666666666666667,0.25,0.3,0.5,0.15,0.05,0.2675,0.3533181818181818,0.7072072072072072,0.2421052631578947,0.5346534653465347,0.2475247524752475,0.4012738853503185,0.3248407643312102,0.019108280254777,10.44,2.16,9.0,0.2252252252252252,0.6274373523948621,0.2543358573602357,0.6274373523948621,0.1851851851851851,,0.5,,,,False,,1.5,,,,False,,0,False,False,2026-07-16,,,,,,,,,,,,,,,,,
682626,Francisco Alvarez,NYM,PHI,0,9.0,1,605400,Aaron Nola,R,823440,6:10 PM ET,,1,1,0.1899827288428324,823603,2026-07-16,R,4,3,2,0,0,0,1,0,0,1,2,2,0,1,0,1,1,0.4075,0.452,1,1,1,1,1,0,0.2222222222222222,0.2758620689655172,0.6481481481481481,0.3275862068965517,0.28125,0.2037037037037037,0.0517241379310344,0.0344827586206896,1.5333333333333334,1.2666666666666666,0.3714285714285714,0.1714285714285714,0.4571428571428571,0.2285714285714285,0.0,0.3449166666666666,0.7149940476190475,0.7072072072072072,0.2421052631578947,0.5346534653465347,0.2475247524752475,0.4012738853503185,0.3248407643312102,0.019108280254777,10.44,2.16,9.0,0.2252252252252252,0.4875092917109927,0.1375344554470823,0.4875092917109927,0.2222222222222222,"{""bet365"": {""0.5"": -150}, ""draftkings"": {""0.5"": -156}, ""fanduel"": {""0.5"": -165}}",0.5,bet365,-150.0,0.6,True,-0.1125,1.5,,,,False,,2,True,True,2026-07-16,,,,,,,,,,,,,,,,,
596019,Francisco Lindor,NYM,PHI,0,4.0,1,605400,Aaron Nola,R,823440,6:10 PM ET,,1,1,0.1899827288428324,823602,2026-07-16,R,3,3,1,1,0,0,0,0,0,0,2,3,0,1,1,0,1,0.1703333333333333,0.4053333333333333,1,0,1,1,0,0,0.1951219512195122,0.2826086956521739,0.8048780487804879,0.1739130434782608,0.1935483870967742,0.1463414634146341,0.0434782608695652,0.0,0.9333333333333332,0.5333333333333333,0.6060606060606061,0.1818181818181818,0.5151515151515151,0.2727272727272727,0.0303030303030303,0.3266515151515151,0.6246136363636363,0.7072072072072072,0.2421052631578947,0.5346534653465347,0.2475247524752475,0.4012738853503185,0.3248407643312102,0.019108280254777,10.44,2.16,9.0,0.2252252252252252,0.6379593127438377,0.2691182991853085,0.6379593127438377,0.1951219512195122,"{""bet365"": {""0.5"": -220}, ""draftkings"": {""0.5"": -197}, ""fanduel"": {""0.5"": -220}}",0.5,draftkings,-197.0,0.6632996632996633,True,-0.0253,1.5,,,,False,,0,False,False,2026-07-16,,,,,,,,,,,,,,,,,
676724,Jared Young,NYM,PHI,0,7.0,1,605400,Aaron Nola,R,823440,6:10 PM ET,,0,1,0.1899827288428324,823602,2026-07-16,L,1,1,1,0,0,0,0,0,0,0,1,1,0,1,0,0,1,0.829,1.041,1,0,1,0,0,0,0.2608695652173913,0.3461538461538461,0.8043478260869565,0.173076923076923,0.3055555555555556,0.1304347826086956,0.0192307692307692,0.0576923076923076,1.2,0.6,0.3783783783783784,0.2702702702702703,0.3513513513513513,0.2702702702702703,0.0,0.2582944444444444,0.48554,0.7072072072072072,0.2421052631578947,0.5346534653465347,0.2475247524752475,0.4012738853503185,0.3248407643312102,0.019108280254777,10.44,2.16,9.0,0.2252252252252252,0.5910235205164827,0.2196530401774335,0.5910235205164827,0.2608695652173913,"{""bet365"": {""0.5"": -140}, ""draftkings"": {""0.5"": -154}, ""fanduel"": {""0.5"": -165}}",0.5,bet365,-140.0,0.5833333333333334,True,0.0077,1.5,,,,False,,0,False,False,2026-07-16,,,,,,,,,,,,,,,,,
593871,Jorge Polanco,NYM,PHI,0,6.0,1,605400,Aaron Nola,R,823440,6:10 PM ET,,0,1,0.1899827288428324,823602,2026-07-16,L,1,1,0,0,0,0,0,0,0,1,0,0,0,0,0,0,0,0.2883333333333333,0.3243333333333333,0,0,0,0,1,0,0.2,0.217391304347826,0.8222222222222222,0.1739130434782608,0.2222222222222222,0.1111111111111111,0.0217391304347826,0.0434782608695652,0.9333333333333332,0.5333333333333333,0.2702702702702703,0.1351351351351351,0.4594594594594595,0.2972972972972973,0.027027027027027,0.2167083333333333,0.3029583333333333,0.7072072072072072,0.2421052631578947,0.5346534653465347,0.2475247524752475,0.4012738853503185,0.3248407643312102,0.019108280254777,10.44,2.16,9.0,0.2252252252252252,0.618791782783734,0.2339978545888277,0.618791782783734,0.2,"{""bet365"": {""0.5"": -190}, ""betmgm"": {""0.5"": 130}, ""draftkings"": {""0.5"": -167}, ""fanduel"": {""0.5"": -190}}",0.5,betmgm,130.0,0.4347826086956521,True,0.184,1.5,,,,False,,0,False,False,2026-07-16,,,,,,,,,,,,,,,,,
665742,Juan Soto,NYM,PHI,0,2.0,1,605400,Aaron Nola,R,823440,6:10 PM ET,,0,1,0.1899827288428324,823602,2026-07-16,L,4,4,0,0,0,0,0,0,0,1,0,3,0,1,2,1,0,0.3573333333333333,0.8973333333333332,0,0,0,0,1,0,0.2708333333333333,0.4545454545454545,0.8333333333333334,0.1212121212121212,0.2432432432432432,0.3125,0.0606060606060606,0.0151515151515151,1.8666666666666667,0.5333333333333333,0.4146341463414634,0.2926829268292683,0.2682926829268293,0.3658536585365853,0.0975609756097561,0.4035166666666666,0.910838888888889,0.7072072072072072,0.2421052631578947,0.5346534653465347,0.2475247524752475,0.4012738853503185,0.3248407643312102,0.019108280254777,10.44,2.16,9.0,0.2252252252252252,0.6096715356551722,0.237809782459208,0.6096715356551722,0.2708333333333333,"{""bet365"": {""0.5"": -270}, ""draftkings"": {""0.5"": -235}, ""fanduel"": {""0.5"": -280}}",0.5,draftkings,-235.0,0.7014925373134329,True,-0.0918,1.5,,,,False,,1,True,False,2026-07-16,,,,,,,,,,,,,,,,,
620443,Luis Torrens,NYM,PHI,0,,0,605400,Aaron Nola,R,823440,6:10 PM ET,,1,1,0.1899827288428324,823602,2026-07-16,R,3,3,1,0,0,0,0,0,0,2,1,1,0,0,0,0,1,0.649,0.697,1,0,1,0,1,1,0.2127659574468085,0.2884615384615384,0.8085106382978723,0.173076923076923,0.2432432432432432,0.0851063829787234,0.0192307692307692,0.0192307692307692,0.9333333333333332,0.6,0.2368421052631578,0.2368421052631578,0.5789473684210527,0.1052631578947368,0.0,0.24425,0.3373809523809524,0.7072072072072072,0.2421052631578947,0.5346534653465347,0.2475247524752475,0.4012738853503185,0.3248407643312102,0.019108280254777,10.44,2.16,9.0,0.2252252252252252,0.680029199706872,0.2841098301313199,0.680029199706872,0.2127659574468085,,0.5,,,,False,,1.5,,,,False,,0,False,False,2026-07-16,,,,,,,,,,,,,,,,,
543760,Marcus Semien,NYM,PHI,0,,0,605400,Aaron Nola,R,823440,6:10 PM ET,,1,1,0.1899827288428324,823611,2026-07-16,R,4,4,1,0,0,0,0,0,0,1,1,3,0,0,1,1,0,0.0886666666666666,0.1043333333333333,1,0,1,0,1,0,0.2181818181818181,0.3064516129032258,0.6909090909090909,0.2741935483870967,0.2571428571428571,0.2,0.0483870967741935,0.0,1.5333333333333334,1.1333333333333333,0.3421052631578947,0.3421052631578947,0.2368421052631578,0.2894736842105263,0.0526315789473684,0.3336222222222222,0.5563166666666667,0.7072072072072072,0.2421052631578947,0.5346534653465347,0.2475247524752475,0.4012738853503185,0.3248407643312102,0.019108280254777,10.44,2.16,9.0,0.2252252252252252,0.582230470265337,0.2460210448699265,0.582230470265337,0.2181818181818181,,0.5,,,,False,,1.5,,,,False,,0,False,False,2026-07-16,,,,,,,,,,,,,,,,,
621438,Tyrone Taylor,NYM,PHI,0,,0,605400,Aaron Nola,R,823440,6:10 PM ET,,1,1,0.1899827288428324,823602,2026-07-16,R,4,3,1,1,0,0,1,0,0,1,2,2,0,1,1,0,1,0.3899999999999999,0.818,1,0,1,1,1,0,0.2702702702702703,0.3076923076923077,0.8108108108108109,0.175,0.2592592592592592,0.3243243243243243,0.075,0.075,1.4666666666666666,0.4666666666666667,0.2903225806451613,0.1290322580645161,0.3870967741935484,0.3548387096774194,0.1290322580645161,0.265525641025641,0.5311410256410257,0.7072072072072072,0.2421052631578947,0.5346534653465347,0.2475247524752475,0.4012738853503185,0.3248407643312102,0.019108280254777,10.44,2.16,9.0,0.2252252252252252,0.6547972855499903,0.2543358573602357,0.6547972855499903,0.2702702702702703,,0.5,,,,False,,1.5,,,,False,,0,False,False,2026-07-16,,,,,,,,,,,,,,,,,
666126,Carlos Cortes,ATH,WSH,1,1.0,1,676917,Cade Cavalli,R,824981,9:40 PM ET,Sutter Health Park,0,1,0.2653429602888086,824981,2026-07-17,L,2,2,1,0,0,0,0,0,0,1,1,1,0,1,0,1,0,0.283,0.3,1,0,1,0,1,0,0.1666666666666666,0.1860465116279069,0.7142857142857143,0.2790697674418604,0.2333333333333333,0.0476190476190476,0.0,0.0465116279069767,0.6,0.8,0.3333333333333333,0.3,0.4,0.2666666666666666,0.0,0.2488375,0.3434708333333334,0.6486486486486487,0.2256410256410256,0.3762376237623762,0.1237623762376237,0.5416666666666666,0.2083333333333333,0.0277777777777777,8.770700636942676,1.2038216560509556,10.490445859872612,0.2747747747747748,0.5680210612590275,0.1258943442968585,0.5680210612590275,0.1666666666666666,"{""bet365"": {""0.5"": {""over"": -240, ""under"": 180}}, ""fanduel"": {""0.5"": {""over"": -260}}}",0.5,bet365,-240.0,0.7058823529411765,True,-0.1379,1.5,,,,False,,1,True,False,2026-07-18,0.0,1.0,106.1,109.2,113.8,0.2857142857142857,0.2666666666666666,0.2479374999999999,0.396375,0.1666666666666666,0.2142857142857142,0.2790697674418604,0.2777777777777778,0.3333333333333333,0.2857142857142857,over,
622268,Donovan Walton,ATH,WSH,1,7.0,1,676917,Cade Cavalli,R,824981,9:40 PM ET,Sutter Health Park,0,1,0.2653429602888086,824981,2026-07-17,L,1,1,1,1,0,0,0,0,0,0,2,1,0,1,0,0,1,0.331,0.513,1,0,1,1,0,0,0.3469387755102041,0.3846153846153846,0.8163265306122449,0.173076923076923,0.3783783783783784,0.2653061224489796,0.0576923076923076,0.0769230769230769,2.0,0.6,0.35,0.35,0.375,0.225,0.0,0.3179733333333333,0.4571922222222222,0.6486486486486487,0.2256410256410256,0.3762376237623762,0.1237623762376237,0.5416666666666666,0.2083333333333333,0.0277777777777777,8.770700636942676,1.2038216560509556,10.490445859872612,0.2747747747747748,0.5649678047743272,0.1789552916012278,0.5649678047743272,0.3469387755102041,"{""bet365"": {""0.5"": {""over"": -150, ""under"": 110}}, ""betmgm"": {""0.5"": {""over"": -190, ""under"": 140}}, ""draftkings"": {""0.5"": {""over"": -152, ""under"": 114}}, ""fanduel"": {""0.5"": {""over"": -185}}}",0.5,bet365,-150.0,0.6,True,-0.035,1.5,,,,False,,0,False,False,2026-07-18,0.0,1.0,106.1,109.2,113.8,0.1875,0.3333333333333333,0.3257666666666666,0.4262666666666666,0.3265306122448979,0.5306122448979592,0.2075471698113207,0.1714285714285714,0.3428571428571428,0.1081081081081081,over,
703607,Henry Bolte,ATH,WSH,1,8.0,1,676917,Cade Cavalli,R,824981,9:40 PM ET,Sutter Health Park,1,1,0.2653429602888086,824981,2026-07-17,R,3,3,0,0,0,0,0,0,0,1,0,2,0,2,0,2,0,0.4335,0.4765,0,0,0,0,1,0,0.1785714285714285,0.2333333333333333,0.7142857142857143,0.2622950819672131,0.2307692307692307,0.0535714285714285,0.0163934426229508,0.0,0.8666666666666667,1.0666666666666669,0.35,0.125,0.7,0.15,0.0,0.2736544444444444,0.4299788888888889,0.6486486486486487,0.2256410256410256,0.3762376237623762,0.1237623762376237,0.5416666666666666,0.2083333333333333,0.0277777777777777,8.770700636942676,1.2038216560509556,10.490445859872612,0.2747747747747748,0.4574410096840282,0.1482912336521095,0.4574410096840282,0.1785714285714285,"{""bet365"": {""0.5"": {""over"": -210, ""under"": 155}}, ""betmgm"": {""0.5"": {""over"": -190, ""under"": 140}}, ""fanduel"": {""0.5"": {""over"": -200}}}",0.5,betmgm,-190.0,0.6551724137931034,True,-0.1977,1.5,,,,False,,1,True,False,2026-07-18,0.0,1.0,106.1,109.2,113.8,0.0666666666666666,0.3529411764705882,0.2169,0.3934666666666666,0.2857142857142857,0.3877551020408163,0.2372881355932203,0.1929824561403508,0.3157894736842105,0.360655737704918,over,
805779,Jacob Wilson,ATH,WSH,1,2.0,1,676917,Cade Cavalli,R,824981,9:40 PM ET,Sutter Health Park,1,1,0.2653429602888086,824981,2026-07-17,R,4,4,1,0,0,0,0,0,0,0,1,4,0,2,1,1,2,0.3705,0.5695,1,0,1,0,0,0,0.2678571428571428,0.3278688524590163,0.875,0.1147540983606557,0.2916666666666667,0.125,0.0163934426229508,0.0327868852459016,1.4666666666666666,0.4666666666666667,0.2448979591836734,0.2653061224489796,0.5510204081632653,0.1632653061224489,0.0,0.3374444444444445,0.4136166666666667,0.6486486486486487,0.2256410256410256,0.3762376237623762,0.1237623762376237,0.5416666666666666,0.2083333333333333,0.0277777777777777,8.770700636942676,1.2038216560509556,10.490445859872612,0.2747747747747748,0.6790149200611326,0.2279674878018922,0.6790149200611326,0.2678571428571428,"{""bet365"": {""1.5"": {""over"": 135, ""under"": -180}}, ""fanduel"": {""0.5"": {""over"": -390}}}",0.5,fanduel,-390.0,0.7959183673469388,True,-0.1169,1.5,bet365,135.0,0.425531914893617,True,-0.1976,1,True,False,2026-07-18,0.0,1.0,106.1,109.2,113.8,0.3333333333333333,0.1052631578947368,0.3641333333333333,0.4277499999999999,0.2727272727272727,0.4363636363636363,0.15,0.2758620689655172,0.3448275862068966,0.0923076923076923,over,over
811965,Joshua Kuroda-Grauer,ATH,WSH,1,5.0,1,676917,Cade Cavalli,R,824981,9:40 PM ET,Sutter Health Park,1,1,0.2653429602888086,824981,2026-07-17,R,4,4,1,1,0,0,0,0,0,0,2,4,0,3,0,2,1,0.33325,0.47675,1,0,1,1,0,0,0.4130434782608695,0.425531914893617,0.8478260869565217,0.1489361702127659,0.4871794871794871,0.108695652173913,0.0,0.1063829787234042,1.8461538461538465,0.5384615384615384,0.282051282051282,0.282051282051282,0.5384615384615384,0.1538461538461538,0.0,0.3205530303030303,0.3906212121212121,0.6486486486486487,0.2256410256410256,0.3762376237623762,0.1237623762376237,0.5416666666666666,0.2083333333333333,0.0277777777777777,8.770700636942676,1.2038216560509556,10.490445859872612,0.2747747747747748,0.6046728813516332,0.1588376830973271,0.6046728813516332,0.4130434782608695,"{""bet365"": {""1.5"": {""over"": 200, ""under"": -275}}, ""draftkings"": {""1.5"": {""over"": 179, ""under"": -242}}, ""fanduel"": {""0.5"": {""over"": -320}}}",0.5,fanduel,-320.0,0.7619047619047619,True,-0.1572,1.5,bet365,200.0,0.3333333333333333,True,-0.1745,2,True,True,2026-07-18,0.0,1.0,106.1,109.2,113.8,0.4736842105263157,0.1578947368421052,0.3116,0.376,0.4090909090909091,0.4545454545454545,0.217391304347826,0.4,0.55,0.1,over,over
671732,Lawrence Butler,ATH,WSH,1,6.0,1,676917,Cade Cavalli,R,824981,9:40 PM ET,Sutter Health Park,0,1,0.2653429602888086,824981,2026-07-17,L,4,4,0,0,0,0,0,0,0,2,0,2,0,0,0,2,0,0.068,0.0785,0,0,0,0,1,1,0.2325581395348837,0.4,0.6976744186046512,0.2363636363636363,0.3333333333333333,0.0697674418604651,0.0,0.0545454545454545,0.8666666666666667,0.8666666666666667,0.4666666666666667,0.3333333333333333,0.5333333333333333,0.1333333333333333,0.0,0.334422619047619,0.4231607142857143,0.6486486486486487,0.2256410256410256,0.3762376237623762,0.1237623762376237,0.5416666666666666,0.2083333333333333,0.0277777777777777,8.770700636942676,1.2038216560509556,10.490445859872612,0.2747747747747748,0.5524104291731516,0.166689589060604,0.5524104291731516,0.2325581395348837,"{""bet365"": {""0.5"": {""over"": -170, ""under"": 130}}, ""betmgm"": {""0.5"": {""over"": 175, ""under"": -235}}, ""fanduel"": {""0.5"": {""over"": -185}}}",0.5,betmgm,175.0,0.3636363636363636,True,0.1888,1.5,,,,False,,1,True,False,2026-07-18,0.0,1.0,106.1,109.2,113.8,0.1538461538461538,0.2352941176470588,0.29,0.3281000000000001,0.2439024390243902,0.4146341463414634,0.3125,0.1578947368421052,0.1578947368421052,0.25,over,
669127,Shea Langeliers,ATH,WSH,1,4.0,1,676917,Cade Cavalli,R,824981,9:40 PM ET,Sutter Health Park,1,1,0.2653429602888086,824981,2026-07-17,R,4,4,1,0,0,1,0,0,0,0,4,4,1,3,1,3,0,0.39575,1.0215,1,0,1,1,0,0,0.1851851851851851,0.2786885245901639,0.5555555555555556,0.3934426229508196,0.3103448275862069,0.0555555555555555,0.0163934426229508,0.0,0.8666666666666667,1.6,0.5,0.2333333333333333,0.4,0.3333333333333333,0.0666666666666666,0.3749102564102564,0.5891666666666666,0.6486486486486487,0.2256410256410256,0.3762376237623762,0.1237623762376237,0.5416666666666666,0.2083333333333333,0.0277777777777777,8.770700636942676,1.2038216560509556,10.490445859872612,0.2747747747747748,0.5816131946401025,0.1635129201872237,0.5816131946401025,0.1851851851851851,"{""bet365"": {""0.5"": {""over"": -235, ""under"": 175}}, ""betmgm"": {""0.5"": {""over"": 110, ""under"": -150}}, ""fanduel"": {""0.5"": {""over"": -270}}}",0.5,betmgm,110.0,0.4761904761904761,True,0.1054,1.5,,,,False,,1,True,False,2026-07-18,0.0,1.0,106.1,109.2,113.8,0.125,0.5263157894736842,0.4639999999999999,0.611,0.1639344262295081,0.2950819672131147,0.25,0.2542372881355932,0.5254237288135594,0.2714285714285714,over,
695720,Tommy White,ATH,WSH,1,9.0,1,676917,Cade Cavalli,R,824981,9:40 PM ET,Sutter Health Park,1,1,0.2653429602888086,824981,2026-07-17,R,4,2,1,0,0,0,2,0,0,0,1,2,0,1,0,2,0,,,1,0,1,0,0,0,,,,,,,,,,,,,,,,,,0.6486486486486487,0.2256410256410256,0.3762376237623762,0.1237623762376237,0.5416666666666666,0.2083333333333333,0.0277777777777777,8.770700636942676,1.2038216560509556,10.490445859872612,0.2747747747747748,0.0211640211640211,0.0,0.0211640211640211,,"{""bet365"": {""0.5"": {""over"": -160, ""under"": 120}}, ""betmgm"": {""0.5"": {""over"": -165, ""under"": 125}}, ""draftkings"": {""0.5"": {""over"": -173, ""under"": 130}}, ""fanduel"": {""0.5"": {""over"": -170}}}",0.5,bet365,-160.0,0.6153846153846154,True,-0.5942,1.5,,,,False,,1,True,False,2026-07-18,0.0,1.0,106.1,109.2,113.8,0.0,0.3333333333333333,,,,,,,,,over,
691016,Tyler Soderstrom,ATH,WSH,1,3.0,1,676917,Cade Cavalli,R,824981,9:40 PM ET,Sutter Health Park,0,1,0.2653429602888086,824981,2026-07-17,L,4,3,0,0,0,0,1,0,0,0,0,3,0,2,0,3,0,0.333,0.3816666666666666,0,0,0,0,0,0,0.2553191489361702,0.3859649122807017,0.7872340425531915,0.1724137931034483,0.2857142857142857,0.1702127659574468,0.0344827586206896,0.0344827586206896,1.3333333333333333,0.6666666666666666,0.4324324324324324,0.3783783783783784,0.4324324324324324,0.1351351351351351,0.027027027027027,0.3884523809523809,0.6356607142857144,0.6486486486486487,0.2256410256410256,0.3762376237623762,0.1237623762376237,0.5416666666666666,0.2083333333333333,0.0277777777777777,8.770700636942676,1.2038216560509556,10.490445859872612,0.2747747747747748,0.5325916591858202,0.1570510189732731,0.5325916591858202,0.2553191489361702,"{""bet365"": {""0.5"": {""over"": -250, ""under"": 185}}, ""fanduel"": {""0.5"": {""over"": -230}}}",0.5,fanduel,-230.0,0.696969696969697,True,-0.1644,1.5,,,,False,,1,True,False,2026-07-18,0.0,1.0,106.1,109.2,113.8,0.1818181818181818,0.2307692307692307,0.5987499999999999,1.1727500000000002,0.24,0.44,0.1639344262295081,0.3673469387755102,0.7755102040816326,0.1864406779661017,over,
665953,Andrés Chaparro,WSH,ATH,0,3.0,1,695611,Gage Jump,L,824981,9:40 PM ET,Sutter Health Park,1,0,0.214527027027027,824981,2026-07-17,R,1,1,0,0,0,0,0,0,0,0,0,1,0,0,0,1,0,0.055,0.055,0,0,0,0,0,0,0.1666666666666666,0.2647058823529412,0.6,0.3529411764705882,0.2352941176470588,0.1333333333333333,0.0294117647058823,0.0294117647058823,0.6,0.8,0.6111111111111112,0.0555555555555555,0.5555555555555556,0.3333333333333333,0.0,0.3324545454545454,0.6524090909090909,0.6775956284153005,0.2484076433121019,0.391304347826087,0.124223602484472,0.3790322580645161,0.282258064516129,0.0241935483870967,9.0,0.8372093023255813,8.58139534883721,0.2265193370165746,0.6329914538103691,0.1824928630717563,0.6329914538103691,0.1666666666666666,"{""bet365"": {""0.5"": {""over"": -150, ""under"": 110}}, ""fanduel"": {""0.5"": {""over"": -175}}}",0.5,bet365,-150.0,0.6,True,0.033,1.5,,,,False,,4,True,True,2026-07-18,0.0,1.0,106.1,109.2,113.8,0.25,0.625,0.5407500000000001,1.6337499999999998,0.1081081081081081,0.1351351351351351,0.2142857142857142,0.1666666666666666,0.3,0.3142857142857143,over,
682928,CJ Abrams,WSH,ATH,0,4.0,1,695611,Gage Jump,L,824981,9:40 PM ET,Sutter Health Park,0,0,0.214527027027027,824981,2026-07-17,L,4,4,1,0,0,0,0,0,0,1,1,3,0,2,0,2,1,0.4453333333333333,0.521,1,0,1,0,1,0,0.2222222222222222,0.2857142857142857,0.6666666666666666,0.2857142857142857,0.25,0.2037037037037037,0.0476190476190476,0.0317460317460317,1.5333333333333334,1.2,0.358974358974359,0.2307692307692307,0.1794871794871795,0.3846153846153846,0.0256410256410256,0.2923095238095238,0.5094047619047619,0.6775956284153005,0.2484076433121019,0.391304347826087,0.124223602484472,0.3790322580645161,0.282258064516129,0.0241935483870967,9.0,0.8372093023255813,8.58139534883721,0.2265193370165746,0.5217636620981855,0.1111738796162617,0.5217636620981855,0.2222222222222222,"{""bet365"": {""0.5"": {""over"": -240, ""under"": 180}}, ""draftkings"": {""0.5"": {""over"": -256, ""under"": 189}}, ""fanduel"": {""0.5"": {""over"": -240}}}",0.5,bet365,-240.0,0.7058823529411765,True,-0.1841,1.5,,,,False,,2,True,True,2026-07-18,0.0,1.0,106.1,109.2,113.8,0.3888888888888889,0.1739130434782608,0.5009833333333333,0.8644333333333334,0.2413793103448276,0.5344827586206896,0.2258064516129032,0.2745098039215686,0.4705882352941176,0.21875,over,
678554,Curtis Mead,WSH,ATH,0,2.0,1,695611,Gage Jump,L,824981,9:40 PM ET,Sutter Health Park,1,0,0.214527027027027,824981,2026-07-17,R,2,2,1,0,0,1,0,0,0,0,4,2,1,1,1,0,0,0.43,1.521,1,0,1,1,0,0,0.3275862068965517,0.390625,0.7931034482758621,0.1875,0.3571428571428571,0.293103448275862,0.0625,0.046875,2.4,0.8,0.4130434782608695,0.2826086956521739,0.3695652173913043,0.2608695652173913,0.0,0.4059833333333333,0.6789611111111111,0.6775956284153005,0.2484076433121019,0.391304347826087,0.124223602484472,0.3790322580645161,0.282258064516129,0.0241935483870967,9.0,0.8372093023255813,8.58139534883721,0.2265193370165746,0.6622562936703195,0.282964294610475,0.6622562936703195,0.3275862068965517,"{""bet365"": {""1.5"": {""over"": 185, ""under"": -250}}, ""fanduel"": {""0.5"": {""over"": -280}}}",0.5,fanduel,-280.0,0.7368421052631579,True,-0.0746,1.5,bet365,185.0,0.3508771929824561,True,-0.0679,4,True,True,2026-07-18,0.0,1.0,106.1,109.2,113.8,0.4,0.1739130434782608,0.4158666666666666,0.7123,0.2075471698113207,0.4716981132075472,0.1639344262295081,0.2678571428571428,0.5,0.2131147540983606,over,over
695734,Daylen Lile,WSH,ATH,0,7.0,1,695611,Gage Jump,L,824981,9:40 PM ET,Sutter Health Park,0,0,0.214527027027027,824981,2026-07-17,L,4,4,0,0,0,0,0,0,0,0,0,4,1,1,2,1,1,0.32875,0.8222499999999999,0,0,0,0,0,0,0.25,0.2631578947368421,0.75,0.2456140350877192,0.3,0.1964285714285714,0.0350877192982456,0.087719298245614,1.6666666666666667,0.9333333333333332,0.4047619047619047,0.3095238095238095,0.2857142857142857,0.3333333333333333,0.0238095238095238,0.3252059523809524,0.5007357142857143,0.6775956284153005,0.2484076433121019,0.391304347826087,0.124223602484472,0.3790322580645161,0.282258064516129,0.0241935483870967,9.0,0.8372093023255813,8.58139534883721,0.2265193370165746,0.5599738365781617,0.1972304956245825,0.5599738365781617,0.25,"{""bet365"": {""0.5"": {""over"": -250, ""under"": 185}}, ""fanduel"": {""0.5"": {""over"": -260}}}",0.5,bet365,-250.0,0.7142857142857143,True,-0.1543,1.5,,,,False,,2,True,True,2026-07-18,0.0,1.0,106.1,109.2,113.8,0.1111111111111111,0.3157894736842105,0.3107,0.4846375,0.2,0.3636363636363636,0.2321428571428571,0.3035714285714285,0.4285714285714285,0.1428571428571428,over,
686611,Dylan Crews,WSH,ATH,0,5.0,1,695611,Gage Jump,L,824981,9:40 PM ET,Sutter Health Park,1,0,0.214527027027027,824981,2026-07-17,R,4,4,0,0,0,0,0,0,0,2,0,2,0,0,0,1,1,0.3555,0.3835,0,0,0,0,1,1,0.2264150943396226,0.3278688524590163,0.7358490566037735,0.2295081967213114,0.2894736842105263,0.0754716981132075,0.0163934426229508,0.0163934426229508,1.0666666666666669,0.9333333333333332,0.4102564102564102,0.1538461538461538,0.5128205128205128,0.282051282051282,0.0512820512820512,0.2892794871794871,0.4625371794871794,0.6775956284153005,0.2484076433121019,0.391304347826087,0.124223602484472,0.3790322580645161,0.282258064516129,0.0241935483870967,9.0,0.8372093023255813,8.58139534883721,0.2265193370165746,0.6395894694371117,0.2235061702374368,0.6395894694371117,0.2264150943396226,"{""bet365"": {""0.5"": {""over"": -275, ""under"": 200}}, ""draftkings"": {""0.5"": {""over"": -252, ""under"": 186}}, ""fanduel"": {""0.5"": {""over"": 280}}}",0.5,fanduel,280.0,0.2631578947368421,True,0.3764,1.5,,,,False,,1,True,False,2026-07-18,0.0,1.0,106.1,109.2,113.8,0.0625,0.2222222222222222,0.1544583333333333,0.2449791666666665,0.175438596491228,0.2631578947368421,0.2258064516129032,0.3269230769230769,0.5769230769230769,0.1551724137931034,over,
695670,Harry Ford,WSH,ATH,0,6.0,1,695611,Gage Jump,L,824981,9:40 PM ET,Sutter Health Park,1,0,0.214527027027027,824981,2026-07-17,R,4,4,1,0,0,0,0,0,0,2,1,2,0,2,1,1,0,0.519,1.2425,1,0,1,0,1,1,0.0,0.2727272727272727,0.5,0.2727272727272727,0.0,0.0,0.0,0.0,0.0,0.375,0.0,0.0,0.4,0.6,0.0,,,0.6775956284153005,0.2484076433121019,0.391304347826087,0.124223602484472,0.3790322580645161,0.282258064516129,0.0241935483870967,9.0,0.8372093023255813,8.58139534883721,0.2265193370165746,0.5264610993038579,0.1015561783801481,0.5264610993038579,0.0,"{""bet365"": {""0.5"": {""over"": -210, ""under"": 155}}, ""fanduel"": {""0.5"": {""over"": -200}}}",0.5,fanduel,-200.0,0.6666666666666666,True,-0.1402,1.5,,,,False,,2,True,True,2026-07-18,0.0,1.0,106.1,109.2,113.8,0.0,0.2,,,0.0,0.0,0.2857142857142857,0.0,0.0,0.3333333333333333,over,
696285,Jacob Young,WSH,ATH,0,8.0,1,695611,Gage Jump,L,824981,9:40 PM ET,Sutter Health Park,1,0,0.214527027027027,824981,2026-07-17,R,4,4,1,0,0,0,0,0,0,0,1,4,0,1,0,2,2,0.3875,0.50025,1,0,1,0,0,0,0.1555555555555555,0.2244897959183673,0.8,0.1836734693877551,0.1944444444444444,0.0666666666666666,0.0,0.0612244897959183,0.6666666666666666,0.6,0.2777777777777778,0.1666666666666666,0.5277777777777778,0.2777777777777778,0.0,0.2552666666666667,0.3350722222222222,0.6775956284153005,0.2484076433121019,0.391304347826087,0.124223602484472,0.3790322580645161,0.282258064516129,0.0241935483870967,9.0,0.8372093023255813,8.58139534883721,0.2265193370165746,0.6205124189676116,0.2300768775140297,0.6205124189676116,0.1555555555555555,"{""bet365"": {""0.5"": {""over"": -210, ""under"": 155}}, ""betmgm"": {""0.5"": {""over"": -200, ""under"": 145}}, ""fanduel"": {""0.5"": {""over"": -230}}}",0.5,betmgm,-200.0,0.6666666666666666,True,-0.0462,1.5,,,,False,,1,True,False,2026-07-18,0.0,1.0,106.1,109.2,113.8,0.2142857142857142,0.2352941176470588,0.3194999999999999,0.40645,0.2083333333333333,0.3541666666666667,0.2448979591836734,0.26,0.56,0.2222222222222222,over,
695578,James Wood,WSH,ATH,0,1.0,1,695611,Gage Jump,L,824981,9:40 PM ET,Sutter Health Park,0,0,0.214527027027027,824981,2026-07-17,L,4,2,1,0,0,1,2,0,0,1,4,1,1,1,1,0,0,1.0,4.0,1,0,1,1,1,0,0.3508771929824561,0.4931506849315068,0.7368421052631579,0.2054794520547945,0.3714285714285714,0.4736842105263157,0.0958904109589041,0.0547945205479452,3.1333333333333333,1.0,0.5476190476190477,0.1904761904761904,0.5238095238095238,0.238095238095238,0.0476190476190476,0.3953822222222222,0.9454844444444443,0.6775956284153005,0.2484076433121019,0.391304347826087,0.124223602484472,0.3790322580645161,0.282258064516129,0.0241935483870967,9.0,0.8372093023255813,8.58139534883721,0.2265193370165746,0.6241542375940214,0.2118695481779569,0.6241542375940214,0.3508771929824561,"{""bet365"": {""1.5"": {""over"": 182, ""under"": -245}}, ""draftkings"": {""1.5"": {""over"": 139, ""under"": -186}}, ""fanduel"": {""0.5"": {""over"": -320}}}",0.5,fanduel,-320.0,0.7619047619047619,True,-0.1378,1.5,bet365,182.0,0.3546099290780142,True,-0.1427,1,True,False,2026-07-18,0.0,1.0,106.1,109.2,113.8,0.5,0.12,0.42103,1.058883333333333,0.2692307692307692,0.5961538461538461,0.2394366197183098,0.2258064516129032,0.4838709677419355,0.3142857142857143,over,over
683083,Nasim Nuñez,WSH,ATH,0,9.0,1,695611,Gage Jump,L,824981,9:40 PM ET,Sutter Health Park,0,0,0.214527027027027,824981,2026-07-17,L,1,1,0,0,0,0,0,0,0,0,0,1,0,0,0,1,0,0.067,0.072,0,0,0,0,0,0,0.2571428571428571,0.35,0.6571428571428571,0.3,0.3636363636363636,0.0857142857142857,0.025,0.0,0.8,0.8,0.217391304347826,0.1304347826086956,0.6956521739130435,0.1739130434782608,0.0434782608695652,0.2990833333333333,0.463702380952381,0.6775956284153005,0.2484076433121019,0.391304347826087,0.124223602484472,0.3790322580645161,0.282258064516129,0.0241935483870967,9.0,0.8372093023255813,8.58139534883721,0.2265193370165746,0.4689644160497094,0.1447971896635489,0.4689644160497094,0.2571428571428571,"{""bet365"": {""0.5"": {""over"": -180, ""under"": 135}}, ""betmgm"": {""0.5"": {""over"": -150, ""under"": 110}}, ""draftkings"": {""0.5"": {""over"": -154, ""under"": 116}}, ""fanduel"": {""0.5"": {""over"": -170}}}",0.5,betmgm,-150.0,0.6,True,-0.131,1.5,,,,False,,3,True,True,2026-07-18,0.0,1.0,106.1,109.2,113.8,0.3333333333333333,0.1764705882352941,0.2103333333333333,0.2488666666666667,0.4081632653061224,0.4897959183673469,0.2321428571428571,0.217391304347826,0.3043478260869565,0.2727272727272727,over,
682998,Corbin Carroll,AZ,STL,1,3.0,1,700241,Michael McGreevy,R,825060,9:40 PM ET,Chase Field,0,1,0.2010771992818671,825060,2026-07-17,L,4,4,0,0,0,0,0,0,0,2,0,2,0,1,1,1,0,0.312,0.736,0,0,0,0,1,1,0.1296296296296296,0.2769230769230769,0.6481481481481481,0.2923076923076923,0.2,0.074074074074074,0.0,0.0307692307692307,0.7333333333333333,1.2666666666666666,0.3428571428571428,0.1714285714285714,0.4857142857142857,0.2285714285714285,0.0,0.3067555555555555,0.4080444444444444,0.782608695652174,0.2307692307692307,0.4259259259259259,0.1666666666666666,0.4666666666666667,0.2611111111111111,0.0277777777777777,9.0,1.2857142857142856,5.785714285714287,0.1565217391304348,0.6506579214087015,0.2389577426413915,0.6506579214087015,0.1296296296296296,"{""bet365"": {""0.5"": {""over"": -250, ""under"": 185}}, ""fanduel"": {""0.5"": {""over"": -260}}}",0.5,bet365,-250.0,0.7142857142857143,True,-0.0636,1.5,,,,False,,1,True,False,2026-07-18,1.0,0.0,105.5,106.3,89.5,0.0588235294117647,0.2727272727272727,0.2128,0.2607000000000002,0.1111111111111111,0.1851851851851851,0.3125,0.3220338983050847,0.5423728813559322,0.15625,over,
672515,Gabriel Moreno,AZ,STL,1,4.0,1,700241,Michael McGreevy,R,825060,9:40 PM ET,Chase Field,1,1,0.2010771992818671,825060,2026-07-17,R,4,3,1,0,0,0,1,0,0,1,1,2,0,1,0,1,1,0.5815,0.653,1,0,1,0,1,0,0.3773584905660377,0.4590163934426229,0.8679245283018868,0.1147540983606557,0.4347826086956521,0.0377358490566037,0.0,0.0327868852459016,1.4666666666666666,0.4666666666666667,0.3260869565217391,0.2826086956521739,0.5217391304347826,0.108695652173913,0.0,0.3448559523809523,0.4019333333333333,0.782608695652174,0.2307692307692307,0.4259259259259259,0.1666666666666666,0.4666666666666667,0.2611111111111111,0.0277777777777777,9.0,1.2857142857142856,5.785714285714287,0.1565217391304348,0.6993446143250872,0.3010264631357039,0.6993446143250872,0.3773584905660377,"{""bet365"": {""1.5"": {""over"": 185, ""under"": -250}}, ""fanduel"": {""0.5"": {""over"": -260}}}",0.5,fanduel,-260.0,0.7222222222222222,True,-0.0229,1.5,bet365,185.0,0.3508771929824561,True,-0.0499,2,True,True,2026-07-18,1.0,0.0,105.5,106.3,89.5,0.45,0.1363636363636363,0.3754,0.4541166666666666,0.3818181818181818,0.4181818181818181,0.0769230769230769,0.26,0.5,0.1475409836065573,over,over
672695,Geraldo Perdomo,AZ,STL,1,2.0,1,700241,Michael McGreevy,R,825060,9:40 PM ET,Chase Field,0,1,0.2010771992818671,825060,2026-07-17,L,4,3,0,0,0,0,1,0,0,1,0,2,0,0,2,0,0,0.064,0.1785,0,0,0,0,1,0,0.2142857142857142,0.3265306122448979,0.9047619047619048,0.0816326530612244,0.2162162162162162,0.0952380952380952,0.0204081632653061,0.0204081632653061,0.8666666666666667,0.2666666666666666,0.2368421052631578,0.131578947368421,0.3421052631578947,0.4210526315789473,0.0,0.2241277777777778,0.2832833333333333,0.782608695652174,0.2307692307692307,0.4259259259259259,0.1666666666666666,0.4666666666666667,0.2611111111111111,0.0277777777777777,9.0,1.2857142857142856,5.785714285714287,0.1565217391304348,0.6246032019914619,0.1843874841851349,0.6246032019914619,0.2142857142857142,"{""bet365"": {""0.5"": {""over"": -245, ""under"": 182}}, ""draftkings"": {""0.5"": {""over"": -230, ""under"": 171}}, ""fanduel"": {""0.5"": {""over"": -240}}}",0.5,draftkings,-230.0,0.696969696969697,True,-0.0724,1.5,,,,False,,0,False,False,2026-07-18,1.0,0.0,105.5,106.3,89.5,0.2631578947368421,0.0,0.2217166666666668,0.3236166666666669,0.2807017543859649,0.4385964912280701,0.0606060606060606,0.2678571428571428,0.4107142857142857,0.1269841269841269,over,
545121,Ildemaro Vargas,AZ,STL,1,8.0,1,700241,Michael McGreevy,R,825060,9:40 PM ET,Chase Field,0,1,0.2010771992818671,825060,2026-07-17,L,4,4,2,1,0,0,0,0,0,0,3,4,0,3,0,2,2,0.34475,0.47775,1,1,1,1,0,0,0.2121212121212121,0.2777777777777778,0.8484848484848485,0.1388888888888889,0.25,0.0606060606060606,0.0,0.0555555555555555,0.6,0.3333333333333333,0.4285714285714285,0.2142857142857142,0.5714285714285714,0.0714285714285714,0.0,0.3387111111111111,0.3925,0.782608695652174,0.2307692307692307,0.4259259259259259,0.1666666666666666,0.4666666666666667,0.2611111111111111,0.0277777777777777,9.0,1.2857142857142856,5.785714285714287,0.1565217391304348,0.60825918176325,0.2047909089155003,0.60825918176325,0.2121212121212121,"{""bet365"": {""0.5"": {""over"": -190, ""under"": 140}}, ""fanduel"": {""0.5"": {""over"": -220}}}",0.5,bet365,-190.0,0.6551724137931034,True,-0.0469,1.5,,,,False,,1,True,False,2026-07-18,1.0,0.0,105.5,106.3,89.5,0.25,0.375,0.3376,0.3954000000000001,0.1590909090909091,0.2045454545454545,0.12,0.1739130434782608,0.2608695652173913,0.0769230769230769,over,
606466,Ketel Marte,AZ,STL,1,1.0,1,700241,Michael McGreevy,R,825060,9:40 PM ET,Chase Field,0,1,0.2010771992818671,825060,2026-07-17,L,4,4,0,0,0,0,0,0,0,2,0,2,0,1,1,0,1,0.44,0.749,0,0,0,0,1,1,0.2340425531914893,0.28,0.8297872340425532,0.16,0.2631578947368421,0.1489361702127659,0.02,0.04,1.2,0.5333333333333333,0.3333333333333333,0.2051282051282051,0.4615384615384615,0.2307692307692307,0.0,0.3303761904761905,0.4912095238095238,0.782608695652174,0.2307692307692307,0.4259259259259259,0.1666666666666666,0.4666666666666667,0.2611111111111111,0.0277777777777777,9.0,1.2857142857142856,5.785714285714287,0.1565217391304348,0.6749235920647211,0.2492432804153728,0.6749235920647211,0.2340425531914893,"{""bet365"": {""1.5"": {""over"": 190, ""under"": -260}}, ""draftkings"": {""1.5"": {""over"": 186, ""under"": -252}}, ""fanduel"": {""0.5"": {""over"": -310}}}",0.5,fanduel,-310.0,0.7560975609756098,True,-0.0812,1.5,bet365,190.0,0.3448275862068966,True,-0.0956,1,True,False,2026-07-18,1.0,0.0,105.5,106.3,89.5,0.1052631578947368,0.2631578947368421,0.1898333333333331,0.2331000000000001,0.2166666666666666,0.5,0.1515151515151515,0.2580645161290322,0.5,0.1884057971014492,over,over
666971,Lourdes Gurriel Jr.,AZ,STL,1,6.0,1,700241,Michael McGreevy,R,825060,9:40 PM ET,Chase Field,1,1,0.2010771992818671,825060,2026-07-17,R,4,4,0,0,0,0,0,0,0,1,0,3,0,1,0,1,1,0.3583333333333333,0.4163333333333333,0,0,0,0,1,0,0.2363636363636363,0.2758620689655172,0.8363636363636363,0.1551724137931034,0.2666666666666666,0.1272727272727272,0.0172413793103448,0.0689655172413793,1.3333333333333333,0.6,0.3695652173913043,0.2608695652173913,0.391304347826087,0.1739130434782608,0.0,0.3249955555555556,0.4095633333333334,0.782608695652174,0.2307692307692307,0.4259259259259259,0.1666666666666666,0.4666666666666667,0.2611111111111111,0.0277777777777777,9.0,1.2857142857142856,5.785714285714287,0.1565217391304348,0.6531385551080863,0.2567111304437255,0.6531385551080863,0.2363636363636363,,0.5,,,,False,,1.5,,,,False,,0,False,False,2026-07-18,1.0,0.0,105.5,106.3,89.5,0.2105263157894736,0.2105263157894736,0.3974333333333334,0.4648166666666666,0.1785714285714285,0.2857142857142857,0.180327868852459,0.32,0.36,0.1320754716981132,,
596146,Max Kepler,AZ,STL,1,5.0,1,700241,Michael McGreevy,R,825060,9:40 PM ET,Chase Field,0,1,0.2010771992818671,825060,2026-07-17,L,5,3,1,0,0,0,0,0,2,1,1,4,1,3,2,1,1,0.1075,0.1654999999999999,1,0,1,0,1,0,0.1914893617021276,0.2083333333333333,0.7021276595744681,0.2916666666666667,0.2258064516129032,0.2127659574468085,0.0416666666666666,0.0833333333333333,1.2666666666666666,0.9333333333333332,0.4242424242424242,0.3939393939393939,0.1818181818181818,0.3333333333333333,0.0606060606060606,0.3169102564102564,0.6680128205128205,0.782608695652174,0.2307692307692307,0.4259259259259259,0.1666666666666666,0.4666666666666667,0.2611111111111111,0.0277777777777777,9.0,1.2857142857142856,5.785714285714287,0.1565217391304348,0.5631180626009805,0.144864176080071,0.5631180626009805,0.1914893617021276,"{""bet365"": {""0.5"": {""over"": -200, ""under"": 150}}, ""draftkings"": {""0.5"": {""over"": -194, ""under"": 145}}, ""fanduel"": {""0.5"": {""over"": -210}}}",0.5,draftkings,-194.0,0.6598639455782312,True,-0.0967,1.5,,,,False,,1,True,False,2026-07-18,1.0,0.0,105.5,106.3,89.5,0.2857142857142857,0.4,0.4833333333333334,0.8697222222222223,0.1702127659574468,0.3829787234042553,0.3125,0.1956521739130435,0.2391304347826087,0.2692307692307692,over,
571448,Nolan Arenado,AZ,STL,1,7.0,1,700241,Michael McGreevy,R,825060,9:40 PM ET,Chase Field,1,1,0.2010771992818671,825060,2026-07-17,R,4,4,1,1,0,0,0,0,0,0,2,4,0,2,1,2,1,0.2775,0.61175,1,0,1,1,0,0,0.2592592592592592,0.3333333333333333,0.6851851851851852,0.2833333333333333,0.303030303030303,0.2777777777777778,0.0666666666666666,0.05,1.9333333333333331,1.1333333333333333,0.3783783783783784,0.2162162162162162,0.3783783783783784,0.3243243243243243,0.081081081081081,0.2885178571428571,0.5081071428571429,0.782608695652174,0.2307692307692307,0.4259259259259259,0.1666666666666666,0.4666666666666667,0.2611111111111111,0.0277777777777777,9.0,1.2857142857142856,5.785714285714287,0.1565217391304348,0.6057768676928464,0.2244134730211176,0.6057768676928464,0.2592592592592592,"{""bet365"": {""0.5"": {""over"": -180, ""under"": 135}}, ""draftkings"": {""0.5"": {""over"": -166, ""under"": 125}}, ""fanduel"": {""0.5"": {""over"": -180}}}",0.5,draftkings,-166.0,0.6240601503759399,True,-0.0183,1.5,,,,False,,0,False,False,2026-07-18,1.0,0.0,105.5,106.3,89.5,0.2941176470588235,0.3333333333333333,0.3693749999999998,0.8126874999999998,0.2641509433962264,0.5471698113207547,0.2711864406779661,0.2549019607843137,0.4705882352941176,0.1666666666666666,over,
694374,Tim Tawa,AZ,STL,1,9.0,1,700241,Michael McGreevy,R,825060,9:40 PM ET,Chase Field,1,1,0.2010771992818671,825060,2026-07-17,R,4,4,1,0,0,1,0,0,0,1,4,3,1,3,2,1,0,0.445,1.2983333333333331,1,0,1,1,1,0,0.2777777777777778,0.3658536585365853,0.7222222222222222,0.2272727272727272,0.36,0.1666666666666666,0.0227272727272727,0.0681818181818181,1.0666666666666669,0.6666666666666666,0.3448275862068966,0.1379310344827586,0.6206896551724138,0.2068965517241379,0.0689655172413793,0.2954423076923077,0.3957115384615384,0.782608695652174,0.2307692307692307,0.4259259259259259,0.1666666666666666,0.4666666666666667,0.2611111111111111,0.0277777777777777,9.0,1.2857142857142856,5.785714285714287,0.1565217391304348,0.5250578095811832,0.1626449398224523,0.5250578095811832,0.2777777777777778,"{""bet365"": {""0.5"": {""over"": -170, ""under"": 130}}}",0.5,bet365,-170.0,0.6296296296296297,True,-0.1046,1.5,,,,False,,2,True,True,2026-07-18,1.0,0.0,105.5,106.3,89.5,0.375,0.1578947368421052,0.3122999999999999,0.50445,0.3243243243243243,0.5675675675675675,0.2727272727272727,0.175,0.225,0.1489361702127659,over,
676475,Alec Burleson,STL,AZ,0,3.0,1,518876,Merrill Kelly,R,825060,9:40 PM ET,Chase Field,0,1,0.2109227871939736,825060,2026-07-17,L,4,3,1,1,0,0,1,0,0,0,2,3,1,2,2,1,0,0.419,1.009,1,0,1,1,0,0,0.196078431372549,0.2264150943396226,0.803921568627451,0.1886792452830188,0.2051282051282051,0.1568627450980392,0.0377358490566037,0.0377358490566037,1.2,0.6666666666666666,0.4878048780487805,0.1951219512195122,0.5365853658536586,0.2195121951219512,0.0,0.3381358974358974,0.5775166666666667,0.7984790874524715,0.2422907488986784,0.5083333333333333,0.225,0.4095238095238095,0.2761904761904762,0.0619047619047619,10.087912087912088,1.9285714285714288,4.895604395604396,0.1254752851711026,0.6749235920647211,0.2804479386115017,0.6749235920647211,0.196078431372549,"{""bet365"": {""1.5"": {""over"": 175, ""under"": -235}}, ""betmgm"": {""1.5"": {""over"": -235, ""under"": 175}}, ""draftkings"": {""1.5"": {""over"": 179, ""under"": -242}}, ""fanduel"": {""0.5"": {""over"": -300}}}",0.5,fanduel,-300.0,0.75,True,-0.0751,1.5,draftkings,179.0,0.3584229390681003,True,-0.078,1,True,False,2026-07-18,1.0,0.0,105.5,106.3,89.5,0.1666666666666666,0.1578947368421052,0.2760333333333332,0.5738000000000001,0.2083333333333333,0.3541666666666667,0.1481481481481481,0.2542372881355932,0.423728813559322,0.1111111111111111,over,over
671056,Iván Herrera,STL,AZ,0,2.0,1,518876,Merrill Kelly,R,825060,9:40 PM ET,Chase Field,1,1,0.2109227871939736,825060,2026-07-17,R,4,4,0,0,0,0,0,0,0,0,0,4,0,0,2,1,0,0.032,0.05,0,0,0,0,0,0,0.2142857142857142,0.2786885245901639,0.8035714285714286,0.180327868852459,0.25,0.0714285714285714,0.0163934426229508,0.0163934426229508,1.0666666666666669,0.7333333333333333,0.2888888888888888,0.2222222222222222,0.4222222222222222,0.2,0.0,0.2242833333333333,0.2884722222222222,0.7984790874524715,0.2422907488986784,0.5083333333333333,0.225,0.4095238095238095,0.2761904761904762,0.0619047619047619,10.087912087912088,1.9285714285714288,4.895604395604396,0.1254752851711026,0.6752121772938705,0.2807969444299986,0.6752121772938705,0.2142857142857142,"{""bet365"": {""0.5"": {""over"": -275, ""under"": 200}}, ""fanduel"": {""0.5"": {""over"": -240}}}",0.5,fanduel,-240.0,0.7058823529411765,True,-0.0307,1.5,,,,False,,0,False,False,2026-07-18,1.0,0.0,105.5,106.3,89.5,0.2631578947368421,0.15,0.1759666666666666,0.25345,0.2115384615384615,0.3461538461538461,0.1846153846153846,0.25,0.3653846153846153,0.1269841269841269,over,
802139,JJ Wetherholt,STL,AZ,0,1.0,1,518876,Merrill Kelly,R,825060,9:40 PM ET,Chase Field,0,1,0.2109227871939736,825060,2026-07-17,L,4,4,0,0,0,0,0,0,0,2,0,2,0,1,1,1,0,0.0335,0.052,0,0,0,0,1,1,0.2631578947368421,0.3538461538461538,0.8421052631578947,0.1384615384615384,0.2978723404255319,0.087719298245614,0.0153846153846153,0.0307692307692307,1.3333333333333333,0.6,0.5208333333333334,0.3541666666666667,0.3541666666666667,0.2916666666666667,0.0416666666666666,0.3503622222222222,0.5577799999999999,0.7984790874524715,0.2422907488986784,0.5083333333333333,0.225,0.4095238095238095,0.2761904761904762,0.0619047619047619,10.087912087912088,1.9285714285714288,4.895604395604396,0.1254752851711026,0.6896896243946186,0.2768842644124052,0.6896896243946186,0.2631578947368421,"{""bet365"": {""1.5"": {""over"": 185, ""under"": -250}}, ""fanduel"": {""0.5"": {""over"": -260}}}",0.5,fanduel,-260.0,0.7222222222222222,True,-0.0325,1.5,bet365,185.0,0.3508771929824561,True,-0.074,2,True,True,2026-07-18,1.0,0.0,105.5,106.3,89.5,0.1875,0.1,0.2627499999999999,0.4317333333333333,0.360655737704918,0.4918032786885246,0.0869565217391304,0.2586206896551724,0.4137931034482758,0.1515151515151515,over,over
699625,Jimmy Crooks,STL,AZ,0,9.0,1,518876,Merrill Kelly,R,825060,9:40 PM ET,Chase Field,0,1,0.2109227871939736,825060,2026-07-17,L,4,3,0,0,0,0,1,0,0,3,0,0,0,0,0,0,0,0.591,2.292,0,0,0,0,1,1,0.1333333333333333,0.2571428571428571,0.5666666666666667,0.3714285714285714,0.1875,0.1,0.0285714285714285,0.0,0.4666666666666667,0.8666666666666667,0.5882352941176471,0.1764705882352941,0.5294117647058824,0.2941176470588235,0.0,0.4027121212121212,0.6814545454545455,0.7984790874524715,0.2422907488986784,0.5083333333333333,0.225,0.4095238095238095,0.2761904761904762,0.0619047619047619,10.087912087912088,1.9285714285714288,4.895604395604396,0.1254752851711026,0.3636133478093651,0.0730260077212775,0.3636133478093651,0.1333333333333333,"{""bet365"": {""0.5"": {""over"": -135, ""under"": 100}}, ""draftkings"": {""0.5"": {""over"": -153, ""under"": 115}}}",0.5,bet365,-135.0,0.574468085106383,True,-0.2109,1.5,,,,False,,1,True,False,2026-07-18,1.0,0.0,105.5,106.3,89.5,0.4,0.4285714285714285,0.6755,1.6070000000000002,0.1428571428571428,0.1714285714285714,0.325,,,,over,
691023,Jordan Walker,STL,AZ,0,4.0,1,518876,Merrill Kelly,R,825060,9:40 PM ET,Chase Field,1,1,0.2109227871939736,825060,2026-07-17,R,4,3,1,0,0,0,1,0,0,0,1,3,0,1,0,2,1,0.3176666666666666,0.3673333333333333,1,0,1,0,0,0,0.3137254901960784,0.4098360655737705,0.7254901960784313,0.2295081967213114,0.3529411764705882,0.2941176470588235,0.0655737704918032,0.0491803278688524,2.066666666666667,0.9333333333333332,0.5526315789473685,0.3157894736842105,0.4210526315789473,0.2105263157894736,0.0526315789473684,0.4322222222222222,0.8208222222222222,0.7984790874524715,0.2422907488986784,0.5083333333333333,0.225,0.4095238095238095,0.2761904761904762,0.0619047619047619,10.087912087912088,1.9285714285714288,4.895604395604396,0.1254752851711026,0.6802412666052029,0.3096834632225255,0.6802412666052029,0.3137254901960784,"{""bet365"": {""1.5"": {""over"": 185, ""under"": -250}}, ""draftkings"": {""0.5"": {""over"": -263, ""under"": 193}}, ""fanduel"": {""0.5"": {""over"": -280}}}",0.5,draftkings,-263.0,0.7245179063360881,True,-0.0443,1.5,bet365,185.0,0.3508771929824561,True,-0.0412,1,True,False,2026-07-18,1.0,0.0,105.5,106.3,89.5,0.3157894736842105,0.2105263157894736,0.4367666666666664,0.9834166666666668,0.2363636363636363,0.4727272727272727,0.2857142857142857,0.3571428571428571,0.5535714285714286,0.1935483870967742,over,over
665877,José Fermín,STL,AZ,0,8.0,1,518876,Merrill Kelly,R,825060,9:40 PM ET,Chase Field,1,1,0.2109227871939736,825060,2026-07-17,R,4,4,1,0,0,0,0,0,0,0,1,4,0,0,0,3,1,0.3835,0.427,1,0,1,0,0,0,0.2444444444444444,0.3061224489795918,0.8444444444444444,0.14,0.25,0.2222222222222222,0.04,0.08,1.4,0.4666666666666667,0.2564102564102564,0.2564102564102564,0.3076923076923077,0.358974358974359,0.0256410256410256,0.2336611111111111,0.3588944444444444,0.7984790874524715,0.2422907488986784,0.5083333333333333,0.225,0.4095238095238095,0.2761904761904762,0.0619047619047619,10.087912087912088,1.9285714285714288,4.895604395604396,0.1254752851711026,0.6109821837314632,0.218948559792764,0.6109821837314632,0.2444444444444444,"{""bet365"": {""0.5"": {""over"": -190, ""under"": 140}}, ""draftkings"": {""0.5"": {""over"": -175, ""under"": 131}}, ""fanduel"": {""0.5"": {""over"": -160}}}",0.5,fanduel,-160.0,0.6153846153846154,True,-0.0044,1.5,,,,False,,2,True,True,2026-07-18,1.0,0.0,105.5,106.3,89.5,0.1333333333333333,0.25,0.1397333333333332,0.2571333333333333,0.2391304347826087,0.4347826086956521,0.1836734693877551,0.3409090909090909,0.3863636363636363,0.0851063829787234,over,
663457,Lars Nootbaar,STL,AZ,0,5.0,1,518876,Merrill Kelly,R,825060,9:40 PM ET,Chase Field,0,1,0.2109227871939736,825060,2026-07-17,L,4,2,0,0,0,0,2,0,0,1,0,1,0,0,1,0,0,0.003,0.007,0,0,0,0,1,0,0.2340425531914893,0.2941176470588235,0.7659574468085106,0.2156862745098039,0.2857142857142857,0.1489361702127659,0.0196078431372549,0.0392156862745098,1.2,0.7333333333333333,0.4444444444444444,0.1944444444444444,0.5277777777777778,0.25,0.0277777777777777,0.3229777777777778,0.6050944444444445,0.7984790874524715,0.2422907488986784,0.5083333333333333,0.225,0.4095238095238095,0.2761904761904762,0.0619047619047619,10.087912087912088,1.9285714285714288,4.895604395604396,0.1254752851711026,0.6734267316784361,0.2396893945205337,0.6734267316784361,0.2340425531914893,"{""bet365"": {""0.5"": {""over"": -210, ""under"": 155}}, ""draftkings"": {""0.5"": {""over"": -188, ""under"": 140}}, ""fanduel"": {""0.5"": {""over"": -220}}}",0.5,draftkings,-188.0,0.6527777777777778,True,0.0206,1.5,,,,False,,1,True,False,2026-07-18,1.0,0.0,105.5,106.3,89.5,0.2307692307692307,0.1333333333333333,0.2899,0.6780333333333333,0.2448979591836734,0.3469387755102041,0.2037037037037037,0.2264150943396226,0.3773584905660377,0.1666666666666666,over,
691026,Masyn Winn,STL,AZ,0,6.0,1,518876,Merrill Kelly,R,825060,9:40 PM ET,Chase Field,1,1,0.2109227871939736,825060,2026-07-17,R,4,4,1,0,0,0,0,0,0,2,1,2,0,2,0,0,2,0.776,1.0355,1,0,1,0,1,1,0.2307692307692307,0.2857142857142857,0.8076923076923077,0.1785714285714285,0.2682926829268293,0.0769230769230769,0.0178571428571428,0.0178571428571428,1.0666666666666669,0.6666666666666666,0.4047619047619047,0.1904761904761904,0.4523809523809524,0.2857142857142857,0.0238095238095238,0.25835,0.3786166666666666,0.7984790874524715,0.2422907488986784,0.5083333333333333,0.225,0.4095238095238095,0.2761904761904762,0.0619047619047619,10.087912087912088,1.9285714285714288,4.895604395604396,0.1254752851711026,0.6749235920647211,0.2456484539731919,0.6749235920647211,0.2307692307692307,"{""bet365"": {""0.5"": {""over"": -210, ""under"": 155}}, ""draftkings"": {""0.5"": {""over"": -210, ""under"": 157}}, ""fanduel"": {""0.5"": {""over"": -210}}}",0.5,fanduel,-210.0,0.6774193548387096,True,-0.0025,1.5,,,,False,,1,True,False,2026-07-18,1.0,0.0,105.5,106.3,89.5,0.0588235294117647,0.2222222222222222,0.1769666666666666,0.2536333333333333,0.25,0.3269230769230769,0.1052631578947368,0.2666666666666666,0.35,0.2424242424242424,over,
701675,Nathan Church,STL,AZ,0,7.0,1,518876,Merrill Kelly,R,825060,9:40 PM ET,Chase Field,0,1,0.2109227871939736,825060,2026-07-17,L,2,2,0,0,0,0,0,0,0,0,0,2,0,0,0,2,0,0.215,0.221,0,0,0,0,0,0,0.1372549019607843,0.1698113207547169,0.7843137254901961,0.2075471698113207,0.1081081081081081,0.1764705882352941,0.0566037735849056,0.0,1.0666666666666669,0.7333333333333333,0.325,0.125,0.475,0.25,0.0,0.2251477777777778,0.3382622222222222,0.7984790874524715,0.2422907488986784,0.5083333333333333,0.225,0.4095238095238095,0.2761904761904762,0.0619047619047619,10.087912087912088,1.9285714285714288,4.895604395604396,0.1254752851711026,0.5872622248915925,0.1589983505351401,0.5872622248915925,0.1372549019607843,"{""bet365"": {""0.5"": {""over"": -200, ""under"": 150}}, ""draftkings"": {""0.5"": {""over"": -195, ""under"": 146}}, ""fanduel"": {""0.5"": {""over"": -195}}}",0.5,fanduel,-195.0,0.6610169491525424,True,-0.0738,1.5,,,,False,,0,False,False,2026-07-18,1.0,0.0,105.5,106.3,89.5,0.0,0.3333333333333333,0.2164333333333333,0.2585333333333334,0.1702127659574468,0.3191489361702128,0.1666666666666666,0.26,0.36,0.1607142857142857,over,
663728,Cal Raleigh,SEA,SF,1,4.0,1,694738,Landen Roupp,R,823115,10:10 PM ET,T-Mobile Park,0,1,0.2545126353790614,823115,2026-07-17,L,3,2,0,0,0,0,1,0,0,1,0,1,0,0,0,0,1,0.46,0.48,0,0,0,0,1,0,0.1875,0.2702702702702703,0.53125,0.3947368421052631,0.2941176470588235,0.15625,0.0263157894736842,0.0526315789473684,0.7333333333333333,1.0,0.4444444444444444,0.2222222222222222,0.2777777777777778,0.3888888888888889,0.0,0.3058636363636364,0.4964848484848485,0.6351351351351351,0.2684210526315789,0.4769230769230769,0.1897435897435897,0.4609929078014184,0.2482269503546099,0.0212765957446808,10.216216216216216,0.912162162162162,10.216216216216216,0.2522522522522522,0.5169601723900549,0.1377600559854046,0.5169601723900549,0.1875,"{""bet365"": {""0.5"": {""over"": -155, ""under"": 115}}, ""betmgm"": {""0.5"": {""over"": 180, ""under"": -250}}, ""draftkings"": {""0.5"": {""over"": -154, ""under"": 116}}, ""fanduel"": {""0.5"": {""over"": -140}}}",0.5,betmgm,180.0,0.3571428571428571,True,0.1598,1.5,,,,False,,0,False,False,2026-07-18,0.0,0.0,90.9,92.7,102.0,0.1,0.3846153846153846,0.3346249999999999,0.5379999999999997,0.1666666666666666,0.3333333333333333,0.365079365079365,0.1320754716981132,0.3018867924528302,0.3225806451612903,over,
702284,Cole Young,SEA,SF,1,6.0,1,694738,Landen Roupp,R,823115,10:10 PM ET,T-Mobile Park,0,1,0.2545126353790614,823115,2026-07-17,L,4,4,1,0,0,0,0,0,0,0,1,4,0,2,1,2,1,0.31525,0.3705,1,0,1,0,0,0,0.2452830188679245,0.2857142857142857,0.7547169811320755,0.2321428571428571,0.25,0.2641509433962264,0.0714285714285714,0.0357142857142857,1.8,0.8666666666666667,0.375,0.325,0.4,0.25,0.025,0.3715366666666667,0.5790366666666666,0.6351351351351351,0.2684210526315789,0.4769230769230769,0.1897435897435897,0.4609929078014184,0.2482269503546099,0.0212765957446808,10.216216216216216,0.912162162162162,10.216216216216216,0.2522522522522522,0.5459109022475014,0.1908695077462436,0.5459109022475014,0.2452830188679245,"{""bet365"": {""0.5"": {""over"": -180, ""under"": 135}}, ""betmgm"": {""0.5"": {""over"": 180, ""under"": -250}}, ""fanduel"": {""0.5"": {""over"": -175}}}",0.5,betmgm,180.0,0.3571428571428571,True,0.1888,1.5,,,,False,,0,False,False,2026-07-18,0.0,0.0,90.9,92.7,102.0,0.1764705882352941,0.2105263157894736,0.2917333333333333,0.4397333333333333,0.2745098039215686,0.6078431372549019,0.2,0.1372549019607843,0.1372549019607843,0.1525423728813559,over,
806068,Colt Emerson,SEA,SF,1,9.0,1,694738,Landen Roupp,R,823115,10:10 PM ET,T-Mobile Park,0,1,0.2545126353790614,823115,2026-07-17,L,4,3,0,0,0,0,0,0,1,1,0,3,0,3,3,0,0,0.427,1.602,0,0,0,0,1,0,0.1836734693877551,0.2727272727272727,0.5510204081632653,0.4,0.3076923076923077,0.0612244897959183,0.0181818181818181,0.0,0.8,1.4666666666666666,0.2962962962962963,0.1481481481481481,0.5555555555555556,0.2592592592592592,0.074074074074074,0.3538035714285715,0.6348035714285715,0.6351351351351351,0.2684210526315789,0.4769230769230769,0.1897435897435897,0.4609929078014184,0.2482269503546099,0.0212765957446808,10.216216216216216,0.912162162162162,10.216216216216216,0.2522522522522522,0.3402460655207131,0.0668868731754862,0.3402460655207131,0.1836734693877551,"{""bet365"": {""0.5"": {""over"": -110, ""under"": -120}}, ""fanduel"": {""0.5"": {""over"": -115}}}",0.5,bet365,-110.0,0.5238095238095238,True,-0.1836,1.5,,,,False,,0,False,False,2026-07-18,0.0,0.0,90.9,92.7,102.0,0.1875,0.4444444444444444,0.3510416666666666,0.4087916666666666,0.1666666666666666,0.1666666666666666,0.4230769230769231,0.2058823529411764,0.5588235294117647,0.3783783783783784,over,
686527,Dominic Canzone,SEA,SF,1,3.0,1,694738,Landen Roupp,R,823115,10:10 PM ET,T-Mobile Park,0,1,0.2545126353790614,823115,2026-07-17,L,4,4,1,0,0,0,0,0,0,2,1,2,0,0,0,2,0,0.1579999999999999,0.1579999999999999,1,0,1,0,1,1,0.1886792452830188,0.2456140350877192,0.7358490566037735,0.2456140350877192,0.1714285714285714,0.2452830188679245,0.0701754385964912,0.0175438596491228,1.5333333333333334,0.9333333333333332,0.4871794871794871,0.1282051282051282,0.5897435897435898,0.282051282051282,0.0512820512820512,0.3379128205128205,0.6961948717948718,0.6351351351351351,0.2684210526315789,0.4769230769230769,0.1897435897435897,0.4609929078014184,0.2482269503546099,0.0212765957446808,10.216216216216216,0.912162162162162,10.216216216216216,0.2522522522522522,0.5846249744879904,0.1717434006058036,0.5846249744879904,0.1886792452830188,"{""bet365"": {""0.5"": {""over"": -200, ""under"": 150}}, ""betmgm"": {""0.5"": {""over"": 145, ""under"": -200}}, ""draftkings"": {""0.5"": {""over"": -225, ""under"": 167}}, ""fanduel"": {""0.5"": {""over"": 280}}}",0.5,fanduel,280.0,0.2631578947368421,True,0.3215,1.5,,,,False,,0,False,False,2026-07-18,0.0,0.0,90.9,92.7,102.0,0.2272727272727272,0.1304347826086956,0.29069,0.6072733333333334,0.2307692307692307,0.4230769230769231,0.1929824561403508,0.2727272727272727,0.4318181818181818,0.2692307692307692,over,
641487,J.P. Crawford,SEA,SF,1,1.0,1,694738,Landen Roupp,R,823115,10:10 PM ET,T-Mobile Park,0,1,0.2545126353790614,823115,2026-07-17,L,5,4,3,2,0,0,1,0,0,0,5,4,0,1,0,3,1,0.36075,0.38575,1,1,1,1,0,0,0.1639344262295081,0.2388059701492537,0.6721311475409836,0.2985074626865671,0.2439024390243902,0.0491803278688524,0.0,0.044776119402985,0.8666666666666667,1.3333333333333333,0.4146341463414634,0.3170731707317073,0.6097560975609756,0.024390243902439,0.0,0.3006155555555556,0.3704444444444444,0.6351351351351351,0.2684210526315789,0.4769230769230769,0.1897435897435897,0.4609929078014184,0.2482269503546099,0.0212765957446808,10.216216216216216,0.912162162162162,10.216216216216216,0.2522522522522522,0.5990193105777002,0.1895337010886524,0.5990193105777002,0.1639344262295081,"{""bet365"": {""0.5"": {""over"": -190, ""under"": 140}}, ""betmgm"": {""0.5"": {""over"": -120, ""under"": -110}}, ""draftkings"": {""0.5"": {""over"": -201, ""under"": 150}}, ""fanduel"": {""0.5"": {""over"": 320}}}",0.5,fanduel,320.0,0.238095238095238,True,0.3609,1.5,,,,False,,0,False,False,2026-07-18,0.0,0.0,90.9,92.7,102.0,0.2,0.2727272727272727,0.3908833333333333,0.5003833333333335,0.1935483870967742,0.2419354838709677,0.2941176470588235,0.1923076923076923,0.1923076923076923,0.1612903225806451,over,
647304,Josh Naylor,SEA,SF,1,5.0,1,694738,Landen Roupp,R,823115,10:10 PM ET,T-Mobile Park,0,1,0.2545126353790614,823115,2026-07-17,L,5,3,1,0,0,0,1,1,0,0,1,3,0,1,0,2,1,0.4073333333333333,0.4323333333333333,1,0,1,0,0,0,0.2241379310344827,0.296875,0.8793103448275862,0.109375,0.2549019607843137,0.0344827586206896,0.0,0.03125,1.0,0.4666666666666667,0.3137254901960784,0.2549019607843137,0.4509803921568627,0.2156862745098039,0.0196078431372549,0.3165722222222222,0.4338388888888888,0.6351351351351351,0.2684210526315789,0.4769230769230769,0.1897435897435897,0.4609929078014184,0.2482269503546099,0.0212765957446808,10.216216216216216,0.912162162162162,10.216216216216216,0.2522522522522522,0.6111471501297109,0.1736859828123458,0.6111471501297109,0.2241379310344827,"{""bet365"": {""0.5"": {""over"": -210, ""under"": 155}}, ""fanduel"": {""0.5"": {""over"": -200}}}",0.5,fanduel,-200.0,0.6666666666666666,True,-0.0555,1.5,,,,False,,1,True,False,2026-07-18,0.0,0.0,90.9,92.7,102.0,0.2631578947368421,0.1428571428571428,0.3781333333333334,0.5070333333333332,0.288135593220339,0.3220338983050847,0.078125,0.2631578947368421,0.3508771929824561,0.1428571428571428,over,
670042,Luke Raley,SEA,SF,1,7.0,1,694738,Landen Roupp,R,823115,10:10 PM ET,T-Mobile Park,0,1,0.2545126353790614,823115,2026-07-17,L,3,3,0,0,0,0,0,0,0,1,0,2,0,1,0,0,2,0.6585000000000001,0.8165,0,0,0,0,1,0,0.1739130434782608,0.22,0.6304347826086957,0.34,0.2666666666666666,0.0652173913043478,0.0,0.06,0.7333333333333333,1.1333333333333333,0.3666666666666666,0.3333333333333333,0.4,0.1666666666666666,0.0333333333333333,0.359551282051282,0.4987499999999999,0.6351351351351351,0.2684210526315789,0.4769230769230769,0.1897435897435897,0.4609929078014184,0.2482269503546099,0.0212765957446808,10.216216216216216,0.912162162162162,10.216216216216216,0.2522522522522522,0.5034534811123667,0.121973211688985,0.5034534811123667,0.1739130434782608,"{""bet365"": {""0.5"": {""over"": -105, ""under"": -130}}, ""draftkings"": {""0.5"": {""over"": -126, ""under"": -105}}}",0.5,bet365,-105.0,0.5121951219512195,True,-0.0087,1.5,,,,False,,1,True,False,2026-07-18,0.0,0.0,90.9,92.7,102.0,0.2777777777777778,0.2631578947368421,0.3181333333333333,0.4436666666666666,0.1739130434782608,0.2391304347826087,0.34,0.119047619047619,0.2142857142857142,0.3404255319148936,over,
668227,Randy Arozarena,SEA,SF,1,2.0,1,694738,Landen Roupp,R,823115,10:10 PM ET,T-Mobile Park,1,1,0.2545126353790614,823115,2026-07-17,R,5,5,1,0,0,1,0,0,0,2,4,3,1,1,1,2,0,0.333,0.8956666666666666,1,0,1,1,1,1,0.3076923076923077,0.4461538461538462,0.8269230769230769,0.1384615384615384,0.325,0.2307692307692307,0.0461538461538461,0.0461538461538461,1.8666666666666667,0.6,0.4186046511627907,0.2558139534883721,0.4418604651162791,0.2325581395348837,0.0465116279069767,0.3517888888888889,0.5595277777777777,0.6351351351351351,0.2684210526315789,0.4769230769230769,0.1897435897435897,0.4609929078014184,0.2482269503546099,0.0212765957446808,10.216216216216216,0.912162162162162,10.216216216216216,0.2522522522522522,0.5746187525866054,0.1984063760727658,0.5746187525866054,0.3076923076923077,"{""bet365"": {""0.5"": {""over"": -180, ""under"": 135}}, ""betmgm"": {""0.5"": {""over"": 135, ""under"": -185}}, ""fanduel"": {""0.5"": {""over"": 370}}}",0.5,fanduel,370.0,0.2127659574468085,True,0.3619,1.5,,,,False,,0,False,False,2026-07-18,0.0,0.0,90.9,92.7,102.0,0.3125,0.0909090909090909,0.4513333333333333,0.6543666666666665,0.2830188679245283,0.490566037735849,0.203125,0.2631578947368421,0.4561403508771929,0.2769230769230769,over,
645302,Victor Robles,SEA,SF,1,8.0,1,694738,Landen Roupp,R,823115,10:10 PM ET,T-Mobile Park,1,1,0.2545126353790614,823115,2026-07-17,R,4,3,0,0,0,0,0,0,1,1,0,3,0,0,0,2,1,0.0824999999999999,0.093,0,0,0,0,1,0,0.1707317073170731,0.2608695652173913,0.7804878048780488,0.1914893617021276,0.21875,0.024390243902439,0.0,0.0212765957446808,0.5333333333333333,0.6,0.2121212121212121,0.2424242424242424,0.2424242424242424,0.4545454545454545,0.0,0.2765320512820513,0.3746538461538461,0.6351351351351351,0.2684210526315789,0.4769230769230769,0.1897435897435897,0.4609929078014184,0.2482269503546099,0.0212765957446808,10.216216216216216,0.912162162162162,10.216216216216216,0.2522522522522522,0.4896434170996079,0.1249695931778428,0.4896434170996079,0.1707317073170731,"{""bet365"": {""0.5"": {""over"": -135, ""under"": 100}}, ""betmgm"": {""0.5"": {""over"": -135, ""under"": 100}}, ""fanduel"": {""0.5"": {""over"": 370}}}",0.5,fanduel,370.0,0.2127659574468085,True,0.2769,1.5,,,,False,,0,False,False,2026-07-18,0.0,0.0,90.9,92.7,102.0,0.0833333333333333,0.1333333333333333,0.3276458333333333,0.4228958333333331,0.1956521739130435,0.1956521739130435,0.1923076923076923,0.2272727272727272,0.2727272727272727,0.1956521739130435,over,
805811,Bryce Eldridge,SF,SEA,0,2.0,1,682243,Bryce Miller,R,823115,10:10 PM ET,T-Mobile Park,0,1,0.203971119133574,823115,2026-07-17,L,4,3,1,0,0,0,1,0,0,0,1,3,0,2,0,1,2,0.3656666666666666,0.4203333333333334,1,0,1,0,0,0,0.2363636363636363,0.3114754098360656,0.6545454545454545,0.3114754098360656,0.3235294117647059,0.1818181818181818,0.0327868852459016,0.0655737704918032,1.5333333333333334,1.2666666666666666,0.5555555555555556,0.25,0.3611111111111111,0.3055555555555556,0.0833333333333333,0.4443666666666666,0.9269,0.6553398058252428,0.1375661375661375,0.3434343434343434,0.1666666666666666,0.3925925925925926,0.3481481481481481,0.0296296296296296,5.5588235294117645,1.4294117647058826,10.16470588235294,0.3106796116504854,0.5744596784269412,0.1761612437285096,0.5744596784269412,0.2363636363636363,"{""bet365"": {""0.5"": {""over"": -140, ""under"": 105}}, ""draftkings"": {""0.5"": {""over"": -153, ""under"": 115}}}",0.5,bet365,-140.0,0.5833333333333334,True,-0.0089,1.5,,,,False,,1,True,False,2026-07-18,0.0,0.0,90.9,92.7,102.0,0.2352941176470588,0.25,0.4397833333333333,0.9865,0.1698113207547169,0.2641509433962264,0.3709677419354839,0.2647058823529412,0.5294117647058824,0.2105263157894736,over,
669477,Casey Schmitt,SF,SEA,0,3.0,1,682243,Bryce Miller,R,823115,10:10 PM ET,T-Mobile Park,1,1,0.203971119133574,823115,2026-07-17,R,4,4,1,0,0,0,0,0,0,0,1,4,0,2,1,1,2,0.31775,0.42075,1,0,1,0,0,0,0.2131147540983606,0.2461538461538461,0.819672131147541,0.1692307692307692,0.2083333333333333,0.180327868852459,0.0461538461538461,0.0307692307692307,1.6,0.7333333333333333,0.4901960784313725,0.2745098039215686,0.2352941176470588,0.4117647058823529,0.0196078431372549,0.3138033333333334,0.6230699999999999,0.6553398058252428,0.1375661375661375,0.3434343434343434,0.1666666666666666,0.3925925925925926,0.3481481481481481,0.0296296296296296,5.5588235294117645,1.4294117647058826,10.16470588235294,0.3106796116504854,0.5758553456439794,0.1770383426208319,0.5758553456439794,0.2131147540983606,"{""bet365"": {""0.5"": {""over"": -190, ""under"": 140}}, ""draftkings"": {""0.5"": {""over"": -150, ""under"": 113}}}",0.5,draftkings,-150.0,0.6,True,-0.0241,1.5,,,,False,,2,True,True,2026-07-18,0.0,0.0,90.9,92.7,102.0,0.3,0.1363636363636363,0.4161833333333334,0.979,0.3114754098360656,0.5081967213114754,0.203125,0.2307692307692307,0.3538461538461538,0.1492537313432835,over,
701852,Drew Cavanaugh,SF,SEA,0,9.0,1,682243,Bryce Miller,R,823115,10:10 PM ET,T-Mobile Park,0,1,0.203971119133574,823115,2026-07-17,L,4,2,0,0,0,0,2,0,0,1,0,1,0,1,1,0,0,0.057,0.199,0,0,0,0,1,0,0.2333333333333333,0.303030303030303,0.7333333333333333,0.2352941176470588,0.3181818181818182,0.0,0.0,0.0,0.6363636363636364,0.7272727272727273,0.217391304347826,0.1739130434782608,0.5217391304347826,0.1739130434782608,0.0,0.2970333333333333,0.4650666666666667,0.6553398058252428,0.1375661375661375,0.3434343434343434,0.1666666666666666,0.3925925925925926,0.3481481481481481,0.0296296296296296,5.5588235294117645,1.4294117647058826,10.16470588235294,0.3106796116504854,0.3114898885567214,0.0666739111306604,0.3114898885567214,0.2333333333333333,"{""bet365"": {""0.5"": {""over"": 100, ""under"": -135}}, ""fanduel"": {""0.5"": {""over"": -115}}}",0.5,bet365,100.0,0.5,True,-0.1885,1.5,,,,False,,2,True,True,2026-07-18,0.0,0.0,90.9,92.7,102.0,0.2307692307692307,0.3125,0.1931666666666666,0.38275,0.2333333333333333,0.2333333333333333,0.2352941176470588,,,,over,
687551,Drew Gilbert,SF,SEA,0,8.0,1,682243,Bryce Miller,R,823115,10:10 PM ET,T-Mobile Park,0,1,0.203971119133574,823115,2026-07-17,L,4,4,1,0,0,0,0,0,0,0,1,4,0,1,1,1,1,0.498,0.5619999999999999,1,0,1,0,0,0,0.2413793103448276,0.3611111111111111,0.8620689655172413,0.1111111111111111,0.24,0.1724137931034483,0.0277777777777777,0.0555555555555555,0.8,0.2666666666666666,0.2692307692307692,0.3461538461538461,0.3846153846153846,0.1923076923076923,0.0,0.346076923076923,0.4492692307692308,0.6553398058252428,0.1375661375661375,0.3434343434343434,0.1666666666666666,0.3925925925925926,0.3481481481481481,0.0296296296296296,5.5588235294117645,1.4294117647058826,10.16470588235294,0.3106796116504854,0.5343858538174209,0.1422582497579531,0.5343858538174209,0.2413793103448276,"{""bet365"": {""0.5"": {""over"": 110, ""under"": -150}}, ""draftkings"": {""0.5"": {""over"": 102, ""under"": -136}}, ""fanduel"": {""0.5"": {""over"": -110}}}",0.5,bet365,110.0,0.4761904761904761,True,0.0582,1.5,,,,False,,0,False,False,2026-07-18,0.0,0.0,90.9,92.7,102.0,0.3529411764705882,0.1666666666666666,0.316625,0.412,0.2413793103448276,0.4137931034482758,0.1111111111111111,0.037037037037037,0.037037037037037,0.3571428571428571,over,
671218,Heliot Ramos,SF,SEA,0,5.0,1,682243,Bryce Miller,R,823115,10:10 PM ET,T-Mobile Park,1,1,0.203971119133574,823115,2026-07-17,R,4,4,2,0,0,0,0,0,0,1,2,3,0,3,1,1,1,0.5,1.179,1,1,1,1,1,0,0.2666666666666666,0.2903225806451613,0.7666666666666667,0.2258064516129032,0.2857142857142857,0.2833333333333333,0.064516129032258,0.0161290322580645,2.2,0.9333333333333332,0.5217391304347826,0.2608695652173913,0.4565217391304347,0.2826086956521739,0.0434782608695652,0.4003333333333333,0.7541833333333333,0.6553398058252428,0.1375661375661375,0.3434343434343434,0.1666666666666666,0.3925925925925926,0.3481481481481481,0.0296296296296296,5.5588235294117645,1.4294117647058826,10.16470588235294,0.3106796116504854,0.6097308540301921,0.2222167969769732,0.6097308540301921,0.2666666666666666,"{""bet365"": {""0.5"": {""over"": -165, ""under"": 125}}, ""betmgm"": {""0.5"": {""over"": 130, ""under"": -175}}, ""draftkings"": {""0.5"": {""over"": -148, ""under"": 111}}, ""fanduel"": {""0.5"": {""over"": -200}}}",0.5,betmgm,130.0,0.4347826086956521,True,0.1749,1.5,,,,False,,2,True,True,2026-07-18,0.0,0.0,90.9,92.7,102.0,0.238095238095238,0.3333333333333333,0.4089833333333333,0.60595,0.2786885245901639,0.5901639344262295,0.21875,0.2758620689655172,0.4827586206896552,0.2833333333333333,over,
808982,Jung Hoo Lee,SF,SEA,0,6.0,1,682243,Bryce Miller,R,823115,10:10 PM ET,T-Mobile Park,0,1,0.203971119133574,823115,2026-07-17,L,4,4,0,0,0,0,0,0,0,1,0,3,0,1,1,2,0,0.1936666666666666,0.2053333333333333,0,0,0,0,1,0,0.1698113207547169,0.1851851851851851,0.8867924528301887,0.1111111111111111,0.1914893617021276,0.0377358490566037,0.0,0.037037037037037,0.7333333333333333,0.4,0.1702127659574468,0.1914893617021276,0.574468085106383,0.1489361702127659,0.0,0.2282544444444444,0.2713544444444444,0.6553398058252428,0.1375661375661375,0.3434343434343434,0.1666666666666666,0.3925925925925926,0.3481481481481481,0.0296296296296296,5.5588235294117645,1.4294117647058826,10.16470588235294,0.3106796116504854,0.5547395050209861,0.1133611118723019,0.5547395050209861,0.1698113207547169,"{""bet365"": {""0.5"": {""over"": -180, ""under"": 135}}, ""betmgm"": {""1.5"": {""over"": -120, ""under"": -110}}, ""draftkings"": {""0.5"": {""over"": -198, ""under"": 148}}, ""fanduel"": {""0.5"": {""over"": -220}}}",0.5,bet365,-180.0,0.6428571428571429,True,-0.0881,1.5,betmgm,-120.0,0.5454545454545454,True,-0.4321,3,True,True,2026-07-18,0.0,0.0,90.9,92.7,102.0,0.125,0.1875,0.2375166666666666,0.2979999999999999,0.196078431372549,0.3137254901960784,0.0555555555555555,0.3035714285714285,0.4464285714285714,0.1525423728813559,over,over
650333,Luis Arraez,SF,SEA,0,1.0,1,682243,Bryce Miller,R,823115,10:10 PM ET,T-Mobile Park,0,1,0.203971119133574,823115,2026-07-17,L,4,3,0,0,0,0,1,0,0,0,0,3,0,0,1,1,0,0.0333333333333333,0.0376666666666666,0,0,0,0,0,0,0.3898305084745763,0.4307692307692308,0.9491525423728814,0.0454545454545454,0.3928571428571428,0.1694915254237288,0.0151515151515151,0.0757575757575757,2.2,0.2,0.2413793103448276,0.3103448275862069,0.396551724137931,0.2758620689655172,0.0,0.3236455555555555,0.4497888888888888,0.6553398058252428,0.1375661375661375,0.3434343434343434,0.1666666666666666,0.3925925925925926,0.3481481481481481,0.0296296296296296,5.5588235294117645,1.4294117647058826,10.16470588235294,0.3106796116504854,0.7034891353279914,0.2278802014698852,0.7034891353279914,0.3898305084745763,"{""bet365"": {""1.5"": {""over"": 205, ""under"": -290}}, ""draftkings"": {""0.5"": {""over"": -241, ""under"": 178}}, ""fanduel"": {""0.5"": {""over"": -240}}}",0.5,fanduel,-240.0,0.7058823529411765,True,-0.0024,1.5,bet365,205.0,0.3278688524590163,True,-0.1,1,True,False,2026-07-18,0.0,0.0,90.9,92.7,102.0,0.45,0.0454545454545454,0.32495,0.3863333333333333,0.2982456140350877,0.4736842105263157,0.0153846153846153,0.3389830508474576,0.5423728813559322,0.0769230769230769,over,over
646240,Rafael Devers,SF,SEA,0,4.0,1,682243,Bryce Miller,R,823115,10:10 PM ET,T-Mobile Park,0,1,0.203971119133574,823115,2026-07-17,L,4,3,0,0,0,0,1,0,0,1,0,2,0,2,0,1,1,0.4379999999999999,0.7825,0,0,0,0,1,0,0.3461538461538461,0.4444444444444444,0.8269230769230769,0.1428571428571428,0.2972972972972973,0.4423076923076923,0.1111111111111111,0.0317460317460317,2.7333333333333334,0.6,0.4772727272727273,0.1363636363636363,0.3636363636363636,0.4545454545454545,0.0454545454545454,0.3491499999999999,0.8806166666666666,0.6553398058252428,0.1375661375661375,0.3434343434343434,0.1666666666666666,0.3925925925925926,0.3481481481481481,0.0296296296296296,5.5588235294117645,1.4294117647058826,10.16470588235294,0.3106796116504854,0.5932040650819704,0.2034535704255886,0.5932040650819704,0.3461538461538461,"{""bet365"": {""0.5"": {""over"": -150, ""under"": 110}}, ""betmgm"": {""0.5"": {""over"": 135, ""under"": -185}}, ""fanduel"": {""0.5"": {""over"": 400}}}",0.5,fanduel,400.0,0.2,True,0.3932,1.5,,,,False,,0,False,False,2026-07-18,0.0,0.0,90.9,92.7,102.0,0.3529411764705882,0.1363636363636363,0.2663166666666668,0.3777833333333334,0.3725490196078431,0.9411764705882352,0.1428571428571428,0.1929824561403508,0.3684210526315789,0.265625,over,
642715,Willy Adames,SF,SEA,0,7.0,1,682243,Bryce Miller,R,823115,10:10 PM ET,T-Mobile Park,1,1,0.203971119133574,823115,2026-07-17,R,4,4,3,0,0,0,0,0,0,0,3,4,0,0,0,2,2,0.5055000000000001,0.56475,1,1,1,1,0,0,0.2264150943396226,0.3278688524590163,0.6415094339622641,0.3114754098360656,0.3125,0.1698113207547169,0.0327868852459016,0.0491803278688524,1.4,1.2666666666666666,0.3529411764705882,0.2058823529411764,0.3529411764705882,0.3235294117647059,0.0,0.3233166666666667,0.5130666666666667,0.6553398058252428,0.1375661375661375,0.3434343434343434,0.1666666666666666,0.3925925925925926,0.3481481481481481,0.0296296296296296,5.5588235294117645,1.4294117647058826,10.16470588235294,0.3106796116504854,0.5127739749728635,0.1377087419806938,0.5127739749728635,0.2264150943396226,"{""bet365"": {""0.5"": {""over"": -130, ""under"": -105}}, ""draftkings"": {""0.5"": {""over"": -126, ""under"": -105}}, ""fanduel"": {""0.5"": {""over"": -115}}}",0.5,fanduel,-115.0,0.5348837209302325,True,-0.0221,1.5,,,,False,,1,True,False,2026-07-18,0.0,0.0,90.9,92.7,102.0,0.1052631578947368,0.2857142857142857,0.3292166666666666,0.5494000000000001,0.1454545454545454,0.3090909090909091,0.2833333333333333,0.2909090909090909,0.5818181818181818,0.2419354838709677,over,
