batter,player_name,team_abbr,opp_team,is_home,bat_order,in_lineup,pitcher_id,pitcher_name,p_throws,game_id,game_time,stadium,stand_R,p_throws_R,opp_k_pct_15,game_date,game_pk,is_dome,wind_out,hit_factor,tb_factor,hr_factor,stand,pa,ab,h,doubles,triples,hr,bb,hbp,sf,k,tb,batted_balls,barrels,hard_hits,fly_balls,ground_balls,line_drives,avg_xba,avg_xslg,target_hit_1plus,target_hit_2plus,target_tb_1plus,target_tb_2plus,target_k_1plus,target_k_2plus,batting_avg_15,obp_15,contact_rate_15,k_rate_15,babip_15,iso_15,hr_rate_15,doubles_rate_15,avg_total_bases_15,avg_k_per_game_15,hard_hit_pct_15,line_drive_pct_15,gb_pct_15,fly_ball_pct_15,barrel_pct_15,xba_15,xslg_15,batting_avg_last_5,k_rate_last_5,xba_last_5,xslg_last_5,batting_avg_vs_R_15,slg_vs_R_15,k_rate_vs_R_15,batting_avg_vs_L_15,slg_vs_L_15,k_rate_vs_L_15,p_contact_rate_allowed_10,p_babip_allowed_10,p_slg_allowed_10,p_iso_allowed_10,p_gb_pct_10,p_fb_pct_10,p_barrel_pct_allowed_10,p_hits_per9_10,p_hr_per9_10,p_k_per9_10,p_k_rate_10,p_k_1plus,p_k_2plus,adj_prob,pred_ks,book_markets,primary_line,primary_side,primary_best_book,primary_best_odds,primary_book_implied,primary_has_line,primary_edge,secondary_line,secondary_side,secondary_best_book,secondary_best_odds,secondary_book_implied,secondary_has_line,secondary_edge
666126,Carlos Cortes,ATH,WSH,1,1.0,1,676917,Cade Cavalli,R,824981,9:40 PM ET,Sutter Health Park,0,1,0.26534296028880866,2026-07-17,824981,0,1,106.1,109.2,113.8,L,2,2,1,0,0,0,0,0,0,1,1,1,0,1,0,1,0,0.283,0.3,1,0,1,0,1,0,0.16666666666666666,0.18604651162790697,0.7142857142857143,0.27906976744186046,0.23333333333333334,0.047619047619047616,0.0,0.046511627906976744,0.6,0.8,0.3333333333333333,0.3,0.4,0.26666666666666666,0.0,0.24883750000000002,0.3434708333333334,0.2857142857142857,0.26666666666666666,0.24793749999999998,0.396375,0.16666666666666666,0.21428571428571427,0.27906976744186046,0.2777777777777778,0.3333333333333333,0.2857142857142857,0.6486486486486487,0.22564102564102564,0.37623762376237624,0.12376237623762376,0.5416666666666666,0.20833333333333334,0.027777777777777776,8.770700636942676,1.2038216560509556,10.490445859872613,0.2747747747747748,0.6565972612205033,0.2747271584184952,0.6565972612205033,0.8,"{""bet365"": {""0.5"": {""over"": -160, ""under"": 120}}}",0.5,over,bet365,-160.0,0.6153846153846154,True,0.0412,1.5,,,,,False,
622268,Donovan Walton,ATH,WSH,1,7.0,1,676917,Cade Cavalli,R,824981,9:40 PM ET,Sutter Health Park,0,1,0.26534296028880866,2026-07-17,824981,0,1,106.1,109.2,113.8,L,1,1,1,1,0,0,0,0,0,0,2,1,0,1,0,0,1,0.331,0.513,1,0,1,1,0,0,0.3469387755102041,0.38461538461538464,0.8163265306122449,0.17307692307692307,0.3783783783783784,0.2653061224489796,0.057692307692307696,0.07692307692307693,2.0,0.6,0.35,0.35,0.375,0.225,0.0,0.31797333333333333,0.4571922222222222,0.1875,0.3333333333333333,0.32576666666666665,0.4262666666666666,0.32653061224489793,0.5306122448979592,0.20754716981132076,0.17142857142857143,0.34285714285714286,0.10810810810810811,0.6486486486486487,0.22564102564102564,0.37623762376237624,0.12376237623762376,0.5416666666666666,0.20833333333333334,0.027777777777777776,8.770700636942676,1.2038216560509556,10.490445859872613,0.2747747747747748,0.5012209408300182,0.1756222844580924,0.5012209408300182,0.6,"{""bet365"": {""0.5"": {""over"": -155, ""under"": 115}}, ""betmgm"": {""0.5"": {""over"": -120}}}",0.5,over,betmgm,-120.0,0.5454545454545454,True,-0.0442,1.5,,,,,False,
703607,Henry Bolte,ATH,WSH,1,8.0,1,676917,Cade Cavalli,R,824981,9:40 PM ET,Sutter Health Park,1,1,0.26534296028880866,2026-07-17,824981,0,1,106.1,109.2,113.8,R,3,3,0,0,0,0,0,0,0,1,0,2,0,2,0,2,0,0.4335,0.47650000000000003,0,0,0,0,1,0,0.17857142857142858,0.23333333333333334,0.7142857142857143,0.26229508196721313,0.23076923076923078,0.05357142857142857,0.01639344262295082,0.0,0.8666666666666667,1.0666666666666667,0.35,0.125,0.7,0.15,0.0,0.2736544444444444,0.4299788888888889,0.06666666666666667,0.35294117647058826,0.21690000000000004,0.3934666666666666,0.2857142857142857,0.3877551020408163,0.23728813559322035,0.19298245614035087,0.3157894736842105,0.36065573770491804,0.6486486486486487,0.22564102564102564,0.37623762376237624,0.12376237623762376,0.5416666666666666,0.20833333333333334,0.027777777777777776,8.770700636942676,1.2038216560509556,10.490445859872613,0.2747747747747748,0.7037144119703461,0.3067804146547998,0.7037144119703461,1.0666666666666667,"{""betmgm"": {""0.5"": {""over"": -250}}, ""bet365"": {""1.5"": {""over"": 300, ""under"": -450}}}",0.5,over,betmgm,-250.0,0.7142857142857143,True,-0.0106,1.5,over,bet365,300.0,0.25,True,0.0568
805779,Jacob Wilson,ATH,WSH,1,2.0,1,676917,Cade Cavalli,R,824981,9:40 PM ET,Sutter Health Park,1,1,0.26534296028880866,2026-07-17,824981,0,1,106.1,109.2,113.8,R,4,4,1,0,0,0,0,0,0,0,1,4,0,2,1,1,2,0.37050000000000005,0.5695,1,0,1,0,0,0,0.26785714285714285,0.32786885245901637,0.875,0.11475409836065574,0.2916666666666667,0.125,0.01639344262295082,0.03278688524590164,1.4666666666666666,0.4666666666666667,0.24489795918367346,0.2653061224489796,0.5510204081632653,0.16326530612244897,0.0,0.3374444444444445,0.4136166666666667,0.3333333333333333,0.10526315789473684,0.36413333333333336,0.42774999999999996,0.2727272727272727,0.43636363636363634,0.15,0.27586206896551724,0.3448275862068966,0.09230769230769231,0.6486486486486487,0.22564102564102564,0.37623762376237624,0.12376237623762376,0.5416666666666666,0.20833333333333334,0.027777777777777776,8.770700636942676,1.2038216560509556,10.490445859872613,0.2747747747747748,0.5073963672633948,0.10474871847506532,0.5073963672633948,0.4666666666666667,"{""bet365"": {""0.5"": {""over"": 132, ""under"": -175}}}",0.5,over,bet365,132.0,0.43103448275862066,True,0.0764,1.5,,,,,False,
811965,Joshua Kuroda-Grauer,ATH,WSH,1,5.0,1,676917,Cade Cavalli,R,824981,9:40 PM ET,Sutter Health Park,1,1,0.26534296028880866,2026-07-17,824981,0,1,106.1,109.2,113.8,R,4,4,1,1,0,0,0,0,0,0,2,4,0,3,0,2,1,0.33325,0.47675000000000006,1,0,1,1,0,0,0.41304347826086957,0.425531914893617,0.8478260869565217,0.14893617021276595,0.48717948717948717,0.10869565217391304,0.0,0.10638297872340426,1.8461538461538463,0.5384615384615384,0.28205128205128205,0.28205128205128205,0.5384615384615384,0.15384615384615385,0.0,0.3205530303030303,0.39062121212121215,0.47368421052631576,0.15789473684210525,0.3116,0.376,0.4090909090909091,0.45454545454545453,0.21739130434782608,0.4,0.55,0.1,0.6486486486486487,0.22564102564102564,0.37623762376237624,0.12376237623762376,0.5416666666666666,0.20833333333333334,0.027777777777777776,8.770700636942676,1.2038216560509556,10.490445859872613,0.2747747747747748,0.5747279846472924,0.24346524395394595,0.5747279846472924,0.5384615384615384,"{""bet365"": {""0.5"": {""over"": -150, ""under"": 110}}}",0.5,over,bet365,-150.0,0.6,True,-0.0253,1.5,,,,,False,
671732,Lawrence Butler,ATH,WSH,1,6.0,1,676917,Cade Cavalli,R,824981,9:40 PM ET,Sutter Health Park,0,1,0.26534296028880866,2026-07-17,824981,0,1,106.1,109.2,113.8,L,4,4,0,0,0,0,0,0,0,2,0,2,0,0,0,2,0,0.068,0.0785,0,0,0,0,1,1,0.23255813953488372,0.4,0.6976744186046512,0.23636363636363636,0.3333333333333333,0.06976744186046512,0.0,0.05454545454545454,0.8666666666666667,0.8666666666666667,0.4666666666666667,0.3333333333333333,0.5333333333333333,0.13333333333333333,0.0,0.33442261904761905,0.4231607142857143,0.15384615384615385,0.23529411764705882,0.29000000000000004,0.32810000000000017,0.24390243902439024,0.4146341463414634,0.3125,0.15789473684210525,0.15789473684210525,0.25,0.6486486486486487,0.22564102564102564,0.37623762376237624,0.12376237623762376,0.5416666666666666,0.20833333333333334,0.027777777777777776,8.770700636942676,1.2038216560509556,10.490445859872613,0.2747747747747748,0.7093016082884223,0.3320207908052833,0.7093016082884223,0.8666666666666667,"{""bet365"": {""1.5"": {""over"": 210, ""under"": -300}}}",0.5,,,,,False,,1.5,over,bet365,210.0,0.3225806451612903,True,0.0094
669127,Shea Langeliers,ATH,WSH,1,4.0,1,676917,Cade Cavalli,R,824981,9:40 PM ET,Sutter Health Park,1,1,0.26534296028880866,2026-07-17,824981,0,1,106.1,109.2,113.8,R,4,4,1,0,0,1,0,0,0,0,4,4,1,3,1,3,0,0.39575,1.0215,1,0,1,1,0,0,0.18518518518518517,0.2786885245901639,0.5555555555555556,0.39344262295081966,0.3103448275862069,0.05555555555555555,0.01639344262295082,0.0,0.8666666666666667,1.6,0.5,0.23333333333333334,0.4,0.3333333333333333,0.06666666666666667,0.37491025641025644,0.5891666666666666,0.125,0.5263157894736842,0.4639999999999999,0.611,0.16393442622950818,0.29508196721311475,0.25,0.2542372881355932,0.5254237288135594,0.2714285714285714,0.6486486486486487,0.22564102564102564,0.37623762376237624,0.12376237623762376,0.5416666666666666,0.20833333333333334,0.027777777777777776,8.770700636942676,1.2038216560509556,10.490445859872613,0.2747747747747748,0.7261983496534258,0.26769043671595816,0.7261983496534258,1.6,"{""bet365"": {""1.5"": {""over"": 202, ""under"": -280}}}",0.5,,,,,False,,1.5,over,bet365,202.0,0.33112582781456956,True,-0.0634
695720,Tommy White,ATH,WSH,1,9.0,1,676917,Cade Cavalli,R,824981,9:40 PM ET,Sutter Health Park,1,1,0.26534296028880866,2026-07-17,824981,0,1,106.1,109.2,113.8,R,4,2,1,0,0,0,2,0,0,0,1,2,0,1,0,2,0,,,1,0,1,0,0,0,,,,,,,,,,,,,,,,,,0.0,0.3333333333333333,,,,,,,,,0.6486486486486487,0.22564102564102564,0.37623762376237624,0.12376237623762376,0.5416666666666666,0.20833333333333334,0.027777777777777776,8.770700636942676,1.2038216560509556,10.490445859872613,0.2747747747747748,0.358792357303418,0.045072993701356756,0.358792357303418,,"{""bet365"": {""0.5"": {""over"": -180, ""under"": 135}}, ""betmgm"": {""0.5"": {""over"": -120}}}",0.5,over,betmgm,-120.0,0.5454545454545454,True,-0.1867,1.5,,,,,False,
691016,Tyler Soderstrom,ATH,WSH,1,3.0,1,676917,Cade Cavalli,R,824981,9:40 PM ET,Sutter Health Park,0,1,0.26534296028880866,2026-07-17,824981,0,1,106.1,109.2,113.8,L,4,3,0,0,0,0,1,0,0,0,0,3,0,2,0,3,0,0.333,0.38166666666666665,0,0,0,0,0,0,0.2553191489361702,0.38596491228070173,0.7872340425531915,0.1724137931034483,0.2857142857142857,0.1702127659574468,0.034482758620689655,0.034482758620689655,1.3333333333333333,0.6666666666666666,0.43243243243243246,0.3783783783783784,0.43243243243243246,0.13513513513513514,0.02702702702702703,0.38845238095238094,0.6356607142857144,0.18181818181818182,0.23076923076923078,0.5987499999999999,1.1727500000000002,0.24,0.44,0.16393442622950818,0.3673469387755102,0.7755102040816326,0.1864406779661017,0.6486486486486487,0.22564102564102564,0.37623762376237624,0.12376237623762376,0.5416666666666666,0.20833333333333334,0.027777777777777776,8.770700636942676,1.2038216560509556,10.490445859872613,0.2747747747747748,0.6077136009210505,0.22185760655018313,0.6077136009210505,0.6666666666666666,"{""bet365"": {""0.5"": {""over"": -200, ""under"": 150}}}",0.5,over,bet365,-200.0,0.6666666666666666,True,-0.059,1.5,,,,,False,
665953,Andrés Chaparro,WSH,ATH,0,3.0,1,695611,Gage Jump,L,824981,9:40 PM ET,Sutter Health Park,1,0,0.21452702702702703,2026-07-17,824981,0,1,106.1,109.2,113.8,R,1,1,0,0,0,0,0,0,0,0,0,1,0,0,0,1,0,0.055,0.055,0,0,0,0,0,0,0.16666666666666666,0.2647058823529412,0.6,0.35294117647058826,0.23529411764705882,0.13333333333333333,0.029411764705882353,0.029411764705882353,0.6,0.8,0.6111111111111112,0.05555555555555555,0.5555555555555556,0.3333333333333333,0.0,0.33245454545454545,0.6524090909090909,0.25,0.625,0.5407500000000001,1.6337499999999998,0.10810810810810811,0.13513513513513514,0.21428571428571427,0.16666666666666666,0.3,0.3142857142857143,0.6775956284153005,0.2484076433121019,0.391304347826087,0.12422360248447205,0.3790322580645161,0.28225806451612906,0.024193548387096774,9.0,0.8372093023255813,8.58139534883721,0.2265193370165746,0.45527594402763755,0.1540299733942758,0.45527594402763755,0.8,"{""bet365"": {""0.5"": {""over"": -220, ""under"": 160}}}",0.5,over,bet365,-220.0,0.6875,True,-0.2322,1.5,,,,,False,
682928,CJ Abrams,WSH,ATH,0,4.0,1,695611,Gage Jump,L,824981,9:40 PM ET,Sutter Health Park,0,0,0.21452702702702703,2026-07-17,824981,0,1,106.1,109.2,113.8,L,4,4,1,0,0,0,0,0,0,1,1,3,0,2,0,2,1,0.4453333333333333,0.521,1,0,1,0,1,0,0.2222222222222222,0.2857142857142857,0.6666666666666666,0.2857142857142857,0.25,0.2037037037037037,0.047619047619047616,0.031746031746031744,1.5333333333333334,1.2,0.358974358974359,0.23076923076923078,0.1794871794871795,0.38461538461538464,0.02564102564102564,0.2923095238095238,0.5094047619047619,0.3888888888888889,0.17391304347826086,0.5009833333333333,0.8644333333333334,0.2413793103448276,0.5344827586206896,0.22580645161290322,0.27450980392156865,0.47058823529411764,0.21875,0.6775956284153005,0.2484076433121019,0.391304347826087,0.12422360248447205,0.3790322580645161,0.28225806451612906,0.024193548387096774,9.0,0.8372093023255813,8.58139534883721,0.2265193370165746,0.6934125559645504,0.2801476371963599,0.6934125559645504,1.2,"{""bet365"": {""0.5"": {""over"": -270, ""under"": 195}}}",0.5,over,bet365,-270.0,0.7297297297297297,True,-0.0363,1.5,,,,,False,
678554,Curtis Mead,WSH,ATH,0,2.0,1,695611,Gage Jump,L,824981,9:40 PM ET,Sutter Health Park,1,0,0.21452702702702703,2026-07-17,824981,0,1,106.1,109.2,113.8,R,2,2,1,0,0,1,0,0,0,0,4,2,1,1,1,0,0,0.43,1.5210000000000001,1,0,1,1,0,0,0.3275862068965517,0.390625,0.7931034482758621,0.1875,0.35714285714285715,0.29310344827586204,0.0625,0.046875,2.4,0.8,0.41304347826086957,0.2826086956521739,0.3695652173913043,0.2608695652173913,0.0,0.4059833333333333,0.6789611111111111,0.4,0.17391304347826086,0.4158666666666666,0.7123,0.20754716981132076,0.4716981132075472,0.16393442622950818,0.26785714285714285,0.5,0.21311475409836064,0.6775956284153005,0.2484076433121019,0.391304347826087,0.12422360248447205,0.3790322580645161,0.28225806451612906,0.024193548387096774,9.0,0.8372093023255813,8.58139534883721,0.2265193370165746,0.609185343297581,0.22476337846978264,0.609185343297581,0.8,"{""bet365"": {""0.5"": {""over"": -220, ""under"": 160}}}",0.5,over,bet365,-220.0,0.6875,True,-0.0783,1.5,,,,,False,
695734,Daylen Lile,WSH,ATH,0,7.0,1,695611,Gage Jump,L,824981,9:40 PM ET,Sutter Health Park,0,0,0.21452702702702703,2026-07-17,824981,0,1,106.1,109.2,113.8,L,4,4,0,0,0,0,0,0,0,0,0,4,1,1,2,1,1,0.32875,0.8222499999999999,0,0,0,0,0,0,0.25,0.2631578947368421,0.75,0.24561403508771928,0.3,0.19642857142857142,0.03508771929824561,0.08771929824561403,1.6666666666666667,0.9333333333333333,0.40476190476190477,0.30952380952380953,0.2857142857142857,0.3333333333333333,0.023809523809523808,0.3252059523809524,0.5007357142857143,0.1111111111111111,0.3157894736842105,0.31070000000000003,0.4846375,0.2,0.36363636363636365,0.23214285714285715,0.30357142857142855,0.42857142857142855,0.14285714285714285,0.6775956284153005,0.2484076433121019,0.391304347826087,0.12422360248447205,0.3790322580645161,0.28225806451612906,0.024193548387096774,9.0,0.8372093023255813,8.58139534883721,0.2265193370165746,0.5988151831710248,0.17759014638032833,0.5988151831710248,0.9333333333333333,"{""bet365"": {""0.5"": {""over"": -150, ""under"": 110}}}",0.5,over,bet365,-150.0,0.6,True,-0.0012,1.5,,,,,False,
686611,Dylan Crews,WSH,ATH,0,5.0,1,695611,Gage Jump,L,824981,9:40 PM ET,Sutter Health Park,1,0,0.21452702702702703,2026-07-17,824981,0,1,106.1,109.2,113.8,R,4,4,0,0,0,0,0,0,0,2,0,2,0,0,0,1,1,0.3555,0.3835,0,0,0,0,1,1,0.22641509433962265,0.32786885245901637,0.7358490566037735,0.22950819672131148,0.2894736842105263,0.07547169811320754,0.01639344262295082,0.01639344262295082,1.0666666666666667,0.9333333333333333,0.41025641025641024,0.15384615384615385,0.5128205128205128,0.28205128205128205,0.05128205128205128,0.28927948717948715,0.4625371794871794,0.0625,0.2222222222222222,0.15445833333333336,0.24497916666666653,0.17543859649122806,0.2631578947368421,0.22580645161290322,0.3269230769230769,0.5769230769230769,0.15517241379310345,0.6775956284153005,0.2484076433121019,0.391304347826087,0.12422360248447205,0.3790322580645161,0.28225806451612906,0.024193548387096774,9.0,0.8372093023255813,8.58139534883721,0.2265193370165746,0.6060289895074453,0.21625763496784578,0.6060289895074453,0.9333333333333333,"{""bet365"": {""0.5"": {""over"": -245, ""under"": 182}}}",0.5,over,bet365,-245.0,0.7101449275362319,True,-0.1041,1.5,,,,,False,
695670,Harry Ford,WSH,ATH,0,6.0,1,695611,Gage Jump,L,824981,9:40 PM ET,Sutter Health Park,1,0,0.21452702702702703,2026-07-17,824981,0,1,106.1,109.2,113.8,R,4,4,1,0,0,0,0,0,0,2,1,2,0,2,1,1,0,0.519,1.2425,1,0,1,0,1,1,0.0,0.2727272727272727,0.5,0.2727272727272727,0.0,0.0,0.0,0.0,0.0,0.375,0.0,0.0,0.4,0.6,0.0,,,0.0,0.2,,,0.0,0.0,0.2857142857142857,0.0,0.0,0.3333333333333333,0.6775956284153005,0.2484076433121019,0.391304347826087,0.12422360248447205,0.3790322580645161,0.28225806451612906,0.024193548387096774,9.0,0.8372093023255813,8.58139534883721,0.2265193370165746,0.5337457151649639,0.1364425982765576,0.5337457151649639,0.375,"{""bet365"": {""0.5"": {""over"": -280, ""under"": 202}}}",0.5,over,bet365,-280.0,0.7368421052631579,True,-0.2031,1.5,,,,,False,
696285,Jacob Young,WSH,ATH,0,8.0,1,695611,Gage Jump,L,824981,9:40 PM ET,Sutter Health Park,1,0,0.21452702702702703,2026-07-17,824981,0,1,106.1,109.2,113.8,R,4,4,1,0,0,0,0,0,0,0,1,4,0,1,0,2,2,0.3875,0.50025,1,0,1,0,0,0,0.15555555555555556,0.22448979591836735,0.8,0.1836734693877551,0.19444444444444445,0.06666666666666667,0.0,0.061224489795918366,0.6666666666666666,0.6,0.2777777777777778,0.16666666666666666,0.5277777777777778,0.2777777777777778,0.0,0.2552666666666667,0.3350722222222222,0.21428571428571427,0.23529411764705882,0.31949999999999995,0.40645,0.20833333333333334,0.3541666666666667,0.24489795918367346,0.26,0.56,0.2222222222222222,0.6775956284153005,0.2484076433121019,0.391304347826087,0.12422360248447205,0.3790322580645161,0.28225806451612906,0.024193548387096774,9.0,0.8372093023255813,8.58139534883721,0.2265193370165746,0.5842495931371303,0.16959430093668373,0.5842495931371303,0.6,"{""bet365"": {""0.5"": {""over"": -150, ""under"": 110}}, ""betmgm"": {""0.5"": {""over"": -115}}}",0.5,over,betmgm,-115.0,0.5348837209302325,True,0.0494,1.5,,,,,False,
695578,James Wood,WSH,ATH,0,1.0,1,695611,Gage Jump,L,824981,9:40 PM ET,Sutter Health Park,0,0,0.21452702702702703,2026-07-17,824981,0,1,106.1,109.2,113.8,L,4,2,1,0,0,1,2,0,0,1,4,1,1,1,1,0,0,1.0,4.0,1,0,1,1,1,0,0.3508771929824561,0.4931506849315068,0.7368421052631579,0.2054794520547945,0.37142857142857144,0.47368421052631576,0.0958904109589041,0.0547945205479452,3.1333333333333333,1.0,0.5476190476190477,0.19047619047619047,0.5238095238095238,0.23809523809523808,0.047619047619047616,0.39538222222222225,0.9454844444444443,0.5,0.12,0.42103,1.058883333333333,0.2692307692307692,0.5961538461538461,0.23943661971830985,0.22580645161290322,0.4838709677419355,0.3142857142857143,0.6775956284153005,0.2484076433121019,0.391304347826087,0.12422360248447205,0.3790322580645161,0.28225806451612906,0.024193548387096774,9.0,0.8372093023255813,8.58139534883721,0.2265193370165746,0.7042827025892269,0.33912304116944303,0.7042827025892269,1.0,"{""bet365"": {""1.5"": {""over"": 125, ""under"": -165}}}",0.5,,,,,False,,1.5,over,bet365,125.0,0.4444444444444444,True,-0.1053
683083,Nasim Nuñez,WSH,ATH,0,9.0,1,695611,Gage Jump,L,824981,9:40 PM ET,Sutter Health Park,0,0,0.21452702702702703,2026-07-17,824981,0,1,106.1,109.2,113.8,L,1,1,0,0,0,0,0,0,0,0,0,1,0,0,0,1,0,0.067,0.072,0,0,0,0,0,0,0.2571428571428571,0.35,0.6571428571428571,0.3,0.36363636363636365,0.08571428571428572,0.025,0.0,0.8,0.8,0.21739130434782608,0.13043478260869565,0.6956521739130435,0.17391304347826086,0.043478260869565216,0.2990833333333333,0.463702380952381,0.3333333333333333,0.17647058823529413,0.21033333333333334,0.24886666666666674,0.40816326530612246,0.4897959183673469,0.23214285714285715,0.21739130434782608,0.30434782608695654,0.2727272727272727,0.6775956284153005,0.2484076433121019,0.391304347826087,0.12422360248447205,0.3790322580645161,0.28225806451612906,0.024193548387096774,9.0,0.8372093023255813,8.58139534883721,0.2265193370165746,0.4512068255236232,0.12502441748588353,0.4512068255236232,0.8,"{""bet365"": {""0.5"": {""over"": -200, ""under"": 150}}, ""betmgm"": {""0.5"": {""over"": -190}}}",0.5,over,betmgm,-190.0,0.6551724137931034,True,-0.204,1.5,,,,,False,
682998,Corbin Carroll,AZ,STL,1,3.0,1,700241,Michael McGreevy,R,825060,9:40 PM ET,Chase Field,0,1,0.20107719928186715,2026-07-17,825060,1,0,105.5,106.3,89.5,L,4,4,0,0,0,0,0,0,0,2,0,2,0,1,1,1,0,0.312,0.736,0,0,0,0,1,1,0.12962962962962962,0.27692307692307694,0.6481481481481481,0.2923076923076923,0.2,0.07407407407407407,0.0,0.03076923076923077,0.7333333333333333,1.2666666666666666,0.34285714285714286,0.17142857142857143,0.4857142857142857,0.22857142857142856,0.0,0.30675555555555556,0.40804444444444443,0.058823529411764705,0.2727272727272727,0.21280000000000002,0.26070000000000026,0.1111111111111111,0.18518518518518517,0.3125,0.3220338983050847,0.5423728813559322,0.15625,0.782608695652174,0.23076923076923078,0.42592592592592593,0.16666666666666666,0.4666666666666667,0.2611111111111111,0.027777777777777776,9.0,1.2857142857142856,5.7857142857142865,0.1565217391304348,0.6433874630263422,0.23198025796091737,0.6433874630263422,1.2666666666666666,"{""bet365"": {""0.5"": {""over"": -190, ""under"": 140}}}",0.5,over,bet365,-190.0,0.6551724137931034,True,-0.0118,1.5,,,,,False,
672515,Gabriel Moreno,AZ,STL,1,4.0,1,700241,Michael McGreevy,R,825060,9:40 PM ET,Chase Field,1,1,0.20107719928186715,2026-07-17,825060,1,0,105.5,106.3,89.5,R,4,3,1,0,0,0,1,0,0,1,1,2,0,1,0,1,1,0.5815,0.653,1,0,1,0,1,0,0.37735849056603776,0.45901639344262296,0.8679245283018868,0.11475409836065574,0.43478260869565216,0.03773584905660377,0.0,0.03278688524590164,1.4666666666666666,0.4666666666666667,0.32608695652173914,0.2826086956521739,0.5217391304347826,0.10869565217391304,0.0,0.34485595238095235,0.4019333333333333,0.45,0.13636363636363635,0.3754,0.4541166666666666,0.38181818181818183,0.41818181818181815,0.07692307692307693,0.26,0.5,0.14754098360655737,0.782608695652174,0.23076923076923078,0.42592592592592593,0.16666666666666666,0.4666666666666667,0.2611111111111111,0.027777777777777776,9.0,1.2857142857142856,5.7857142857142865,0.1565217391304348,0.43488232629056306,0.08272275604046708,0.43488232629056306,0.4666666666666667,"{""bet365"": {""0.5"": {""over"": 110, ""under"": -150}}}",0.5,over,bet365,110.0,0.47619047619047616,True,-0.0413,1.5,,,,,False,
672695,Geraldo Perdomo,AZ,STL,1,2.0,1,700241,Michael McGreevy,R,825060,9:40 PM ET,Chase Field,0,1,0.20107719928186715,2026-07-17,825060,1,0,105.5,106.3,89.5,L,4,3,0,0,0,0,1,0,0,1,0,2,0,0,2,0,0,0.064,0.1785,0,0,0,0,1,0,0.21428571428571427,0.32653061224489793,0.9047619047619048,0.08163265306122448,0.21621621621621623,0.09523809523809523,0.02040816326530612,0.02040816326530612,0.8666666666666667,0.26666666666666666,0.23684210526315788,0.13157894736842105,0.34210526315789475,0.42105263157894735,0.0,0.2241277777777778,0.28328333333333333,0.2631578947368421,0.0,0.22171666666666684,0.32361666666666694,0.2807017543859649,0.43859649122807015,0.06060606060606061,0.26785714285714285,0.4107142857142857,0.12698412698412698,0.782608695652174,0.23076923076923078,0.42592592592592593,0.16666666666666666,0.4666666666666667,0.2611111111111111,0.027777777777777776,9.0,1.2857142857142856,5.7857142857142865,0.1565217391304348,0.36262584314909896,0.07008263875594316,0.36262584314909896,0.26666666666666666,"{""bet365"": {""0.5"": {""over"": 110, ""under"": -150}}}",0.5,over,bet365,110.0,0.47619047619047616,True,-0.1136,1.5,,,,,False,
545121,Ildemaro Vargas,AZ,STL,1,8.0,1,700241,Michael McGreevy,R,825060,9:40 PM ET,Chase Field,0,1,0.20107719928186715,2026-07-17,825060,1,0,105.5,106.3,89.5,L,4,4,2,1,0,0,0,0,0,0,3,4,0,3,0,2,2,0.34475,0.47775,1,1,1,1,0,0,0.21212121212121213,0.2777777777777778,0.8484848484848485,0.1388888888888889,0.25,0.06060606060606061,0.0,0.05555555555555555,0.6,0.3333333333333333,0.42857142857142855,0.21428571428571427,0.5714285714285714,0.07142857142857142,0.0,0.3387111111111111,0.3925,0.25,0.375,0.33760000000000007,0.3954000000000001,0.1590909090909091,0.20454545454545456,0.12,0.17391304347826086,0.2608695652173913,0.07692307692307693,0.782608695652174,0.23076923076923078,0.42592592592592593,0.16666666666666666,0.4666666666666667,0.2611111111111111,0.027777777777777776,9.0,1.2857142857142856,5.7857142857142865,0.1565217391304348,0.3066900158918735,0.03462936413563919,0.3066900158918735,0.3333333333333333,"{""bet365"": {""0.5"": {""over"": 175, ""under"": -235}}}",0.5,over,bet365,175.0,0.36363636363636365,True,-0.0569,1.5,,,,,False,
606466,Ketel Marte,AZ,STL,1,1.0,1,700241,Michael McGreevy,R,825060,9:40 PM ET,Chase Field,0,1,0.20107719928186715,2026-07-17,825060,1,0,105.5,106.3,89.5,L,4,4,0,0,0,0,0,0,0,2,0,2,0,1,1,0,1,0.44,0.749,0,0,0,0,1,1,0.23404255319148937,0.28,0.8297872340425532,0.16,0.2631578947368421,0.14893617021276595,0.02,0.04,1.2,0.5333333333333333,0.3333333333333333,0.20512820512820512,0.46153846153846156,0.23076923076923078,0.0,0.3303761904761905,0.4912095238095238,0.10526315789473684,0.2631578947368421,0.18983333333333316,0.23310000000000017,0.21666666666666667,0.5,0.15151515151515152,0.25806451612903225,0.5,0.18840579710144928,0.782608695652174,0.23076923076923078,0.42592592592592593,0.16666666666666666,0.4666666666666667,0.2611111111111111,0.027777777777777776,9.0,1.2857142857142856,5.7857142857142865,0.1565217391304348,0.4384476706128326,0.11719038473487069,0.4384476706128326,0.5333333333333333,"{""bet365"": {""0.5"": {""over"": 100, ""under"": -135}}}",0.5,over,bet365,100.0,0.5,True,-0.0616,1.5,,,,,False,
666971,Lourdes Gurriel Jr.,AZ,STL,1,6.0,1,700241,Michael McGreevy,R,825060,9:40 PM ET,Chase Field,1,1,0.20107719928186715,2026-07-17,825060,1,0,105.5,106.3,89.5,R,4,4,0,0,0,0,0,0,0,1,0,3,0,1,0,1,1,0.35833333333333334,0.4163333333333333,0,0,0,0,1,0,0.23636363636363636,0.27586206896551724,0.8363636363636363,0.15517241379310345,0.26666666666666666,0.12727272727272726,0.017241379310344827,0.06896551724137931,1.3333333333333333,0.6,0.3695652173913043,0.2608695652173913,0.391304347826087,0.17391304347826086,0.0,0.3249955555555556,0.40956333333333345,0.21052631578947367,0.21052631578947367,0.3974333333333334,0.46481666666666666,0.17857142857142858,0.2857142857142857,0.18032786885245902,0.32,0.36,0.1320754716981132,0.782608695652174,0.23076923076923078,0.42592592592592593,0.16666666666666666,0.4666666666666667,0.2611111111111111,0.027777777777777776,9.0,1.2857142857142856,5.7857142857142865,0.1565217391304348,0.4583346934172496,0.1145003365513717,0.4583346934172496,0.6,,0.5,,,,,False,,1.5,,,,,False,
596146,Max Kepler,AZ,STL,1,5.0,1,700241,Michael McGreevy,R,825060,9:40 PM ET,Chase Field,0,1,0.20107719928186715,2026-07-17,825060,1,0,105.5,106.3,89.5,L,5,3,1,0,0,0,0,0,2,1,1,4,1,3,2,1,1,0.1075,0.16549999999999998,1,0,1,0,1,0,0.19148936170212766,0.20833333333333334,0.7021276595744681,0.2916666666666667,0.22580645161290322,0.2127659574468085,0.041666666666666664,0.08333333333333333,1.2666666666666666,0.9333333333333333,0.42424242424242425,0.3939393939393939,0.18181818181818182,0.3333333333333333,0.06060606060606061,0.3169102564102564,0.6680128205128205,0.2857142857142857,0.4,0.4833333333333334,0.8697222222222223,0.1702127659574468,0.3829787234042553,0.3125,0.1956521739130435,0.2391304347826087,0.2692307692307692,0.782608695652174,0.23076923076923078,0.42592592592592593,0.16666666666666666,0.4666666666666667,0.2611111111111111,0.027777777777777776,9.0,1.2857142857142856,5.7857142857142865,0.1565217391304348,0.6184993264706515,0.23220817388933557,0.6184993264706515,0.9333333333333333,"{""bet365"": {""0.5"": {""over"": -115, ""under"": -115}}}",0.5,over,bet365,-115.0,0.5348837209302325,True,0.0836,1.5,,,,,False,
571448,Nolan Arenado,AZ,STL,1,7.0,1,700241,Michael McGreevy,R,825060,9:40 PM ET,Chase Field,1,1,0.20107719928186715,2026-07-17,825060,1,0,105.5,106.3,89.5,R,4,4,1,1,0,0,0,0,0,0,2,4,0,2,1,2,1,0.2775,0.61175,1,0,1,1,0,0,0.25925925925925924,0.3333333333333333,0.6851851851851852,0.2833333333333333,0.30303030303030304,0.2777777777777778,0.06666666666666667,0.05,1.9333333333333333,1.1333333333333333,0.3783783783783784,0.21621621621621623,0.3783783783783784,0.32432432432432434,0.08108108108108109,0.28851785714285716,0.5081071428571429,0.29411764705882354,0.3333333333333333,0.36937499999999984,0.8126874999999998,0.2641509433962264,0.5471698113207547,0.2711864406779661,0.2549019607843137,0.47058823529411764,0.16666666666666666,0.782608695652174,0.23076923076923078,0.42592592592592593,0.16666666666666666,0.4666666666666667,0.2611111111111111,0.027777777777777776,9.0,1.2857142857142856,5.7857142857142865,0.1565217391304348,0.6098342900182279,0.20916329624619392,0.6098342900182279,1.1333333333333333,"{""bet365"": {""0.5"": {""over"": -110, ""under"": -120}}}",0.5,over,bet365,-110.0,0.5238095238095238,True,0.086,1.5,,,,,False,
694374,Tim Tawa,AZ,STL,1,9.0,1,700241,Michael McGreevy,R,825060,9:40 PM ET,Chase Field,1,1,0.20107719928186715,2026-07-17,825060,1,0,105.5,106.3,89.5,R,4,4,1,0,0,1,0,0,0,1,4,3,1,3,2,1,0,0.445,1.2983333333333333,1,0,1,1,1,0,0.2777777777777778,0.36585365853658536,0.7222222222222222,0.22727272727272727,0.36,0.16666666666666666,0.022727272727272728,0.06818181818181818,1.0666666666666667,0.6666666666666666,0.3448275862068966,0.13793103448275862,0.6206896551724138,0.20689655172413793,0.06896551724137931,0.2954423076923077,0.39571153846153845,0.375,0.15789473684210525,0.31229999999999997,0.50445,0.32432432432432434,0.5675675675675675,0.2727272727272727,0.175,0.225,0.14893617021276595,0.782608695652174,0.23076923076923078,0.42592592592592593,0.16666666666666666,0.4666666666666667,0.2611111111111111,0.027777777777777776,9.0,1.2857142857142856,5.7857142857142865,0.1565217391304348,0.42401123318491535,0.09004098045897709,0.42401123318491535,0.6666666666666666,"{""bet365"": {""0.5"": {""over"": -165, ""under"": 125}}}",0.5,over,bet365,-165.0,0.6226415094339622,True,-0.1986,1.5,,,,,False,
676475,Alec Burleson,STL,AZ,0,3.0,1,518876,Merrill Kelly,R,825060,9:40 PM ET,Chase Field,0,1,0.21092278719397364,2026-07-17,825060,1,0,105.5,106.3,89.5,L,4,3,1,1,0,0,1,0,0,0,2,3,1,2,2,1,0,0.41900000000000004,1.0090000000000001,1,0,1,1,0,0,0.19607843137254902,0.22641509433962265,0.803921568627451,0.18867924528301888,0.20512820512820512,0.1568627450980392,0.03773584905660377,0.03773584905660377,1.2,0.6666666666666666,0.4878048780487805,0.1951219512195122,0.5365853658536586,0.21951219512195122,0.0,0.33813589743589745,0.5775166666666667,0.16666666666666666,0.15789473684210525,0.27603333333333324,0.5738000000000001,0.20833333333333334,0.3541666666666667,0.14814814814814814,0.2542372881355932,0.423728813559322,0.1111111111111111,0.7984790874524715,0.2422907488986784,0.5083333333333333,0.225,0.4095238095238095,0.2761904761904762,0.06190476190476191,10.087912087912088,1.9285714285714288,4.895604395604396,0.12547528517110265,0.4817503815588566,0.11566323721585936,0.4817503815588566,0.6666666666666666,"{""bet365"": {""0.5"": {""over"": 105, ""under"": -140}}}",0.5,over,bet365,105.0,0.4878048780487805,True,-0.0061,1.5,,,,,False,
671056,Iván Herrera,STL,AZ,0,2.0,1,518876,Merrill Kelly,R,825060,9:40 PM ET,Chase Field,1,1,0.21092278719397364,2026-07-17,825060,1,0,105.5,106.3,89.5,R,4,4,0,0,0,0,0,0,0,0,0,4,0,0,2,1,0,0.032,0.05,0,0,0,0,0,0,0.21428571428571427,0.2786885245901639,0.8035714285714286,0.18032786885245902,0.25,0.07142857142857142,0.01639344262295082,0.01639344262295082,1.0666666666666667,0.7333333333333333,0.28888888888888886,0.2222222222222222,0.4222222222222222,0.2,0.0,0.22428333333333333,0.28847222222222224,0.2631578947368421,0.15,0.1759666666666666,0.25345,0.21153846153846154,0.34615384615384615,0.18461538461538463,0.25,0.36538461538461536,0.12698412698412698,0.7984790874524715,0.2422907488986784,0.5083333333333333,0.225,0.4095238095238095,0.2761904761904762,0.06190476190476191,10.087912087912088,1.9285714285714288,4.895604395604396,0.12547528517110265,0.48655149708991186,0.10809552188088793,0.48655149708991186,0.7333333333333333,"{""bet365"": {""0.5"": {""over"": -140, ""under"": 105}}}",0.5,over,bet365,-140.0,0.5833333333333334,True,-0.0968,1.5,,,,,False,
802139,JJ Wetherholt,STL,AZ,0,1.0,1,518876,Merrill Kelly,R,825060,9:40 PM ET,Chase Field,0,1,0.21092278719397364,2026-07-17,825060,1,0,105.5,106.3,89.5,L,4,4,0,0,0,0,0,0,0,2,0,2,0,1,1,1,0,0.0335,0.052,0,0,0,0,1,1,0.2631578947368421,0.35384615384615387,0.8421052631578947,0.13846153846153847,0.2978723404255319,0.08771929824561403,0.015384615384615385,0.03076923076923077,1.3333333333333333,0.6,0.5208333333333334,0.3541666666666667,0.3541666666666667,0.2916666666666667,0.041666666666666664,0.3503622222222222,0.5577799999999999,0.1875,0.1,0.26274999999999993,0.4317333333333333,0.36065573770491804,0.4918032786885246,0.08695652173913043,0.25862068965517243,0.41379310344827586,0.15151515151515152,0.7984790874524715,0.2422907488986784,0.5083333333333333,0.225,0.4095238095238095,0.2761904761904762,0.06190476190476191,10.087912087912088,1.9285714285714288,4.895604395604396,0.12547528517110265,0.45519343539543283,0.09171779994603181,0.45519343539543283,0.6,"{""bet365"": {""0.5"": {""over"": -115, ""under"": -115}}}",0.5,over,bet365,-115.0,0.5348837209302325,True,-0.0797,1.5,,,,,False,
699625,Jimmy Crooks,STL,AZ,0,9.0,1,518876,Merrill Kelly,R,825060,9:40 PM ET,Chase Field,0,1,0.21092278719397364,2026-07-17,825060,1,0,105.5,106.3,89.5,L,4,3,0,0,0,0,1,0,0,3,0,0,0,0,0,0,0,0.591,2.292,0,0,0,0,1,1,0.13333333333333333,0.2571428571428571,0.5666666666666667,0.37142857142857144,0.1875,0.1,0.02857142857142857,0.0,0.4666666666666667,0.8666666666666667,0.5882352941176471,0.17647058823529413,0.5294117647058824,0.29411764705882354,0.0,0.40271212121212124,0.6814545454545455,0.4,0.42857142857142855,0.6755,1.6070000000000002,0.14285714285714285,0.17142857142857143,0.325,,,,0.7984790874524715,0.2422907488986784,0.5083333333333333,0.225,0.4095238095238095,0.2761904761904762,0.06190476190476191,10.087912087912088,1.9285714285714288,4.895604395604396,0.12547528517110265,0.45342817933160107,0.07033704079382859,0.45342817933160107,0.8666666666666667,"{""bet365"": {""0.5"": {""over"": -190, ""under"": 140}}}",0.5,over,bet365,-190.0,0.6551724137931034,True,-0.2017,1.5,,,,,False,
691023,Jordan Walker,STL,AZ,0,4.0,1,518876,Merrill Kelly,R,825060,9:40 PM ET,Chase Field,1,1,0.21092278719397364,2026-07-17,825060,1,0,105.5,106.3,89.5,R,4,3,1,0,0,0,1,0,0,0,1,3,0,1,0,2,1,0.31766666666666665,0.36733333333333335,1,0,1,0,0,0,0.3137254901960784,0.4098360655737705,0.7254901960784313,0.22950819672131148,0.35294117647058826,0.29411764705882354,0.06557377049180328,0.04918032786885246,2.066666666666667,0.9333333333333333,0.5526315789473685,0.3157894736842105,0.42105263157894735,0.21052631578947367,0.05263157894736842,0.4322222222222222,0.8208222222222222,0.3157894736842105,0.21052631578947367,0.43676666666666647,0.9834166666666668,0.23636363636363636,0.4727272727272727,0.2857142857142857,0.35714285714285715,0.5535714285714286,0.1935483870967742,0.7984790874524715,0.2422907488986784,0.5083333333333333,0.225,0.4095238095238095,0.2761904761904762,0.06190476190476191,10.087912087912088,1.9285714285714288,4.895604395604396,0.12547528517110265,0.6120312401473144,0.18516712635520993,0.6120312401473144,0.9333333333333333,"{""bet365"": {""0.5"": {""over"": -250, ""under"": 185}}}",0.5,over,bet365,-250.0,0.7142857142857143,True,-0.1023,1.5,,,,,False,
665877,José Fermín,STL,AZ,0,8.0,1,518876,Merrill Kelly,R,825060,9:40 PM ET,Chase Field,1,1,0.21092278719397364,2026-07-17,825060,1,0,105.5,106.3,89.5,R,4,4,1,0,0,0,0,0,0,0,1,4,0,0,0,3,1,0.3835,0.427,1,0,1,0,0,0,0.24444444444444444,0.30612244897959184,0.8444444444444444,0.14,0.25,0.2222222222222222,0.04,0.08,1.4,0.4666666666666667,0.2564102564102564,0.2564102564102564,0.3076923076923077,0.358974358974359,0.02564102564102564,0.23366111111111112,0.35889444444444446,0.13333333333333333,0.25,0.13973333333333324,0.2571333333333333,0.2391304347826087,0.43478260869565216,0.1836734693877551,0.3409090909090909,0.38636363636363635,0.0851063829787234,0.7984790874524715,0.2422907488986784,0.5083333333333333,0.225,0.4095238095238095,0.2761904761904762,0.06190476190476191,10.087912087912088,1.9285714285714288,4.895604395604396,0.12547528517110265,0.38854743167991873,0.06358074921310157,0.38854743167991873,0.4666666666666667,"{""bet365"": {""0.5"": {""over"": -110, ""under"": -120}}}",0.5,over,bet365,-110.0,0.5238095238095238,True,-0.1353,1.5,,,,,False,
663457,Lars Nootbaar,STL,AZ,0,5.0,1,518876,Merrill Kelly,R,825060,9:40 PM ET,Chase Field,0,1,0.21092278719397364,2026-07-17,825060,1,0,105.5,106.3,89.5,L,4,2,0,0,0,0,2,0,0,1,0,1,0,0,1,0,0,0.003,0.007,0,0,0,0,1,0,0.23404255319148937,0.29411764705882354,0.7659574468085106,0.21568627450980393,0.2857142857142857,0.14893617021276595,0.0196078431372549,0.0392156862745098,1.2,0.7333333333333333,0.4444444444444444,0.19444444444444445,0.5277777777777778,0.25,0.027777777777777776,0.3229777777777778,0.6050944444444445,0.23076923076923078,0.13333333333333333,0.2899,0.6780333333333333,0.24489795918367346,0.3469387755102041,0.2037037037037037,0.22641509433962265,0.37735849056603776,0.16666666666666666,0.7984790874524715,0.2422907488986784,0.5083333333333333,0.225,0.4095238095238095,0.2761904761904762,0.06190476190476191,10.087912087912088,1.9285714285714288,4.895604395604396,0.12547528517110265,0.529780478074472,0.1304520669951603,0.529780478074472,0.7333333333333333,"{""bet365"": {""0.5"": {""over"": -140, ""under"": 105}}}",0.5,over,bet365,-140.0,0.5833333333333334,True,-0.0536,1.5,,,,,False,
691026,Masyn Winn,STL,AZ,0,6.0,1,518876,Merrill Kelly,R,825060,9:40 PM ET,Chase Field,1,1,0.21092278719397364,2026-07-17,825060,1,0,105.5,106.3,89.5,R,4,4,1,0,0,0,0,0,0,2,1,2,0,2,0,0,2,0.776,1.0354999999999999,1,0,1,0,1,1,0.23076923076923078,0.2857142857142857,0.8076923076923077,0.17857142857142858,0.2682926829268293,0.07692307692307693,0.017857142857142856,0.017857142857142856,1.0666666666666667,0.6666666666666666,0.40476190476190477,0.19047619047619047,0.4523809523809524,0.2857142857142857,0.023809523809523808,0.25835,0.37861666666666666,0.058823529411764705,0.2222222222222222,0.17696666666666666,0.2536333333333333,0.25,0.3269230769230769,0.10526315789473684,0.26666666666666666,0.35,0.24242424242424243,0.7984790874524715,0.2422907488986784,0.5083333333333333,0.225,0.4095238095238095,0.2761904761904762,0.06190476190476191,10.087912087912088,1.9285714285714288,4.895604395604396,0.12547528517110265,0.4886661497914695,0.13123035359785398,0.4886661497914695,0.6666666666666666,"{""bet365"": {""0.5"": {""over"": -135, ""under"": 100}}}",0.5,over,bet365,-135.0,0.574468085106383,True,-0.0858,1.5,,,,,False,
701675,Nathan Church,STL,AZ,0,7.0,1,518876,Merrill Kelly,R,825060,9:40 PM ET,Chase Field,0,1,0.21092278719397364,2026-07-17,825060,1,0,105.5,106.3,89.5,L,2,2,0,0,0,0,0,0,0,0,0,2,0,0,0,2,0,0.215,0.221,0,0,0,0,0,0,0.13725490196078433,0.16981132075471697,0.7843137254901961,0.20754716981132076,0.10810810810810811,0.17647058823529413,0.05660377358490566,0.0,1.0666666666666667,0.7333333333333333,0.325,0.125,0.475,0.25,0.0,0.2251477777777778,0.33826222222222224,0.0,0.3333333333333333,0.21643333333333334,0.2585333333333334,0.1702127659574468,0.3191489361702128,0.16666666666666666,0.26,0.36,0.16071428571428573,0.7984790874524715,0.2422907488986784,0.5083333333333333,0.225,0.4095238095238095,0.2761904761904762,0.06190476190476191,10.087912087912088,1.9285714285714288,4.895604395604396,0.12547528517110265,0.5359710107044388,0.1134361689341347,0.5359710107044388,0.7333333333333333,"{""bet365"": {""0.5"": {""over"": -130, ""under"": -105}}}",0.5,over,bet365,-130.0,0.5652173913043478,True,-0.0292,1.5,,,,,False,
663728,Cal Raleigh,SEA,SF,1,4.0,1,694738,Landen Roupp,R,823115,10:10 PM ET,T-Mobile Park,0,1,0.2545126353790614,2026-07-17,823115,0,0,90.9,92.7,102.0,L,3,2,0,0,0,0,1,0,0,1,0,1,0,0,0,0,1,0.46,0.48,0,0,0,0,1,0,0.1875,0.2702702702702703,0.53125,0.39473684210526316,0.29411764705882354,0.15625,0.02631578947368421,0.05263157894736842,0.7333333333333333,1.0,0.4444444444444444,0.2222222222222222,0.2777777777777778,0.3888888888888889,0.0,0.3058636363636364,0.49648484848484853,0.1,0.38461538461538464,0.33462499999999995,0.5379999999999997,0.16666666666666666,0.3333333333333333,0.36507936507936506,0.1320754716981132,0.3018867924528302,0.3225806451612903,0.6351351351351351,0.26842105263157895,0.47692307692307695,0.18974358974358974,0.46099290780141844,0.24822695035460993,0.02127659574468085,10.216216216216216,0.9121621621621621,10.216216216216216,0.25225225225225223,0.7027035263594078,0.2997122355092814,0.7027035263594078,1.0,"{""bet365"": {""1.5"": {""over"": 185, ""under"": -250}}}",0.5,,,,,False,,1.5,over,bet365,185.0,0.3508771929824561,True,-0.0512
702284,Cole Young,SEA,SF,1,6.0,1,694738,Landen Roupp,R,823115,10:10 PM ET,T-Mobile Park,0,1,0.2545126353790614,2026-07-17,823115,0,0,90.9,92.7,102.0,L,4,4,1,0,0,0,0,0,0,0,1,4,0,2,1,2,1,0.31525000000000003,0.37050000000000005,1,0,1,0,0,0,0.24528301886792453,0.2857142857142857,0.7547169811320755,0.23214285714285715,0.25,0.2641509433962264,0.07142857142857142,0.03571428571428571,1.8,0.8666666666666667,0.375,0.325,0.4,0.25,0.025,0.3715366666666667,0.5790366666666666,0.17647058823529413,0.21052631578947367,0.2917333333333333,0.4397333333333333,0.27450980392156865,0.6078431372549019,0.2,0.13725490196078433,0.13725490196078433,0.15254237288135594,0.6351351351351351,0.26842105263157895,0.47692307692307695,0.18974358974358974,0.46099290780141844,0.24822695035460993,0.02127659574468085,10.216216216216216,0.9121621621621621,10.216216216216216,0.25225225225225223,0.6144142627364274,0.21362106315917306,0.6144142627364274,0.8666666666666667,"{""bet365"": {""0.5"": {""over"": -130, ""under"": -105}}}",0.5,over,bet365,-130.0,0.5652173913043478,True,0.0492,1.5,,,,,False,
806068,Colt Emerson,SEA,SF,1,9.0,1,694738,Landen Roupp,R,823115,10:10 PM ET,T-Mobile Park,0,1,0.2545126353790614,2026-07-17,823115,0,0,90.9,92.7,102.0,L,4,3,0,0,0,0,0,0,1,1,0,3,0,3,3,0,0,0.42700000000000005,1.6019999999999999,0,0,0,0,1,0,0.1836734693877551,0.2727272727272727,0.5510204081632653,0.4,0.3076923076923077,0.061224489795918366,0.01818181818181818,0.0,0.8,1.4666666666666666,0.2962962962962963,0.14814814814814814,0.5555555555555556,0.25925925925925924,0.07407407407407407,0.3538035714285715,0.6348035714285715,0.1875,0.4444444444444444,0.3510416666666666,0.40879166666666666,0.16666666666666666,0.16666666666666666,0.4230769230769231,0.20588235294117646,0.5588235294117647,0.3783783783783784,0.6351351351351351,0.26842105263157895,0.47692307692307695,0.18974358974358974,0.46099290780141844,0.24822695035460993,0.02127659574468085,10.216216216216216,0.9121621621621621,10.216216216216216,0.25225225225225223,0.6603240911125827,0.21251920296257829,0.6603240911125827,1.4666666666666666,"{""bet365"": {""1.5"": {""over"": 195, ""under"": -270}}}",0.5,,,,,False,,1.5,over,bet365,195.0,0.3389830508474576,True,-0.1265
686527,Dominic Canzone,SEA,SF,1,3.0,1,694738,Landen Roupp,R,823115,10:10 PM ET,T-Mobile Park,0,1,0.2545126353790614,2026-07-17,823115,0,0,90.9,92.7,102.0,L,4,4,1,0,0,0,0,0,0,2,1,2,0,0,0,2,0,0.15799999999999997,0.15799999999999997,1,0,1,0,1,1,0.18867924528301888,0.24561403508771928,0.7358490566037735,0.24561403508771928,0.17142857142857143,0.24528301886792453,0.07017543859649122,0.017543859649122806,1.5333333333333334,0.9333333333333333,0.48717948717948717,0.1282051282051282,0.5897435897435898,0.28205128205128205,0.05128205128205128,0.33791282051282057,0.6961948717948718,0.22727272727272727,0.13043478260869565,0.29069,0.6072733333333334,0.23076923076923078,0.4230769230769231,0.19298245614035087,0.2727272727272727,0.4318181818181818,0.2692307692307692,0.6351351351351351,0.26842105263157895,0.47692307692307695,0.18974358974358974,0.46099290780141844,0.24822695035460993,0.02127659574468085,10.216216216216216,0.9121621621621621,10.216216216216216,0.25225225225225223,0.6614631110954328,0.2757457620922316,0.6614631110954328,0.9333333333333333,"{""bet365"": {""0.5"": {""over"": -240, ""under"": 180}}}",0.5,over,bet365,-240.0,0.7058823529411765,True,-0.0444,1.5,,,,,False,
641487,J.P. Crawford,SEA,SF,1,1.0,1,694738,Landen Roupp,R,823115,10:10 PM ET,T-Mobile Park,0,1,0.2545126353790614,2026-07-17,823115,0,0,90.9,92.7,102.0,L,5,4,3,2,0,0,1,0,0,0,5,4,0,1,0,3,1,0.36075,0.38575000000000004,1,1,1,1,0,0,0.16393442622950818,0.23880597014925373,0.6721311475409836,0.29850746268656714,0.24390243902439024,0.04918032786885246,0.0,0.04477611940298507,0.8666666666666667,1.3333333333333333,0.4146341463414634,0.3170731707317073,0.6097560975609756,0.024390243902439025,0.0,0.3006155555555556,0.37044444444444447,0.2,0.2727272727272727,0.39088333333333336,0.5003833333333335,0.1935483870967742,0.24193548387096775,0.29411764705882354,0.19230769230769232,0.19230769230769232,0.16129032258064516,0.6351351351351351,0.26842105263157895,0.47692307692307695,0.18974358974358974,0.46099290780141844,0.24822695035460993,0.02127659574468085,10.216216216216216,0.9121621621621621,10.216216216216216,0.25225225225225223,0.726102164941711,0.2913356364178937,0.726102164941711,1.3333333333333333,"{""bet365"": {""0.5"": {""over"": -230, ""under"": 170}}}",0.5,over,bet365,-230.0,0.696969696969697,True,0.0291,1.5,,,,,False,
647304,Josh Naylor,SEA,SF,1,5.0,1,694738,Landen Roupp,R,823115,10:10 PM ET,T-Mobile Park,0,1,0.2545126353790614,2026-07-17,823115,0,0,90.9,92.7,102.0,L,5,3,1,0,0,0,1,1,0,0,1,3,0,1,0,2,1,0.4073333333333333,0.4323333333333333,1,0,1,0,0,0,0.22413793103448276,0.296875,0.8793103448275862,0.109375,0.2549019607843137,0.034482758620689655,0.0,0.03125,1.0,0.4666666666666667,0.3137254901960784,0.2549019607843137,0.45098039215686275,0.21568627450980393,0.0196078431372549,0.3165722222222222,0.43383888888888883,0.2631578947368421,0.14285714285714285,0.37813333333333343,0.5070333333333332,0.288135593220339,0.3220338983050847,0.078125,0.2631578947368421,0.3508771929824561,0.14285714285714285,0.6351351351351351,0.26842105263157895,0.47692307692307695,0.18974358974358974,0.46099290780141844,0.24822695035460993,0.02127659574468085,10.216216216216216,0.9121621621621621,10.216216216216216,0.25225225225225223,0.5125448964105882,0.14130417817418606,0.5125448964105882,0.4666666666666667,"{""bet365"": {""0.5"": {""over"": 110, ""under"": -150}}}",0.5,over,bet365,110.0,0.47619047619047616,True,0.0364,1.5,,,,,False,
670042,Luke Raley,SEA,SF,1,7.0,1,694738,Landen Roupp,R,823115,10:10 PM ET,T-Mobile Park,0,1,0.2545126353790614,2026-07-17,823115,0,0,90.9,92.7,102.0,L,3,3,0,0,0,0,0,0,0,1,0,2,0,1,0,0,2,0.6585000000000001,0.8165,0,0,0,0,1,0,0.17391304347826086,0.22,0.6304347826086957,0.34,0.26666666666666666,0.06521739130434782,0.0,0.06,0.7333333333333333,1.1333333333333333,0.36666666666666664,0.3333333333333333,0.4,0.16666666666666666,0.03333333333333333,0.359551282051282,0.49874999999999997,0.2777777777777778,0.2631578947368421,0.3181333333333333,0.44366666666666665,0.17391304347826086,0.2391304347826087,0.34,0.11904761904761904,0.21428571428571427,0.3404255319148936,0.6351351351351351,0.26842105263157895,0.47692307692307695,0.18974358974358974,0.46099290780141844,0.24822695035460993,0.02127659574468085,10.216216216216216,0.9121621621621621,10.216216216216216,0.25225225225225223,0.7274299310839013,0.34373960344034793,0.7274299310839013,1.1333333333333333,"{""bet365"": {""1.5"": {""over"": 182, ""under"": -245}}}",0.5,,,,,False,,1.5,over,bet365,182.0,0.3546099290780142,True,-0.0109
668227,Randy Arozarena,SEA,SF,1,2.0,1,694738,Landen Roupp,R,823115,10:10 PM ET,T-Mobile Park,1,1,0.2545126353790614,2026-07-17,823115,0,0,90.9,92.7,102.0,R,5,5,1,0,0,1,0,0,0,2,4,3,1,1,1,2,0,0.333,0.8956666666666666,1,0,1,1,1,1,0.3076923076923077,0.4461538461538462,0.8269230769230769,0.13846153846153847,0.325,0.23076923076923078,0.046153846153846156,0.046153846153846156,1.8666666666666667,0.6,0.4186046511627907,0.2558139534883721,0.4418604651162791,0.23255813953488372,0.046511627906976744,0.3517888888888889,0.5595277777777777,0.3125,0.09090909090909091,0.45133333333333336,0.6543666666666665,0.2830188679245283,0.49056603773584906,0.203125,0.2631578947368421,0.45614035087719296,0.27692307692307694,0.6351351351351351,0.26842105263157895,0.47692307692307695,0.18974358974358974,0.46099290780141844,0.24822695035460993,0.02127659574468085,10.216216216216216,0.9121621621621621,10.216216216216216,0.25225225225225223,0.609185343297581,0.22239848679444418,0.609185343297581,0.6,"{""bet365"": {""1.5"": {""over"": 180, ""under"": -240}}}",0.5,,,,,False,,1.5,over,bet365,180.0,0.35714285714285715,True,-0.1347
645302,Victor Robles,SEA,SF,1,8.0,1,694738,Landen Roupp,R,823115,10:10 PM ET,T-Mobile Park,1,1,0.2545126353790614,2026-07-17,823115,0,0,90.9,92.7,102.0,R,4,3,0,0,0,0,0,0,1,1,0,3,0,0,0,2,1,0.08249999999999999,0.093,0,0,0,0,1,0,0.17073170731707318,0.2608695652173913,0.7804878048780488,0.19148936170212766,0.21875,0.024390243902439025,0.0,0.02127659574468085,0.5333333333333333,0.6,0.21212121212121213,0.24242424242424243,0.24242424242424243,0.45454545454545453,0.0,0.2765320512820513,0.3746538461538461,0.08333333333333333,0.13333333333333333,0.3276458333333333,0.42289583333333314,0.1956521739130435,0.1956521739130435,0.19230769230769232,0.22727272727272727,0.2727272727272727,0.1956521739130435,0.6351351351351351,0.26842105263157895,0.47692307692307695,0.18974358974358974,0.46099290780141844,0.24822695035460993,0.02127659574468085,10.216216216216216,0.9121621621621621,10.216216216216216,0.25225225225225223,0.6051207750943767,0.1566425790419468,0.6051207750943767,0.6,"{""bet365"": {""0.5"": {""over"": -140, ""under"": 105}}}",0.5,over,bet365,-140.0,0.5833333333333334,True,0.0218,1.5,,,,,False,
805811,Bryce Eldridge,SF,SEA,0,2.0,1,682243,Bryce Miller,R,823115,10:10 PM ET,T-Mobile Park,0,1,0.20397111913357402,2026-07-17,823115,0,0,90.9,92.7,102.0,L,4,3,1,0,0,0,1,0,0,0,1,3,0,2,0,1,2,0.36566666666666664,0.4203333333333334,1,0,1,0,0,0,0.23636363636363636,0.3114754098360656,0.6545454545454545,0.3114754098360656,0.3235294117647059,0.18181818181818182,0.03278688524590164,0.06557377049180328,1.5333333333333334,1.2666666666666666,0.5555555555555556,0.25,0.3611111111111111,0.3055555555555556,0.08333333333333333,0.44436666666666663,0.9269000000000001,0.23529411764705882,0.25,0.43978333333333336,0.9865,0.16981132075471697,0.2641509433962264,0.3709677419354839,0.2647058823529412,0.5294117647058824,0.21052631578947367,0.6553398058252428,0.13756613756613756,0.3434343434343434,0.16666666666666666,0.3925925925925926,0.34814814814814815,0.02962962962962963,5.5588235294117645,1.4294117647058826,10.16470588235294,0.3106796116504854,0.7257855939521471,0.30266210720013065,0.7257855939521471,1.2666666666666666,"{""bet365"": {""1.5"": {""over"": 110, ""under"": -150}}}",0.5,,,,,False,,1.5,over,bet365,110.0,0.47619047619047616,True,-0.1735
669477,Casey Schmitt,SF,SEA,0,3.0,1,682243,Bryce Miller,R,823115,10:10 PM ET,T-Mobile Park,1,1,0.20397111913357402,2026-07-17,823115,0,0,90.9,92.7,102.0,R,4,4,1,0,0,0,0,0,0,0,1,4,0,2,1,1,2,0.31775,0.42075,1,0,1,0,0,0,0.21311475409836064,0.24615384615384617,0.819672131147541,0.16923076923076924,0.20833333333333334,0.18032786885245902,0.046153846153846156,0.03076923076923077,1.6,0.7333333333333333,0.49019607843137253,0.27450980392156865,0.23529411764705882,0.4117647058823529,0.0196078431372549,0.3138033333333334,0.6230699999999999,0.3,0.13636363636363635,0.4161833333333334,0.9789999999999999,0.3114754098360656,0.5081967213114754,0.203125,0.23076923076923078,0.35384615384615387,0.14925373134328357,0.6553398058252428,0.13756613756613756,0.3434343434343434,0.16666666666666666,0.3925925925925926,0.34814814814814815,0.02962962962962963,5.5588235294117645,1.4294117647058826,10.16470588235294,0.3106796116504854,0.6098342900182279,0.19142942425365547,0.6098342900182279,0.7333333333333333,"{""bet365"": {""1.5"": {""over"": 190, ""under"": -260}}}",0.5,,,,,False,,1.5,over,bet365,190.0,0.3448275862068966,True,-0.1534
701852,Drew Cavanaugh,SF,SEA,0,9.0,1,682243,Bryce Miller,R,823115,10:10 PM ET,T-Mobile Park,0,1,0.20397111913357402,2026-07-17,823115,0,0,90.9,92.7,102.0,L,4,2,0,0,0,0,2,0,0,1,0,1,0,1,1,0,0,0.057,0.199,0,0,0,0,1,0,0.23333333333333334,0.30303030303030304,0.7333333333333333,0.23529411764705882,0.3181818181818182,0.0,0.0,0.0,0.6363636363636364,0.7272727272727273,0.21739130434782608,0.17391304347826086,0.5217391304347826,0.17391304347826086,0.0,0.29703333333333337,0.4650666666666667,0.23076923076923078,0.3125,0.19316666666666668,0.38275000000000003,0.23333333333333334,0.23333333333333334,0.23529411764705882,,,,0.6553398058252428,0.13756613756613756,0.3434343434343434,0.16666666666666666,0.3925925925925926,0.34814814814814815,0.02962962962962963,5.5588235294117645,1.4294117647058826,10.16470588235294,0.3106796116504854,0.42401123318491535,0.08035675993320335,0.42401123318491535,0.7272727272727273,"{""bet365"": {""0.5"": {""over"": -290, ""under"": 205}}, ""betmgm"": {""0.5"": {""over"": -250}}}",0.5,over,betmgm,-250.0,0.7142857142857143,True,-0.2903,1.5,,,,,False,
687551,Drew Gilbert,SF,SEA,0,8.0,1,682243,Bryce Miller,R,823115,10:10 PM ET,T-Mobile Park,0,1,0.20397111913357402,2026-07-17,823115,0,0,90.9,92.7,102.0,L,4,4,1,0,0,0,0,0,0,0,1,4,0,1,1,1,1,0.498,0.5619999999999999,1,0,1,0,0,0,0.2413793103448276,0.3611111111111111,0.8620689655172413,0.1111111111111111,0.24,0.1724137931034483,0.027777777777777776,0.05555555555555555,0.8,0.26666666666666666,0.2692307692307692,0.34615384615384615,0.38461538461538464,0.19230769230769232,0.0,0.34607692307692306,0.4492692307692308,0.35294117647058826,0.16666666666666666,0.31662500000000005,0.412,0.2413793103448276,0.41379310344827586,0.1111111111111111,0.037037037037037035,0.037037037037037035,0.35714285714285715,0.6553398058252428,0.13756613756613756,0.3434343434343434,0.16666666666666666,0.3925925925925926,0.34814814814814815,0.02962962962962963,5.5588235294117645,1.4294117647058826,10.16470588235294,0.3106796116504854,0.5061008573948996,0.1544349081476469,0.5061008573948996,0.26666666666666666,"{""bet365"": {""0.5"": {""over"": -180, ""under"": 135}}}",0.5,over,bet365,-180.0,0.6428571428571429,True,-0.1368,1.5,,,,,False,
671218,Heliot Ramos,SF,SEA,0,5.0,1,682243,Bryce Miller,R,823115,10:10 PM ET,T-Mobile Park,1,1,0.20397111913357402,2026-07-17,823115,0,0,90.9,92.7,102.0,R,4,4,2,0,0,0,0,0,0,1,2,3,0,3,1,1,1,0.5,1.179,1,1,1,1,1,0,0.26666666666666666,0.2903225806451613,0.7666666666666667,0.22580645161290322,0.2857142857142857,0.2833333333333333,0.06451612903225806,0.016129032258064516,2.2,0.9333333333333333,0.5217391304347826,0.2608695652173913,0.45652173913043476,0.2826086956521739,0.043478260869565216,0.4003333333333333,0.7541833333333333,0.23809523809523808,0.3333333333333333,0.40898333333333337,0.60595,0.2786885245901639,0.5901639344262295,0.21875,0.27586206896551724,0.4827586206896552,0.2833333333333333,0.6553398058252428,0.13756613756613756,0.3434343434343434,0.16666666666666666,0.3925925925925926,0.34814814814814815,0.02962962962962963,5.5588235294117645,1.4294117647058826,10.16470588235294,0.3106796116504854,0.6814168707509047,0.24083125367357183,0.6814168707509047,0.9333333333333333,"{""bet365"": {""1.5"": {""over"": 140, ""under"": -190}}}",0.5,,,,,False,,1.5,over,bet365,140.0,0.4166666666666667,True,-0.1758
808982,Jung Hoo Lee,SF,SEA,0,6.0,1,682243,Bryce Miller,R,823115,10:10 PM ET,T-Mobile Park,0,1,0.20397111913357402,2026-07-17,823115,0,0,90.9,92.7,102.0,L,4,4,0,0,0,0,0,0,0,1,0,3,0,1,1,2,0,0.19366666666666665,0.20533333333333334,0,0,0,0,1,0,0.16981132075471697,0.18518518518518517,0.8867924528301887,0.1111111111111111,0.19148936170212766,0.03773584905660377,0.0,0.037037037037037035,0.7333333333333333,0.4,0.1702127659574468,0.19148936170212766,0.574468085106383,0.14893617021276595,0.0,0.22825444444444445,0.27135444444444445,0.125,0.1875,0.2375166666666666,0.29799999999999993,0.19607843137254902,0.3137254901960784,0.05555555555555555,0.30357142857142855,0.44642857142857145,0.15254237288135594,0.6553398058252428,0.13756613756613756,0.3434343434343434,0.16666666666666666,0.3925925925925926,0.34814814814814815,0.02962962962962963,5.5588235294117645,1.4294117647058826,10.16470588235294,0.3106796116504854,0.4605721850704591,0.09410240349524666,0.4605721850704591,0.4,"{""bet365"": {""0.5"": {""over"": -105, ""under"": -130}}}",0.5,over,bet365,-105.0,0.5121951219512195,True,-0.0516,1.5,,,,,False,
650333,Luis Arraez,SF,SEA,0,1.0,1,682243,Bryce Miller,R,823115,10:10 PM ET,T-Mobile Park,0,1,0.20397111913357402,2026-07-17,823115,0,0,90.9,92.7,102.0,L,4,3,0,0,0,0,1,0,0,0,0,3,0,0,1,1,0,0.03333333333333333,0.03766666666666667,0,0,0,0,0,0,0.3898305084745763,0.4307692307692308,0.9491525423728814,0.045454545454545456,0.39285714285714285,0.1694915254237288,0.015151515151515152,0.07575757575757576,2.2,0.2,0.2413793103448276,0.3103448275862069,0.39655172413793105,0.27586206896551724,0.0,0.3236455555555555,0.44978888888888885,0.45,0.045454545454545456,0.32495,0.3863333333333333,0.2982456140350877,0.47368421052631576,0.015384615384615385,0.3389830508474576,0.5423728813559322,0.07692307692307693,0.6553398058252428,0.13756613756613756,0.3434343434343434,0.16666666666666666,0.3925925925925926,0.34814814814814815,0.02962962962962963,5.5588235294117645,1.4294117647058826,10.16470588235294,0.3106796116504854,0.36394261331316397,0.056620960250806214,0.36394261331316397,0.2,"{""bet365"": {""0.5"": {""over"": 255, ""under"": -360}}}",0.5,over,bet365,255.0,0.28169014084507044,True,0.0823,1.5,,,,,False,
646240,Rafael Devers,SF,SEA,0,4.0,1,682243,Bryce Miller,R,823115,10:10 PM ET,T-Mobile Park,0,1,0.20397111913357402,2026-07-17,823115,0,0,90.9,92.7,102.0,L,4,3,0,0,0,0,1,0,0,1,0,2,0,2,0,1,1,0.43799999999999994,0.7825,0,0,0,0,1,0,0.34615384615384615,0.4444444444444444,0.8269230769230769,0.14285714285714285,0.2972972972972973,0.4423076923076923,0.1111111111111111,0.031746031746031744,2.7333333333333334,0.6,0.4772727272727273,0.13636363636363635,0.36363636363636365,0.45454545454545453,0.045454545454545456,0.34914999999999996,0.8806166666666666,0.35294117647058826,0.13636363636363635,0.2663166666666668,0.37778333333333347,0.37254901960784315,0.9411764705882353,0.14285714285714285,0.19298245614035087,0.3684210526315789,0.265625,0.6553398058252428,0.13756613756613756,0.3434343434343434,0.16666666666666666,0.3925925925925926,0.34814814814814815,0.02962962962962963,5.5588235294117645,1.4294117647058826,10.16470588235294,0.3106796116504854,0.6014356367923285,0.20153460360015474,0.6014356367923285,0.6,"{""bet365"": {""1.5"": {""over"": 170, ""under"": -230}}}",0.5,,,,,False,,1.5,over,bet365,170.0,0.37037037037037035,True,-0.1688
642715,Willy Adames,SF,SEA,0,7.0,1,682243,Bryce Miller,R,823115,10:10 PM ET,T-Mobile Park,1,1,0.20397111913357402,2026-07-17,823115,0,0,90.9,92.7,102.0,R,4,4,3,0,0,0,0,0,0,0,3,4,0,0,0,2,2,0.5055000000000001,0.56475,1,1,1,1,0,0,0.22641509433962265,0.32786885245901637,0.6415094339622641,0.3114754098360656,0.3125,0.16981132075471697,0.03278688524590164,0.04918032786885246,1.4,1.2666666666666666,0.35294117647058826,0.20588235294117646,0.35294117647058826,0.3235294117647059,0.0,0.3233166666666667,0.5130666666666667,0.10526315789473684,0.2857142857142857,0.32921666666666666,0.5494000000000001,0.14545454545454545,0.3090909090909091,0.2833333333333333,0.2909090909090909,0.5818181818181818,0.24193548387096775,0.6553398058252428,0.13756613756613756,0.3434343434343434,0.16666666666666666,0.3925925925925926,0.34814814814814815,0.02962962962962963,5.5588235294117645,1.4294117647058826,10.16470588235294,0.3106796116504854,0.721404729327049,0.2812765791065929,0.721404729327049,1.2666666666666666,"{""bet365"": {""1.5"": {""over"": 160, ""under"": -220}}}",0.5,,,,,False,,1.5,over,bet365,160.0,0.38461538461538464,True,-0.1033
