batter,player_name,team_abbr,opp_team,is_home,bat_order,in_lineup,pitcher_id,pitcher_name,p_throws,game_id,game_time,stadium,stand_R,p_throws_R,opp_k_pct_15,game_date,game_pk,is_dome,wind_out,hit_factor,tb_factor,hr_factor,stand,pa,ab,h,doubles,triples,hr,bb,hbp,sf,k,tb,batted_balls,barrels,hard_hits,fly_balls,ground_balls,line_drives,avg_xba,avg_xslg,target_hit_1plus,target_hit_2plus,target_tb_1plus,target_tb_2plus,target_k_1plus,target_k_2plus,batting_avg_15,obp_15,contact_rate_15,k_rate_15,babip_15,iso_15,hr_rate_15,doubles_rate_15,extra_base_hit_rate_15,avg_total_bases_15,avg_k_per_game_15,hard_hit_pct_15,line_drive_pct_15,gb_pct_15,fly_ball_pct_15,barrel_pct_15,xba_15,xslg_15,batting_avg_last_5,k_rate_last_5,xba_last_5,xslg_last_5,batting_avg_vs_R_15,slg_vs_R_15,k_rate_vs_R_15,batting_avg_vs_L_15,slg_vs_L_15,k_rate_vs_L_15,p_contact_rate_allowed_10,p_babip_allowed_10,p_slg_allowed_10,p_iso_allowed_10,p_gb_pct_10,p_fb_pct_10,p_barrel_pct_allowed_10,p_hits_per9_10,p_hr_per9_10,p_k_per9_10,p_k_rate_10,p_k_1plus,p_k_2plus,adj_prob,pred_ks,book_markets,primary_line,primary_side,primary_best_book,primary_best_odds,primary_book_implied,primary_has_line,primary_edge,secondary_line,secondary_side,secondary_best_book,secondary_best_odds,secondary_book_implied,secondary_has_line,secondary_edge
664761,Alec Bohm,PHI,WSH,1,4.0,1.0,674841.0,Andrew Alvarez,L,823431,6:40 PM ET,Citizens Bank Park,1,0,0.2554347826086957,2026-08-03,823431,0.0,1,103.7,104.6,118.0,R,4,4,2,0,0,0,0,0,0,0,2,4,0,2,1,2,1,0.3035,0.366,1,1,1,1,0,0,0.26229508196721313,0.296875,0.819672131147541,0.171875,0.2916666666666667,0.13114754098360656,0.03125,0.03125,0.06557377049180328,1.6,0.7333333333333333,0.52,0.16,0.6,0.22,0.0,0.3517366666666667,0.5570955555555556,0.25,0.19047619047619047,0.33895,0.5232666666666668,0.1864406779661017,0.3050847457627119,0.23809523809523808,0.21052631578947367,0.2807017543859649,0.15,0.654054054054054,0.2802547770700637,0.3987341772151899,0.11392405063291139,0.5371900826446281,0.1487603305785124,0.024793388429752067,8.621848739495798,0.453781512605042,9.302521008403362,0.23837209302325582,0.609185343297581,0.19475648751099392,0.609185343297581,0.7333333333333333,"{""bet365"": {""0.5"": {""over"": 105, ""under"": -140}}, ""betmgm"": {""0.5"": {""over"": -105}}}",0.5,over,bet365,105.0,0.4878048780487805,True,0.1214,1.5,,,,,False,
650559,Bryan De La Cruz,PHI,WSH,1,5.0,1.0,674841.0,Andrew Alvarez,L,823431,6:40 PM ET,Citizens Bank Park,1,0,0.2554347826086957,2026-08-03,823431,0.0,1,103.7,104.6,118.0,R,3,2,1,0,0,1,0,0,1,0,4,3,1,2,1,0,1,0.317,1.1449999999999998,1,0,1,1,0,0,0.3684210526315789,0.3902439024390244,0.8157894736842105,0.17073170731707318,0.41935483870967744,0.15789473684210525,0.024390243902439025,0.07317073170731707,0.10526315789473684,1.3333333333333333,0.4666666666666667,0.4375,0.34375,0.3125,0.28125,0.0,0.3539333333333333,0.6214,0.46153846153846156,0.21428571428571427,0.3774,0.42526666666666635,0.2608695652173913,0.32608695652173914,0.2857142857142857,0.3469387755102041,0.5102040816326531,0.2,0.654054054054054,0.2802547770700637,0.3987341772151899,0.11392405063291139,0.5371900826446281,0.1487603305785124,0.024793388429752067,8.621848739495798,0.453781512605042,9.302521008403362,0.23837209302325582,0.5859255896425718,0.17027157819584657,0.5859255896425718,0.4666666666666667,"{""bet365"": {""0.5"": {""over"": -250, ""under"": 185}}, ""betmgm"": {""0.5"": {""over"": -200}}}",0.5,over,betmgm,-200.0,0.6666666666666666,True,-0.0807,1.5,,,,,False,
547180,Bryce Harper,PHI,WSH,1,3.0,1.0,674841.0,Andrew Alvarez,L,823431,6:40 PM ET,Citizens Bank Park,0,0,0.2554347826086957,2026-08-03,823431,0.0,1,103.7,104.6,118.0,L,4,3,1,0,0,1,1,0,0,2,4,1,1,1,1,0,0,0.651,2.224,1,0,1,1,1,1,0.21428571428571427,0.3076923076923077,0.6785714285714286,0.27692307692307694,0.2702702702702703,0.21428571428571427,0.03076923076923077,0.06153846153846154,0.125,1.6,1.2,0.3333333333333333,0.3076923076923077,0.38461538461538464,0.23076923076923078,0.0,0.3474464285714286,0.5752440476190477,0.3157894736842105,0.13636363636363635,0.5020333333333333,0.8646333333333333,0.21818181818181817,0.43636363636363634,0.21875,0.21428571428571427,0.30357142857142855,0.30158730158730157,0.654054054054054,0.2802547770700637,0.3987341772151899,0.11392405063291139,0.5371900826446281,0.1487603305785124,0.024793388429752067,8.621848739495798,0.453781512605042,9.302521008403362,0.23837209302325582,0.7193671163248556,0.30853006826707,0.7193671163248556,1.2,"{""bet365"": {""0.5"": {""over"": -190, ""under"": 140}}, ""betmgm"": {""0.5"": {""over"": -225}}}",0.5,over,bet365,-190.0,0.6551724137931034,True,0.0642,1.5,,,,,False,
681082,Bryson Stott,PHI,WSH,1,6.0,1.0,674841.0,Andrew Alvarez,L,823431,6:40 PM ET,Citizens Bank Park,0,0,0.2554347826086957,2026-08-03,823431,0.0,1,103.7,104.6,118.0,L,3,1,0,0,0,0,2,0,0,0,0,1,0,0,0,0,1,0.303,0.325,0,0,0,0,0,0,0.29411764705882354,0.3684210526315789,0.7254901960784313,0.24561403508771928,0.3888888888888889,0.23529411764705882,0.017543859649122806,0.08771929824561403,0.1568627450980392,1.8,0.9333333333333333,0.40540540540540543,0.24324324324324326,0.43243243243243246,0.2972972972972973,0.0,0.3615888888888889,0.541861111111111,0.26666666666666666,0.15,0.2584,0.3198333333333333,0.27450980392156865,0.49019607843137253,0.2413793103448276,0.29411764705882354,0.43137254901960786,0.21818181818181817,0.654054054054054,0.2802547770700637,0.3987341772151899,0.11392405063291139,0.5371900826446281,0.1487603305785124,0.024793388429752067,8.621848739495798,0.453781512605042,9.302521008403362,0.23837209302325582,0.6432010011449264,0.22562367154570642,0.6432010011449264,0.9333333333333333,"{""bet365"": {""0.5"": {""over"": -155, ""under"": 115}}, ""betmgm"": {""0.5"": {""over"": -150}}}",0.5,over,betmgm,-150.0,0.6,True,0.0432,1.5,,,,,False,
656537,Derek Hill,PHI,WSH,1,8.0,1.0,674841.0,Andrew Alvarez,L,823431,6:40 PM ET,Citizens Bank Park,1,0,0.2554347826086957,2026-08-03,823431,0.0,1,103.7,104.6,118.0,R,2,2,0,0,0,0,0,0,0,0,0,2,0,2,1,0,1,0.326,0.3685,0,0,0,0,0,0,0.225,0.29545454545454547,0.525,0.4222222222222222,0.3684210526315789,0.175,0.044444444444444446,0.022222222222222223,0.075,1.0666666666666667,1.2666666666666666,0.22727272727272727,0.2727272727272727,0.4090909090909091,0.22727272727272727,0.09090909090909091,0.35453030303030303,0.7285909090909091,0.08333333333333333,0.42857142857142855,0.3224166666666668,0.9979166666666667,0.24242424242424243,0.42424242424242425,0.4444444444444444,0.2558139534883721,0.4418604651162791,0.4222222222222222,0.654054054054054,0.2802547770700637,0.3987341772151899,0.11392405063291139,0.5371900826446281,0.1487603305785124,0.024793388429752067,8.621848739495798,0.453781512605042,9.302521008403362,0.23837209302325582,0.7449126541218275,0.36373551070750915,0.7449126541218275,1.2666666666666666,"{""bet365"": {""0.5"": {""over"": -290, ""under"": 205}}, ""betmgm"": {""1.5"": {""over"": 195}}}",0.5,over,bet365,-290.0,0.7435897435897436,True,0.0013,1.5,over,betmgm,195.0,0.3389830508474576,True,0.0248
624641,Edmundo Sosa,PHI,WSH,1,7.0,1.0,674841.0,Andrew Alvarez,L,823431,6:40 PM ET,Citizens Bank Park,1,0,0.2554347826086957,2026-08-03,823431,0.0,1,103.7,104.6,118.0,R,4,4,1,0,0,0,0,0,0,0,1,4,0,1,1,2,1,0.23825000000000002,0.3005,1,0,1,0,0,0,0.14583333333333334,0.17647058823529413,0.7916666666666666,0.18867924528301888,0.15789473684210525,0.08333333333333333,0.018867924528301886,0.018867924528301886,0.041666666666666664,0.7333333333333333,0.6666666666666666,0.475,0.25,0.5,0.2,0.0,0.3767222222222222,0.5499666666666666,0.058823529411764705,0.29411764705882354,0.39204999999999995,0.4734166666666669,0.14583333333333334,0.2708333333333333,0.23076923076923078,0.2564102564102564,0.4358974358974359,0.18181818181818182,0.654054054054054,0.2802547770700637,0.3987341772151899,0.11392405063291139,0.5371900826446281,0.1487603305785124,0.024793388429752067,8.621848739495798,0.453781512605042,9.302521008403362,0.23837209302325582,0.6027060340818031,0.2047951387249081,0.6027060340818031,0.6666666666666666,"{""bet365"": {""0.5"": {""over"": -175, ""under"": 132}}, ""betmgm"": {""0.5"": {""over"": -145}}}",0.5,over,betmgm,-145.0,0.5918367346938775,True,0.0109,1.5,,,,,False,
596117,Garrett Stubbs,PHI,WSH,1,9.0,1.0,674841.0,Andrew Alvarez,L,823431,6:40 PM ET,Citizens Bank Park,0,0,0.2554347826086957,2026-08-03,823431,0.0,1,103.7,104.6,118.0,L,3,3,0,0,0,0,0,0,0,0,0,3,0,1,0,1,1,0.211,0.3546666666666667,0,0,0,0,0,0,0.16666666666666666,0.27906976744186046,0.7222222222222222,0.23255813953488372,0.2222222222222222,0.0,0.0,0.0,0.0,0.4,0.6666666666666666,0.2962962962962963,0.2222222222222222,0.4444444444444444,0.2222222222222222,0.0,0.2834259259259259,0.3398425925925926,0.08333333333333333,0.21428571428571427,0.24341666666666656,0.302875,0.17142857142857143,0.17142857142857143,0.19047619047619047,0.23076923076923078,0.23076923076923078,0.125,0.654054054054054,0.2802547770700637,0.3987341772151899,0.11392405063291139,0.5371900826446281,0.1487603305785124,0.024793388429752067,8.621848739495798,0.453781512605042,9.302521008403362,0.23837209302325582,0.35594989116259673,0.07305875998345086,0.35594989116259673,0.6666666666666666,"{""bet365"": {""0.5"": {""over"": -140, ""under"": 105}}}",0.5,over,bet365,-140.0,0.5833333333333334,True,-0.2274,1.5,,,,,False,
656941,Kyle Schwarber,PHI,WSH,1,2.0,1.0,674841.0,Andrew Alvarez,L,823431,6:40 PM ET,Citizens Bank Park,0,0,0.2554347826086957,2026-08-03,823431,0.0,1,103.7,104.6,118.0,L,4,2,0,0,0,0,1,0,1,2,0,1,0,1,0,0,1,0.429,0.905,0,0,0,0,1,1,0.20754716981132076,0.3384615384615385,0.6037735849056604,0.3230769230769231,0.3125,0.11320754716981132,0.015384615384615385,0.046153846153846156,0.07547169811320754,1.1333333333333333,1.4,0.42424242424242425,0.36363636363636365,0.18181818181818182,0.30303030303030304,0.0,0.36341666666666667,0.5365952380952381,0.25,0.30434782608695654,0.5079333333333332,0.6685000000000001,0.16981132075471697,0.2641509433962264,0.38461538461538464,0.3333333333333333,0.5,0.31343283582089554,0.654054054054054,0.2802547770700637,0.3987341772151899,0.11392405063291139,0.5371900826446281,0.1487603305785124,0.024793388429752067,8.621848739495798,0.453781512605042,9.302521008403362,0.23837209302325582,0.7670993501755429,0.36882726573126773,0.7670993501755429,1.4,"{""bet365"": {""1.5"": {""over"": 135, ""under"": -180}}, ""betmgm"": {""1.5"": {""over"": 110}}}",0.5,,,,,False,,1.5,over,bet365,135.0,0.425531914893617,True,-0.0567
607208,Trea Turner,PHI,WSH,1,1.0,1.0,674841.0,Andrew Alvarez,L,823431,6:40 PM ET,Citizens Bank Park,1,0,0.2554347826086957,2026-08-03,823431,0.0,1,103.7,104.6,118.0,R,4,3,1,0,0,0,1,0,0,0,1,3,0,1,0,2,1,0.19166666666666665,0.27133333333333337,1,0,1,0,0,0,0.3333333333333333,0.38235294117647056,0.7619047619047619,0.22058823529411764,0.35714285714285715,0.36507936507936506,0.08823529411764706,0.04411764705882353,0.15873015873015872,2.933333333333333,1.0,0.4791666666666667,0.2916666666666667,0.4791666666666667,0.1875,0.020833333333333332,0.38299333333333335,0.60219,0.34782608695652173,0.13043478260869565,0.31076333333333334,0.5296700000000001,0.2459016393442623,0.5409836065573771,0.23076923076923078,0.27586206896551724,0.3793103448275862,0.18461538461538463,0.654054054054054,0.2802547770700637,0.3987341772151899,0.11392405063291139,0.5371900826446281,0.1487603305785124,0.024793388429752067,8.621848739495798,0.453781512605042,9.302521008403362,0.23837209302325582,0.6772127595354936,0.27036915645642806,0.6772127595354936,1.0,"{""bet365"": {""0.5"": {""over"": -190, ""under"": 140}}, ""betmgm"": {""0.5"": {""over"": -175}}}",0.5,over,betmgm,-175.0,0.6363636363636364,True,0.0408,1.5,,,,,False,
676475,Alec Burleson,STL,NYY,0,3.0,1.0,693645.0,Cam Schlittler,R,823520,7:05 PM ET,Yankee Stadium,0,1,0.20426287744227353,2026-08-03,823520,,0,94.4,100.1,100.3,L,5,4,1,0,0,0,1,0,0,1,1,3,0,2,1,1,0,0.21166666666666667,0.25366666666666665,1,0,1,0,1,0,0.3728813559322034,0.421875,0.7966101694915254,0.1875,0.46808510638297873,0.06779661016949153,0.0,0.0625,0.06779661016949153,1.7333333333333334,0.8,0.46808510638297873,0.3404255319148936,0.44680851063829785,0.19148936170212766,0.02127659574468085,0.3964566666666667,0.6370444444444444,0.29411764705882354,0.19047619047619047,0.3574,0.6317999999999999,0.30357142857142855,0.375,0.1774193548387097,0.2833333333333333,0.4666666666666667,0.09230769230769231,0.6083333333333333,0.18571428571428572,0.4063926940639269,0.1872146118721461,0.3904109589041096,0.2876712328767123,0.0410958904109589,7.517045454545454,1.3806818181818181,11.045454545454545,0.3,0.5905960845817518,0.21334123240068273,0.5905960845817518,0.8,"{""bet365"": {""0.5"": {""over"": -260, ""under"": 190}}, ""betmgm"": {""0.5"": {""over"": -235}}}",0.5,over,betmgm,-235.0,0.7014925373134329,True,-0.1109,1.5,,,,,False,
671056,Iván Herrera,STL,NYY,0,4.0,1.0,693645.0,Cam Schlittler,R,823520,7:05 PM ET,Yankee Stadium,1,1,0.20426287744227353,2026-08-03,823520,,0,94.4,100.1,100.3,R,4,4,0,0,0,0,0,0,0,1,0,3,0,3,0,2,1,0.27466666666666667,0.4033333333333333,0,0,0,0,1,0,0.21875,0.22727272727272727,0.75,0.24242424242424243,0.2708333333333333,0.109375,0.015151515151515152,0.06060606060606061,0.078125,1.4,1.0666666666666667,0.32653061224489793,0.2857142857142857,0.5102040816326531,0.14285714285714285,0.0,0.31851785714285713,0.4462738095238095,0.23809523809523808,0.14285714285714285,0.31768333333333326,0.44653333333333334,0.14754098360655737,0.18032786885245902,0.234375,0.2777777777777778,0.5,0.140625,0.6083333333333333,0.18571428571428572,0.4063926940639269,0.1872146118721461,0.3904109589041096,0.2876712328767123,0.0410958904109589,7.517045454545454,1.3806818181818181,11.045454545454545,0.3,0.7215009140387639,0.2915008609765548,0.7215009140387639,1.0666666666666667,"{""bet365"": {""0.5"": {""over"": -235, ""under"": 175}}, ""betmgm"": {""0.5"": {""over"": -275}}}",0.5,over,bet365,-235.0,0.7014925373134329,True,0.02,1.5,,,,,False,
802139,JJ Wetherholt,STL,NYY,0,1.0,1.0,693645.0,Cam Schlittler,R,823520,7:05 PM ET,Yankee Stadium,0,1,0.20426287744227353,2026-08-03,823520,,0,94.4,100.1,100.3,L,5,4,0,0,0,0,1,0,0,0,0,4,0,0,1,3,0,0.09175,0.16975,0,0,0,0,0,0,0.2033898305084746,0.29850746268656714,0.7966101694915254,0.1791044776119403,0.20454545454545456,0.15254237288135594,0.04477611940298507,0.0,0.05084745762711865,1.4,0.8,0.40425531914893614,0.1276595744680851,0.6595744680851063,0.2127659574468085,0.0425531914893617,0.3128877777777778,0.5433355555555556,0.2222222222222222,0.14285714285714285,0.33676666666666666,0.5696833333333333,0.23214285714285715,0.35714285714285715,0.2,0.22033898305084745,0.4067796610169492,0.19402985074626866,0.6083333333333333,0.18571428571428572,0.4063926940639269,0.1872146118721461,0.3904109589041096,0.2876712328767123,0.0410958904109589,7.517045454545454,1.3806818181818181,11.045454545454545,0.3,0.6595150047321025,0.2256876299570109,0.6595150047321025,0.8,"{""betmgm"": {""0.5"": {""over"": -235}}, ""bet365"": {""1.5"": {""over"": 190, ""under"": -260}}}",0.5,over,betmgm,-235.0,0.7014925373134329,True,-0.042,1.5,over,bet365,190.0,0.3448275862068966,True,-0.1191
699625,Jimmy Crooks,STL,NYY,0,9.0,1.0,693645.0,Cam Schlittler,R,823520,7:05 PM ET,Yankee Stadium,0,1,0.20426287744227353,2026-08-03,823520,,0,94.4,100.1,100.3,L,3,3,1,0,0,0,0,0,0,2,1,1,0,0,0,1,0,0.597,0.645,1,0,1,0,1,1,0.16666666666666666,0.2647058823529412,0.6333333333333333,0.3235294117647059,0.17647058823529413,0.23333333333333334,0.058823529411764705,0.029411764705882353,0.1,0.8,0.7333333333333333,0.631578947368421,0.15789473684210525,0.21052631578947367,0.5263157894736842,0.10526315789473684,0.348525,1.0555333333333334,0.08333333333333333,0.25,0.24489583333333337,0.6704166666666669,0.14285714285714285,0.2571428571428571,0.39473684210526316,0.25,1.0,0.2,0.6083333333333333,0.18571428571428572,0.4063926940639269,0.1872146118721461,0.3904109589041096,0.2876712328767123,0.0410958904109589,7.517045454545454,1.3806818181818181,11.045454545454545,0.3,0.44576324280588864,0.09316809987985208,0.44576324280588864,0.7333333333333333,"{""bet365"": {""1.5"": {""over"": 182, ""under"": -245}}, ""betmgm"": {""1.5"": {""over"": 150}}}",0.5,,,,,False,,1.5,over,bet365,182.0,0.3546099290780142,True,-0.2614
691023,Jordan Walker,STL,NYY,0,2.0,1.0,693645.0,Cam Schlittler,R,823520,7:05 PM ET,Yankee Stadium,1,1,0.20426287744227353,2026-08-03,823520,,0,94.4,100.1,100.3,R,5,5,2,0,0,0,0,0,0,0,2,5,0,2,1,1,3,0.371,0.4806,1,1,1,1,0,0,0.21311475409836064,0.26153846153846155,0.7049180327868853,0.27692307692307694,0.3023255813953488,0.06557377049180328,0.0,0.06153846153846154,0.06557377049180328,1.1333333333333333,1.2,0.3023255813953488,0.27906976744186046,0.37209302325581395,0.20930232558139536,0.023255813953488372,0.3114111111111111,0.4831888888888889,0.22727272727272727,0.36363636363636365,0.2724499999999999,0.33911666666666684,0.2542372881355932,0.3220338983050847,0.23809523809523808,0.30357142857142855,0.4642857142857143,0.19047619047619047,0.6083333333333333,0.18571428571428572,0.4063926940639269,0.1872146118721461,0.3904109589041096,0.2876712328767123,0.0410958904109589,7.517045454545454,1.3806818181818181,11.045454545454545,0.3,0.7233882867731154,0.32787565583152833,0.7233882867731154,1.2,"{""bet365"": {""1.5"": {""over"": 135, ""under"": -180}}, ""betmgm"": {""1.5"": {""over"": 105}}}",0.5,,,,,False,,1.5,over,bet365,135.0,0.425531914893617,True,-0.0977
665877,José Fermín,STL,NYY,0,8.0,1.0,693645.0,Cam Schlittler,R,823520,7:05 PM ET,Yankee Stadium,1,1,0.20426287744227353,2026-08-03,823520,,0,94.4,100.1,100.3,R,4,4,1,0,0,0,0,0,0,0,1,4,0,2,1,2,1,0.3995,0.5735,1,0,1,0,0,0,0.18181818181818182,0.28846153846153844,0.8863636363636364,0.09433962264150944,0.1794871794871795,0.06818181818181818,0.018867924528301886,0.0,0.022727272727272728,0.7333333333333333,0.3333333333333333,0.375,0.2,0.475,0.275,0.025,0.26155,0.38195,0.11764705882352941,0.05555555555555555,0.2723499999999999,0.41715,0.15217391304347827,0.21739130434782608,0.13725490196078433,0.34782608695652173,0.45652173913043476,0.07407407407407407,0.6083333333333333,0.18571428571428572,0.4063926940639269,0.1872146118721461,0.3904109589041096,0.2876712328767123,0.0410958904109589,7.517045454545454,1.3806818181818181,11.045454545454545,0.3,0.46501007423152835,0.11668957485172109,0.46501007423152835,0.3333333333333333,"{""bet365"": {""0.5"": {""over"": -140, ""under"": 105}}}",0.5,over,bet365,-140.0,0.5833333333333334,True,-0.1183,1.5,,,,,False,
663457,Lars Nootbaar,STL,NYY,0,5.0,1.0,693645.0,Cam Schlittler,R,823520,7:05 PM ET,Yankee Stadium,0,1,0.20426287744227353,2026-08-03,823520,,0,94.4,100.1,100.3,L,5,5,1,1,0,0,0,0,0,1,2,4,0,2,0,3,1,0.367,0.4655,1,0,1,1,1,0,0.1836734693877551,0.2982456140350877,0.7346938775510204,0.22807017543859648,0.25,0.02040816326530612,0.0,0.017543859649122806,0.02040816326530612,0.6666666666666666,0.8666666666666667,0.5277777777777778,0.19444444444444445,0.4722222222222222,0.2777777777777778,0.027777777777777776,0.24325111111111114,0.4004655555555556,0.1875,0.2222222222222222,0.1913333333333333,0.2715166666666665,0.19148936170212766,0.2553191489361702,0.19642857142857142,0.15384615384615385,0.2692307692307692,0.21666666666666667,0.6083333333333333,0.18571428571428572,0.4063926940639269,0.1872146118721461,0.3904109589041096,0.2876712328767123,0.0410958904109589,7.517045454545454,1.3806818181818181,11.045454545454545,0.3,0.6619449543946977,0.268937383899416,0.6619449543946977,0.8666666666666667,"{""bet365"": {""1.5"": {""over"": 185, ""under"": -250}}, ""betmgm"": {""1.5"": {""over"": 190}}}",0.5,,,,,False,,1.5,over,betmgm,190.0,0.3448275862068966,True,-0.0759
691026,Masyn Winn,STL,NYY,0,6.0,1.0,693645.0,Cam Schlittler,R,823520,7:05 PM ET,Yankee Stadium,1,1,0.20426287744227353,2026-08-03,823520,,0,94.4,100.1,100.3,R,4,3,0,0,0,0,1,0,0,1,0,2,0,0,1,1,0,0.171,0.205,0,0,0,0,1,0,0.23529411764705882,0.35,0.7450980392156863,0.21666666666666667,0.3157894736842105,0.0392156862745098,0.0,0.03333333333333333,0.0392156862745098,0.9333333333333333,0.8666666666666667,0.3684210526315789,0.2894736842105263,0.3157894736842105,0.34210526315789475,0.0,0.32441111111111115,0.4181777777777778,0.29411764705882354,0.3,0.2554666666666666,0.33886666666666665,0.22916666666666666,0.2708333333333333,0.21052631578947367,0.2909090909090909,0.32727272727272727,0.18181818181818182,0.6083333333333333,0.18571428571428572,0.4063926940639269,0.1872146118721461,0.3904109589041096,0.2876712328767123,0.0410958904109589,7.517045454545454,1.3806818181818181,11.045454545454545,0.3,0.6544536951915967,0.2520557701428023,0.6544536951915967,0.8666666666666667,"{""bet365"": {""0.5"": {""over"": -225, ""under"": 165}}, ""betmgm"": {""0.5"": {""over"": -250}}}",0.5,over,bet365,-225.0,0.6923076923076923,True,-0.0379,1.5,,,,,False,
701675,Nathan Church,STL,NYY,0,7.0,1.0,693645.0,Cam Schlittler,R,823520,7:05 PM ET,Yankee Stadium,0,1,0.20426287744227353,2026-08-03,823520,,0,94.4,100.1,100.3,L,4,3,1,0,0,0,1,0,0,0,1,3,0,1,0,1,1,0.4176666666666667,0.4716666666666667,1,0,1,0,0,0,0.16279069767441862,0.1956521739130435,0.813953488372093,0.1702127659574468,0.19444444444444445,0.0,0.0,0.0,0.0,0.4666666666666667,0.5333333333333333,0.35135135135135137,0.24324324324324326,0.43243243243243246,0.1891891891891892,0.0,0.3056190476190476,0.409470238095238,0.25,0.2222222222222222,0.3839166666666667,0.5055000000000001,0.16279069767441862,0.16279069767441862,0.1956521739130435,0.29411764705882354,0.35294117647058826,0.15384615384615385,0.6083333333333333,0.18571428571428572,0.4063926940639269,0.1872146118721461,0.3904109589041096,0.2876712328767123,0.0410958904109589,7.517045454545454,1.3806818181818181,11.045454545454545,0.3,0.5143397165658528,0.16861049987504742,0.5143397165658528,0.5333333333333333,"{""betmgm"": {""0.5"": {""over"": -250}}, ""bet365"": {""1.5"": {""over"": 202, ""under"": -280}}}",0.5,over,betmgm,-250.0,0.7142857142857143,True,-0.1999,1.5,over,bet365,202.0,0.33112582781456956,True,-0.1625
