player_name,team_abbr,stand,pitcher_name,p_throws,home_team,opp_team,is_home,lineup_source,adj_prob,fair_odds,has_line,best_book,best_odds,book_implied,edge,model_prob,k_pct,bb_pct,contact_rate,exp_pa,p_contact_game,hr_park_factor,temp_f,wind_speed,wind_favor,is_dome,humidity_pct,precip_pct,wind_description,game_time,stadium,season_hr,bat_order,recent_hr,days_since_hr,p_fip,barrel_pct_15,hardhit_pct_15,flyball_pct_15,avg_ev_15,xwoba_15,xslg_15,p_hr_per_bb_allowed_10,pitcher_era,pitcher_hr9,pitcher_hr_allowed,pitcher_ip,vs_pitcher_ab,vs_pitcher_h,vs_pitcher_hr,vs_pitcher_avg,hr_vs_r,hr_vs_l,game_date,game_id,batter
Munetaka Murakami,CWS,L,Kumar Rocker,R,CWS,TEX,H,mlb_schedule,0.2175498908216847,360,0,,,,,0.1895498908216847,0.3349397590361446,0.1759036144578313,0.4891566265060241,4.2,0.9404600302434528,103.4,72.4,10.0,-9.563047559630355,0,84.0,0.0,10 MPH TOWARD HP,7:40 PM ET,Rate Field,29.0,2.0,0,6.0,4.149,0.0277777777777777,0.5833333333333334,0.3055555555555556,95.16044444444444,0.5813377777777777,0.9936533333333332,0.0671140939597315,,,,,4,2,0,0.5,24,6,2026-08-24,824557,808959
Miguel Vargas,CWS,R,Kumar Rocker,R,CWS,TEX,H,mlb_schedule,0.2107305739725077,375,0,,,,,0.1827305739725077,0.175531914893617,0.150709219858156,0.673758865248227,4.1,0.9898723485123071,91.0,72.4,10.0,-9.563047559630355,0,84.0,0.0,10 MPH TOWARD HP,7:40 PM ET,Rate Field,29.0,3.0,1,3.0,4.149,0.0681818181818181,0.4545454545454545,0.3636363636363636,90.37822222222222,0.4158688888888889,0.6737799999999999,0.0671140939597315,,,,,10,0,0,0.0,17,12,2026-08-24,824557,678246
Jake Burger,TEX,R,José Urquidy,R,CWS,CWS,A,mlb_schedule,0.1909773249932873,424,0,,,,,0.1629773249932873,0.2697768762677485,0.0831643002028397,0.6470588235294118,3.6,0.9764642314579658,91.0,72.4,10.0,-9.563047559630355,0,84.0,0.0,10 MPH TOWARD HP,7:40 PM ET,Rate Field,21.0,7.0,1,8.0,,0.027027027027027,0.4324324324324324,0.2702702702702703,88.5361111111111,0.3707611111111111,0.5290055555555556,0.0273972602739726,,,,,0,0,0,,15,7,2026-08-24,824557,669394
Corey Seager,TEX,L,José Urquidy,R,CWS,CWS,A,mlb_schedule,0.1875340311519527,433,0,,,,,0.1595340311519527,0.22,0.08,0.7000000000000001,4.2,0.9936333750066674,103.4,72.4,10.0,-9.563047559630355,0,84.0,0.0,10 MPH TOWARD HP,7:40 PM ET,Rate Field,,2.0,1,4.0,,0.0638297872340425,0.5319148936170213,0.3404255319148936,92.4387777777778,0.4442133333333333,0.7008177777777777,0.0273972602739726,,,,,18,6,2,0.333,10,3,2026-08-24,824557,608369
Willson Contreras,BOS,R,Sandy Alcantara,R,MIA,MIA,A,mlb_schedule,0.1741611945711939,474,0,,,,,0.1461611945711939,0.2525458248472505,0.1547861507128309,0.5926680244399185,4.0,0.972470773173551,84.5,,,,0,,,CALM,6:40 PM ET,loanDepot Park,26.0,4.0,1,3.0,4.063,0.0555555555555555,0.3333333333333333,0.3055555555555556,83.81222222222222,0.4434055555555555,0.6991666666666667,0.0260416666666666,3.46,0.9169811320754716,18.0,176.66666666666666,16,6,2,0.375,19,7,2026-08-24,823828,575929
Abimelec Ortiz,WSH,L,Ryan Feltner,R,WSH,COL,H,mlb_schedule,0.1740504970065073,475,0,,,,,0.1460504970065073,0.22,0.08,0.7000000000000001,4.2,0.9936333750066674,93.0,,,,0,,,CALM,6:45 PM ET,Nationals Park,,2.0,0,8.0,4.725,0.088235294117647,0.4705882352941176,0.4117647058823529,93.08166666666666,0.4874,0.7925666666666668,0.0689655172413793,,,,,0,0,0,,5,0,2026-08-24,822695,694673
Junior Caminero,TB,R,Framber Valdez,L,DET,DET,A,mlb_schedule,0.1700572370268781,488,0,,,,,0.1420572370268781,0.18342151675485,0.1216931216931216,0.6948853615520283,4.1,0.9923034077101668,104.4,75.9,16.1,-7.057775463304148,0,83.0,4.0,7 MPH TOWARD HP,6:40 PM ET,Comerica Park,35.0,3.0,0,13.0,4.091,0.0,0.4680851063829787,0.2127659574468085,92.26933333333334,0.2964911111111111,0.4130055555555555,0.0227272727272727,4.35,0.84375,13.0,138.66666666666666,6,0,0,0.0,28,7,2026-08-24,824235,691406
Colson Montgomery,CWS,L,Kumar Rocker,R,CWS,TEX,H,mlb_schedule,0.16939399183057469,490,0,,,,,0.1413939918305747,0.3371868978805395,0.1001926782273603,0.5626204238921002,3.7,0.9530996107050608,103.4,72.4,10.0,-9.563047559630355,0,84.0,0.0,10 MPH TOWARD HP,7:40 PM ET,Rate Field,27.0,6.0,1,3.0,4.149,0.0,0.4411764705882353,0.2941176470588235,85.10811111111111,0.4199033333333333,0.6745477777777779,0.0671140939597315,,,,,0,0,0,,18,9,2026-08-24,824557,695657
Dylan Crews,WSH,R,Ryan Feltner,R,WSH,COL,H,mlb_schedule,0.165701544350301,503,0,,,,,0.137701544350301,0.22,0.08,0.7000000000000001,4.1,0.9928187979804218,92.4,,,,0,,,CALM,6:45 PM ET,Nationals Park,,3.0,0,13.0,4.725,0.024390243902439,0.4390243902439024,0.2926829268292683,90.4488888888889,0.3882111111111111,0.5678,0.0689655172413793,,,,,0,0,0,,5,5,2026-08-24,822695,686611
Brandon Nimmo,TEX,L,José Urquidy,R,CWS,CWS,A,mlb_schedule,0.159373980396672,527,0,,,,,0.131373980396672,0.2144212523719165,0.0891840607210626,0.6963946869070209,4.0,0.9915035507090001,103.4,72.4,10.0,-9.563047559630355,0,84.0,0.0,10 MPH TOWARD HP,7:40 PM ET,Rate Field,13.0,4.0,0,15.0,,0.0,0.5111111111111111,0.3111111111111111,92.5761111111111,0.3200833333333333,0.4412388888888889,0.0273972602739726,,,,,6,2,0,0.333,9,5,2026-08-24,824557,607043
CJ Abrams,WSH,L,Ryan Feltner,R,WSH,COL,H,mlb_schedule,0.1582653559916665,532,0,,,,,0.1302653559916665,0.2322097378277153,0.1086142322097378,0.6591760299625468,4.3,0.9902303374516445,93.0,,,,0,,,CALM,6:45 PM ET,Nationals Park,29.0,1.0,0,13.0,4.725,0.025,0.375,0.1,87.68111111111111,0.3706666666666667,0.4897166666666666,0.0689655172413793,,,,,6,0,0,0.0,23,6,2026-08-24,822695,682928
Wyatt Langford,TEX,R,José Urquidy,R,CWS,CWS,A,mlb_schedule,0.157881900015586,533,0,,,,,0.129881900015586,0.22,0.08,0.7000000000000001,4.1,0.9928187979804218,91.0,72.4,10.0,-9.563047559630355,0,84.0,0.0,10 MPH TOWARD HP,7:40 PM ET,Rate Field,,3.0,0,9.0,,0.0,0.4285714285714285,0.1904761904761904,89.15611111111112,0.3158888888888889,0.4295944444444444,0.0273972602739726,,,,,0,0,0,,11,4,2026-08-24,824557,694671
Brady House,WSH,R,Ryan Feltner,R,WSH,COL,H,mlb_schedule,0.15095947792975262,562,0,,,,,0.1229594779297526,0.22,0.08,0.7000000000000001,3.9,0.9908636465286554,92.4,,,,0,,,CALM,6:45 PM ET,Nationals Park,,5.0,0,9.0,4.725,0.0,0.5,0.1875,89.35666666666665,0.4234222222222222,0.5950888888888888,0.0689655172413793,,,,,0,0,0,,5,4,2026-08-24,822695,691781
Dillon Dingler,DET,R,Drew Rasmussen,R,DET,TB,H,mlb_schedule,0.1493609214446164,570,0,,,,,0.1213609214446164,0.2220039292730845,0.0884086444007858,0.6895874263261297,4.0,0.9907155278364732,104.4,75.9,16.1,-7.057775463304148,0,83.0,4.0,7 MPH TOWARD HP,6:40 PM ET,Comerica Park,26.0,4.0,0,18.0,3.327,0.0392156862745098,0.3333333333333333,0.392156862745098,88.17355555555557,0.3463666666666666,0.5278277777777778,0.0261437908496732,3.01,0.8709677419354839,13.0,134.33333333333334,2,2,0,1.0,24,5,2026-08-24,824235,693307
Mickey Moniak,COL,L,Cade Cavalli,R,WSH,WSH,A,mlb_schedule,0.148299138337932,574,0,,,,,0.120299138337932,0.22,0.08,0.7000000000000001,4.2,0.9936333750066674,93.0,,,,0,,,CALM,6:45 PM ET,Nationals Park,,2.0,1,2.0,3.358,0.0277777777777777,0.4444444444444444,0.4444444444444444,90.45499999999998,0.3054777777777778,0.4507388888888889,0.0620689655172413,3.22,0.9462616822429908,15.0,142.66666666666666,6,0,0,0.0,18,3,2026-08-24,822695,666160
Jonathan Aranda,TB,L,Framber Valdez,L,DET,DET,A,mlb_schedule,0.1482273842450643,575,0,,,,,0.1202273842450643,0.2350813743218806,0.1211573236889692,0.64376130198915,3.9,0.9821437494977708,97.2,75.9,16.1,-7.057775463304148,0,83.0,4.0,7 MPH TOWARD HP,6:40 PM ET,Comerica Park,15.0,5.0,0,17.0,4.091,0.0434782608695652,0.4347826086956521,0.4347826086956521,91.43288888888888,0.3604688888888889,0.51764,0.0227272727272727,4.35,0.84375,13.0,138.66666666666666,6,2,0,0.333,15,1,2026-08-24,824235,666018
Wilyer Abreu,BOS,L,Sandy Alcantara,R,MIA,MIA,A,mlb_schedule,0.14723045686440592,579,0,,,,,0.1192304568644059,0.2003610108303249,0.1101083032490974,0.6895306859205776,4.1,0.9917343578921652,91.5,,,,0,,,CALM,6:40 PM ET,loanDepot Park,22.0,3.0,0,9.0,4.063,0.0217391304347826,0.5869565217391305,0.2391304347826087,88.97555555555554,0.3738222222222222,0.5425555555555556,0.0260416666666666,3.46,0.9169811320754716,18.0,176.66666666666666,4,0,0,0.0,18,5,2026-08-24,823828,677800
Ezequiel Duran,TEX,R,José Urquidy,R,CWS,CWS,A,mlb_schedule,0.1434484633189901,597,0,,,,,0.1154484633189901,0.2398286937901499,0.0813704496788008,0.6788008565310493,3.9,0.9880760519261286,91.0,72.4,10.0,-9.563047559630355,0,84.0,0.0,10 MPH TOWARD HP,7:40 PM ET,Rate Field,14.0,5.0,1,1.0,,0.0,0.4615384615384615,0.3076923076923077,89.30022222222222,0.2618944444444445,0.3542633333333333,0.0273972602739726,,,,,4,2,0,0.5,12,3,2026-08-24,824557,677649
Heriberto Hernández,MIA,R,Ranger Suarez,L,MIA,BOS,H,mlb_schedule,0.1431572115390099,599,0,,,,,0.1151572115390099,0.22,0.08,0.7000000000000001,4.2,0.9936333750066674,84.5,,,,0,,,CALM,6:40 PM ET,loanDepot Park,,2.0,1,2.0,2.931,0.0,0.4545454545454545,0.1818181818181818,89.97111111111111,0.4455944444444444,0.6507944444444445,0.0141843971631205,,,,,6,0,0,0.0,10,9,2026-08-24,823828,681715
Ryan Vilade,TB,R,Framber Valdez,L,DET,DET,A,mlb_schedule,0.1402964905541339,613,0,,,,,0.1122964905541339,0.22,0.08,0.7000000000000001,4.2,0.9936333750066674,104.4,75.9,16.1,-7.057775463304148,0,83.0,4.0,7 MPH TOWARD HP,6:40 PM ET,Comerica Park,,2.0,1,7.0,4.091,0.0344827586206896,0.4137931034482758,0.3448275862068966,88.79444444444445,0.4266111111111111,0.6679166666666667,0.0227272727272727,4.35,0.84375,13.0,138.66666666666666,6,0,0,0.0,4,8,2026-08-24,824235,668723
Chase Meidroth,CWS,R,Kumar Rocker,R,CWS,TEX,H,mlb_schedule,0.139086914941907,619,0,,,,,0.111086914941907,0.2243346007604562,0.1007604562737642,0.6749049429657794,3.6,0.9824919685344662,91.0,72.4,10.0,-9.563047559630355,0,84.0,0.0,10 MPH TOWARD HP,7:40 PM ET,Rate Field,12.0,7.0,0,12.0,4.149,0.0,0.3695652173913043,0.2608695652173913,86.72333333333333,0.3334733333333333,0.4609444444444444,0.0671140939597315,,,,,10,2,0,0.2,9,4,2026-08-24,824557,805367
Spencer Torkelson,DET,R,Drew Rasmussen,R,DET,TB,H,mlb_schedule,0.1389205208276068,620,0,,,,,0.1109205208276068,0.3102766798418972,0.1225296442687747,0.5671936758893281,3.6,0.9509479736597123,104.4,75.9,16.1,-7.057775463304148,0,83.0,4.0,7 MPH TOWARD HP,6:40 PM ET,Comerica Park,20.0,7.0,0,26.0,3.327,0.03125,0.375,0.25,87.85833333333333,0.3201722222222222,0.4885888888888889,0.0261437908496732,3.01,0.8709677419354839,13.0,134.33333333333334,6,4,0,0.667,17,3,2026-08-24,824235,679529
Kyle Stowers,MIA,L,Ranger Suarez,L,MIA,BOS,H,mlb_schedule,0.1380816206085739,624,0,,,,,0.1100816206085739,0.22,0.08,0.7000000000000001,4.1,0.9928187979804218,91.5,,,,0,,,CALM,6:40 PM ET,loanDepot Park,,3.0,0,24.0,2.931,0.0256410256410256,0.5641025641025641,0.4871794871794871,94.06222222222225,0.4064555555555555,0.6504222222222222,0.0141843971631205,,,,,4,0,0,0.0,15,1,2026-08-24,823828,669065
Elias Díaz,TEX,R,José Urquidy,R,CWS,CWS,A,mlb_schedule,0.1331726363869684,651,0,,,,,0.1051726363869684,0.22,0.08,0.7000000000000001,3.5,0.9852114909473605,91.0,72.4,10.0,-9.563047559630355,0,84.0,0.0,10 MPH TOWARD HP,7:40 PM ET,Rate Field,,8.0,1,1.0,,0.0,0.4571428571428571,0.2857142857142857,84.80055555555555,0.2735222222222221,0.4238111111111111,0.0273972602739726,,,,,0,0,0,,1,5,2026-08-24,824557,553869
Hao-Yu Lee,DET,R,Drew Rasmussen,R,DET,TB,H,mlb_schedule,0.13315603356488662,651,0,,,,,0.1051560335648866,0.22,0.08,0.7000000000000001,4.2,0.9936333750066674,104.4,75.9,16.1,-7.057775463304148,0,83.0,4.0,7 MPH TOWARD HP,6:40 PM ET,Comerica Park,,2.0,1,2.0,3.327,0.0625,0.40625,0.21875,88.18599999999999,0.3269644444444444,0.4524690476190476,0.0261437908496732,3.01,0.8709677419354839,13.0,134.33333333333334,0,0,0,,5,2,2026-08-24,824235,701678
Yandy Díaz,TB,R,Framber Valdez,L,DET,DET,A,mlb_schedule,0.1319376058394236,658,0,,,,,0.1039376058394236,0.1423423423423423,0.1009009009009009,0.7567567567567568,4.3,0.9977092622273162,104.4,75.9,16.1,-7.057775463304148,0,83.0,4.0,7 MPH TOWARD HP,6:40 PM ET,Comerica Park,19.0,1.0,1,5.0,4.091,0.0338983050847457,0.4576271186440678,0.1186440677966101,90.85155555555556,0.4128622222222222,0.6036277777777778,0.0227272727272727,4.35,0.84375,13.0,138.66666666666666,18,6,0,0.333,12,7,2026-08-24,824235,650490
Joc Pederson,TEX,L,José Urquidy,R,CWS,CWS,A,mlb_schedule,0.13192258781803,658,0,,,,,0.10392258781803,0.22,0.08,0.7000000000000001,4.3,0.9943555530543188,103.4,72.4,10.0,-9.563047559630355,0,84.0,0.0,10 MPH TOWARD HP,7:40 PM ET,Rate Field,,1.0,0,13.0,,0.0689655172413793,0.6206896551724138,0.4137931034482758,95.27333333333333,0.3883,0.6251777777777777,0.0273972602739726,,,,,0,0,0,,22,1,2026-08-24,824557,592626
Andrew Benintendi,CWS,L,Kumar Rocker,R,CWS,TEX,H,mlb_schedule,0.13163775576446102,660,0,,,,,0.103637755764461,0.22,0.08,0.7000000000000001,4.0,0.9919,103.4,72.4,10.0,-9.563047559630355,0,84.0,0.0,10 MPH TOWARD HP,7:40 PM ET,Rate Field,,4.0,0,7.0,4.149,0.0,0.3125,0.3125,89.67555555555556,0.3318555555555555,0.4885333333333333,0.0671140939597315,,,,,8,0,0,0.0,13,1,2026-08-24,824557,643217
Brett Sullivan,COL,L,Cade Cavalli,R,WSH,WSH,A,mlb_schedule,0.1292426403425257,674,0,,,,,0.1012426403425257,0.22,0.08,0.7000000000000001,3.6,0.9868889788795845,93.0,,,,0,,,CALM,6:45 PM ET,Nationals Park,,7.0,0,8.0,3.358,0.0789473684210526,0.3421052631578947,0.3157894736842105,86.78055555555557,0.3504888888888889,0.5165166666666667,0.0620689655172413,3.22,0.9462616822429908,15.0,142.66666666666666,4,0,0,0.0,8,0,2026-08-24,822695,664954
Connor Norby,COL,R,Cade Cavalli,R,WSH,WSH,A,mlb_schedule,0.1262666041145573,692,0,,,,,0.0982666041145573,0.22,0.08,0.7000000000000001,3.7,0.9883761862532517,92.4,,,,0,,,CALM,6:45 PM ET,Nationals Park,,6.0,1,2.0,3.358,0.0,0.4333333333333333,0.4,88.88777777777777,0.3646833333333333,0.4856999999999999,0.0620689655172413,3.22,0.9462616822429908,15.0,142.66666666666666,8,4,0,0.5,4,2,2026-08-24,822695,681393
Braden Montgomery,CWS,L,Kumar Rocker,R,CWS,TEX,H,mlb_schedule,0.1260778448810333,693,0,,,,,0.0980778448810333,0.22,0.08,0.7000000000000001,3.9,0.9908636465286554,103.4,72.4,10.0,-9.563047559630355,0,84.0,0.0,10 MPH TOWARD HP,7:40 PM ET,Rate Field,,5.0,1,2.0,4.149,0.0344827586206896,0.4827586206896552,0.1724137931034483,88.79055555555556,0.3580055555555556,0.5287666666666666,0.0671140939597315,,,,,4,0,0,0.0,4,1,2026-08-24,824557,695731
Brett Callahan,DET,L,Drew Rasmussen,R,DET,TB,H,mlb_schedule,0.12583882303367772,695,0,,,,,0.0978388230336777,0.22,0.08,0.7000000000000001,3.9,0.9908636465286554,97.2,75.9,16.1,-7.057775463304148,0,83.0,4.0,7 MPH TOWARD HP,6:40 PM ET,Comerica Park,,5.0,1,6.0,3.327,0.1,0.4,0.2,82.9,0.427,0.6262333333333333,0.0261437908496732,3.01,0.8709677419354839,13.0,134.33333333333334,0,0,0,,1,0,2026-08-24,824235,814430
Joe Mack,MIA,L,Ranger Suarez,L,MIA,BOS,H,mlb_schedule,0.12460870370886319,703,0,,,,,0.0966087037088632,0.22,0.08,0.7000000000000001,3.4,0.9833193770346799,91.5,,,,0,,,CALM,6:40 PM ET,loanDepot Park,,9.0,1,9.0,2.931,0.0294117647058823,0.3235294117647059,0.1470588235294117,87.10722222222222,0.26835,0.3894944444444445,0.0141843971631205,,,,,0,0,0,,11,1,2026-08-24,823828,691788
Willi Castro,COL,R,Cade Cavalli,R,WSH,WSH,A,mlb_schedule,0.123582287763293,709,0,,,,,0.095582287763293,0.2714932126696832,0.0950226244343891,0.6334841628959277,4.1,0.9836777413616722,92.4,,,,0,,,CALM,6:45 PM ET,Nationals Park,14.0,3.0,1,6.0,3.358,0.0,0.5483870967741935,0.2580645161290322,87.42722222222223,0.3703,0.5113,0.0620689655172413,3.22,0.9462616822429908,15.0,142.66666666666666,4,0,0,0.0,11,4,2026-08-24,822695,650489
Jorge Mateo,TB,R,Framber Valdez,L,DET,DET,A,mlb_schedule,0.1216356104965091,722,0,,,,,0.0936356104965091,0.22,0.08,0.7000000000000001,3.7,0.9883761862532517,104.4,75.9,16.1,-7.057775463304148,0,83.0,4.0,7 MPH TOWARD HP,6:40 PM ET,Comerica Park,,6.0,1,7.0,4.091,0.0,0.3461538461538461,0.3461538461538461,85.56111111111112,0.4092888888888889,0.6360444444444444,0.0227272727272727,4.35,0.84375,13.0,138.66666666666666,24,6,0,0.25,3,2,2026-08-24,824235,622761
Drew Romo,CWS,L,Kumar Rocker,R,CWS,TEX,H,mlb_schedule,0.1202435173205239,732,0,,,,,0.0922435173205239,0.22,0.08,0.7000000000000001,3.4,0.9833193770346799,103.4,72.4,10.0,-9.563047559630355,0,84.0,0.0,10 MPH TOWARD HP,7:40 PM ET,Rate Field,,9.0,1,8.0,4.149,0.0625,0.28125,0.3125,84.11166666666666,0.2239833333333333,0.3187666666666666,0.0671140939597315,,,,,4,0,0,0.0,6,1,2026-08-24,824557,691011
Colt Keith,DET,L,Drew Rasmussen,R,DET,TB,H,mlb_schedule,0.1187832849781843,742,0,,,,,0.0907832849781843,0.22,0.08,0.7000000000000001,4.3,0.9943555530543188,97.2,75.9,16.1,-7.057775463304148,0,83.0,4.0,7 MPH TOWARD HP,6:40 PM ET,Comerica Park,,1.0,0,8.0,3.327,0.0,0.5135135135135135,0.1081081081081081,93.16055555555558,0.4127388888888889,0.5682111111111111,0.0261437908496732,3.01,0.8709677419354839,13.0,134.33333333333334,0,0,0,,9,0,2026-08-24,824235,690993
Kevin McGonigle,DET,L,Drew Rasmussen,R,DET,TB,H,mlb_schedule,0.1179023985823664,748,0,,,,,0.0899023985823664,0.1388400702987697,0.1441124780316344,0.7170474516695958,4.1,0.9943502946378843,97.2,75.9,16.1,-7.057775463304148,0,83.0,4.0,7 MPH TOWARD HP,6:40 PM ET,Comerica Park,14.0,3.0,1,1.0,3.327,0.0192307692307692,0.3846153846153846,0.4038461538461538,89.69388888888889,0.3195611111111111,0.4850688888888889,0.0261437908496732,3.01,0.8709677419354839,13.0,134.33333333333334,0,0,0,,11,3,2026-08-24,824235,805808
Adley Rutschman,BOS,L,Sandy Alcantara,R,MIA,MIA,A,mlb_schedule,0.1163400894363922,760,0,,,,,0.0883400894363922,0.22,0.08,0.7000000000000001,3.9,0.9908636465286554,91.5,,,,0,,,CALM,6:40 PM ET,loanDepot Park,,5.0,1,6.0,4.063,0.0,0.3214285714285714,0.3571428571428571,84.83277777777776,0.2686166666666666,0.4031,0.0260416666666666,3.46,0.9169811320754716,18.0,176.66666666666666,6,2,0,0.333,6,3,2026-08-24,823828,668939
Jarren Duran,BOS,L,Sandy Alcantara,R,MIA,MIA,A,mlb_schedule,0.1159213051431582,763,0,,,,,0.0879213051431582,0.28125,0.076171875,0.642578125,3.6,0.9753707002963963,91.5,,,,0,,,CALM,6:40 PM ET,loanDepot Park,17.0,7.0,1,5.0,4.063,0.025,0.525,0.25,90.88533333333334,0.3212933333333333,0.4354933333333333,0.0260416666666666,3.46,0.9169811320754716,18.0,176.66666666666666,12,0,0,0.0,16,1,2026-08-24,823828,680776
Mickey Gasper,BOS,R,Sandy Alcantara,R,MIA,MIA,A,mlb_schedule,0.1145799248586747,773,0,,,,,0.0865799248586747,0.22,0.08,0.7000000000000001,3.5,0.9852114909473605,84.5,,,,0,,,CALM,6:40 PM ET,loanDepot Park,,8.0,1,5.0,4.063,0.0512820512820512,0.282051282051282,0.282051282051282,87.54055555555556,0.3817277777777778,0.5688833333333333,0.0260416666666666,3.46,0.9169811320754716,18.0,176.66666666666666,0,0,0,,3,0,2026-08-24,823828,681508
Daylen Lile,WSH,L,Ryan Feltner,R,WSH,COL,H,mlb_schedule,0.1126032452552182,788,0,,,,,0.0846032452552182,0.1948051948051948,0.0667903525046382,0.738404452690167,4.0,0.9953170298462682,93.0,,,,0,,,CALM,6:45 PM ET,Nationals Park,15.0,4.0,0,17.0,4.725,0.0666666666666666,0.4222222222222222,0.4666666666666667,88.35833333333333,0.4026944444444444,0.6287944444444444,0.0689655172413793,,,,,0,0,0,,15,1,2026-08-24,822695,695734
Ezequiel Tovar,COL,R,Cade Cavalli,R,WSH,WSH,A,mlb_schedule,0.1124322957605322,789,0,,,,,0.0844322957605322,0.2505854800936768,0.0655737704918032,0.6838407494145199,3.4,0.980062071336143,92.4,,,,0,,,CALM,6:45 PM ET,Nationals Park,9.0,9.0,0,21.0,3.358,0.032258064516129,0.3225806451612903,0.3548387096774194,85.8,0.3810944444444444,0.5400666666666666,0.0620689655172413,3.22,0.9462616822429908,15.0,142.66666666666666,0,0,0,,9,2,2026-08-24,822695,678662
Ceddanne Rafaela,BOS,R,Sandy Alcantara,R,MIA,MIA,A,mlb_schedule,0.10895499836916969,818,0,,,,,0.0809549983691697,0.2011385199240986,0.0550284629981024,0.7438330170777988,4.2,0.9967205784683196,84.5,,,,0,,,CALM,6:40 PM ET,loanDepot Park,16.0,2.0,0,13.0,4.063,0.0178571428571428,0.2857142857142857,0.25,84.36433333333335,0.3337577777777777,0.4661588888888889,0.0260416666666666,3.46,0.9169811320754716,18.0,176.66666666666666,4,0,0,0.0,12,5,2026-08-24,823828,678882
Anthony Seigler,BOS,L,Sandy Alcantara,R,MIA,MIA,A,mlb_schedule,0.1085079176474564,822,0,,,,,0.0805079176474564,0.22,0.08,0.7000000000000001,3.4,0.9833193770346799,91.5,,,,0,,,CALM,6:40 PM ET,loanDepot Park,,9.0,0,31.0,4.063,0.0606060606060606,0.2727272727272727,0.3939393939393939,85.00544444444445,0.2656,0.4027311111111111,0.0260416666666666,3.46,0.9169811320754716,18.0,176.66666666666666,0,0,0,,2,1,2026-08-24,823828,678011
Jake McCarthy,COL,L,Cade Cavalli,R,WSH,WSH,A,mlb_schedule,0.1078155575219894,828,0,,,,,0.0798155575219894,0.165929203539823,0.0619469026548672,0.7721238938053098,4.3,0.9982697661806148,93.0,,,,0,,,CALM,6:45 PM ET,Nationals Park,13.0,1.0,0,16.0,3.358,0.0377358490566037,0.3396226415094339,0.2075471698113207,82.84188888888889,0.3701355555555555,0.4992655555555555,0.0620689655172413,3.22,0.9462616822429908,15.0,142.66666666666666,6,2,0,0.333,9,4,2026-08-24,822695,664983
Keibert Ruiz,WSH,L,Ryan Feltner,R,WSH,COL,H,mlb_schedule,0.1074057676332912,831,0,,,,,0.0794057676332912,0.22,0.08,0.7000000000000001,3.7,0.9883761862532517,93.0,,,,0,,,CALM,6:45 PM ET,Nationals Park,,6.0,1,3.0,4.725,0.0277777777777777,0.4166666666666667,0.1666666666666666,89.45611111111111,0.4204055555555556,0.5630777777777778,0.0689655172413793,,,,,6,0,0,0.0,5,3,2026-08-24,822695,660688
Troy Johnston,COL,L,Cade Cavalli,R,WSH,WSH,A,mlb_schedule,0.10482964492992619,854,0,,,,,0.0768296449299262,0.22,0.08,0.7000000000000001,3.9,0.9908636465286554,93.0,,,,0,,,CALM,6:45 PM ET,Nationals Park,,5.0,0,140.0,3.358,0.024390243902439,0.2926829268292683,0.2682926829268293,88.85444444444445,0.3580888888888889,0.4899944444444444,0.0620689655172413,3.22,0.9462616822429908,15.0,142.66666666666666,6,0,0,0.0,3,1,2026-08-24,822695,687859
Jacob Young,WSH,R,Ryan Feltner,R,WSH,COL,H,mlb_schedule,0.1048078357051058,854,0,,,,,0.0768078357051058,0.22,0.08,0.7000000000000001,3.6,0.9868889788795845,92.4,,,,0,,,CALM,6:45 PM ET,Nationals Park,,7.0,0,13.0,4.725,0.0238095238095238,0.2142857142857142,0.4285714285714285,85.71988888888889,0.3262522222222222,0.4560433333333333,0.0689655172413793,,,,,0,0,0,,7,3,2026-08-24,822695,696285
Jakob Marsee,MIA,L,Ranger Suarez,L,MIA,BOS,H,mlb_schedule,0.1006059534885017,894,0,,,,,0.0726059534885017,0.2112676056338028,0.1488933601609658,0.6398390342052315,3.7,0.9771420343198898,91.5,,,,0,,,CALM,6:40 PM ET,loanDepot Park,8.0,6.0,1,2.0,2.931,0.0232558139534883,0.4186046511627907,0.2325581395348837,84.92933333333332,0.3079266666666667,0.4096366666666667,0.0141843971631205,,,,,0,0,0,,7,1,2026-08-24,823828,805300
Tristan Peters,CWS,L,Kumar Rocker,R,CWS,TEX,H,mlb_schedule,0.0993976751896636,906,0,,,,,0.0713976751896636,0.22,0.08,0.7000000000000001,3.5,0.9852114909473605,103.4,72.4,10.0,-9.563047559630355,0,84.0,0.0,10 MPH TOWARD HP,7:40 PM ET,Rate Field,,8.0,1,1.0,4.149,0.0294117647058823,0.3529411764705882,0.1764705882352941,83.77777777777779,0.3261333333333333,0.4616788888888888,0.0671140939597315,,,,,4,0,0,0.0,9,0,2026-08-24,824557,671976
Max Clark,DET,L,Drew Rasmussen,R,DET,TB,H,mlb_schedule,0.0982142206785785,918,0,,,,,0.0702142206785785,0.22,0.08,0.7000000000000001,3.5,0.9852114909473605,97.2,75.9,16.1,-7.057775463304148,0,83.0,4.0,7 MPH TOWARD HP,6:40 PM ET,Comerica Park,,8.0,0,23.0,3.327,0.0,0.3043478260869565,0.2391304347826087,85.30111111111111,0.3186166666666666,0.4036666666666667,0.0261437908496732,3.01,0.8709677419354839,13.0,134.33333333333334,0,0,0,,1,0,2026-08-24,824235,703601
Jonny DeLuca,TB,R,Framber Valdez,L,DET,DET,A,mlb_schedule,0.0959273892244875,942,0,,,,,0.0679273892244875,0.22,0.08,0.7000000000000001,4.0,0.9919,104.4,75.9,16.1,-7.057775463304148,0,83.0,4.0,7 MPH TOWARD HP,6:40 PM ET,Comerica Park,,4.0,0,17.0,4.091,0.0476190476190476,0.3333333333333333,0.1428571428571428,88.4908888888889,0.3377322222222221,0.5094922222222221,0.0227272727272727,4.35,0.84375,13.0,138.66666666666666,4,0,0,0.0,6,2,2026-08-24,824235,676356
Javier Báez,DET,R,Drew Rasmussen,R,DET,TB,H,mlb_schedule,0.09527900832591049,950,0,,,,,0.0672790083259105,0.22,0.08,0.7000000000000001,3.4,0.9833193770346799,104.4,75.9,16.1,-7.057775463304148,0,83.0,4.0,7 MPH TOWARD HP,6:40 PM ET,Comerica Park,,9.0,0,122.0,3.327,0.0,0.375,0.1666666666666666,85.58566666666665,0.2498322222222222,0.3081833333333333,0.0261437908496732,3.01,0.8709677419354839,13.0,134.33333333333334,12,2,0,0.167,1,1,2026-08-24,824235,595879
Nick Sogard,BOS,R,Sandy Alcantara,R,MIA,MIA,A,mlb_schedule,0.09402553939274119,964,0,,,,,0.0660255393927412,0.22,0.08,0.7000000000000001,4.3,0.9943555530543188,84.5,,,,0,,,CALM,6:40 PM ET,loanDepot Park,,1.0,1,1.0,4.063,0.0285714285714285,0.3428571428571428,0.2285714285714285,86.18166666666666,0.3454455555555555,0.4925888888888889,0.0260416666666666,3.46,0.9169811320754716,18.0,176.66666666666666,0,0,0,,1,1,2026-08-24,823828,686765
Evan Carter,TEX,L,José Urquidy,R,CWS,CWS,A,mlb_schedule,0.09317930756490969,973,0,,,,,0.0651793075649097,0.22,0.08,0.7000000000000001,3.7,0.9883761862532517,103.4,72.4,10.0,-9.563047559630355,0,84.0,0.0,10 MPH TOWARD HP,7:40 PM ET,Rate Field,,6.0,0,37.0,,0.0,0.3,0.3666666666666666,84.52777777777779,0.2461833333333333,0.3425833333333333,0.0273972602739726,,,,,0,0,0,,8,0,2026-08-24,824557,694497
Sam Antonacci,CWS,L,Kumar Rocker,R,CWS,TEX,H,mlb_schedule,0.0931307335024095,974,0,,,,,0.0651307335024095,0.1594533029612756,0.1321184510250569,0.7084282460136674,4.3,0.995006495651098,103.4,72.4,10.0,-9.563047559630355,0,84.0,0.0,10 MPH TOWARD HP,7:40 PM ET,Rate Field,8.0,1.0,0,26.0,4.149,0.0,0.1388888888888889,0.2222222222222222,87.53055555555557,0.2217333333333333,0.2903844444444444,0.0671140939597315,,,,,4,0,0,0.0,8,0,2026-08-24,824557,803011
Otto Lopez,MIA,R,Ranger Suarez,L,MIA,BOS,H,mlb_schedule,0.0929206194997886,976,0,,,,,0.0649206194997886,0.1252268602540834,0.0617059891107078,0.8130671506352087,4.3,0.9992616739508923,84.5,,,,0,,,CALM,6:40 PM ET,loanDepot Park,9.0,1.0,0,50.0,2.931,0.0,0.3571428571428571,0.2678571428571428,87.21033333333334,0.2903311111111111,0.3820366666666667,0.0141843971631205,,,,,12,0,0,0.0,7,2,2026-08-24,823828,672640
Javier Sanoja,MIA,R,Ranger Suarez,L,MIA,BOS,H,mlb_schedule,0.0916033410082569,992,0,,,,,0.0636033410082569,0.22,0.08,0.7000000000000001,3.6,0.9868889788795845,84.5,,,,0,,,CALM,6:40 PM ET,loanDepot Park,,7.0,1,5.0,2.931,0.024390243902439,0.2926829268292683,0.1707317073170731,84.09833333333334,0.2992999999999999,0.4023444444444444,0.0141843971631205,,,,,4,0,0,0.0,3,3,2026-08-24,823828,691594
Nasim Nuñez,WSH,L,Ryan Feltner,R,WSH,COL,H,mlb_schedule,0.0907553568260034,1002,0,,,,,0.0627553568260034,0.2051282051282051,0.1048951048951049,0.68997668997669,3.4,0.9813473394904936,93.0,,,,0,,,CALM,6:45 PM ET,Nationals Park,1.0,9.0,0,54.0,4.725,0.0,0.3225806451612903,0.2903225806451613,90.33777777777776,0.3166111111111111,0.3973666666666666,0.0689655172413793,,,,,0,0,0,,0,1,2026-08-24,822695,683083
Agustín Ramírez,MIA,R,Ranger Suarez,L,MIA,BOS,H,mlb_schedule,0.0879195374654098,1037,0,,,,,0.0599195374654098,0.22,0.08,0.7000000000000001,4.0,0.9919,84.5,,,,0,,,CALM,6:40 PM ET,loanDepot Park,,4.0,0,126.0,2.931,0.0,0.5,0.088235294117647,88.26622222222223,0.2543255555555556,0.3067922222222222,0.0141843971631205,,,,,6,0,0,0.0,1,1,2026-08-24,823828,682663
Zac Veen,COL,L,Cade Cavalli,R,WSH,WSH,A,mlb_schedule,0.0867441030356113,1053,0,,,,,0.0587441030356113,0.22,0.08,0.7000000000000001,3.5,0.9852114909473605,93.0,,,,0,,,CALM,6:45 PM ET,Nationals Park,,8.0,0,10.0,3.358,0.0714285714285714,0.3571428571428571,0.3571428571428571,87.16177777777779,0.4029780952380952,0.6421511111111111,0.0620689655172413,3.22,0.9462616822429908,15.0,142.66666666666666,0,0,0,,2,0,2026-08-24,822695,691728
Zach McKinstry,DET,L,Drew Rasmussen,R,DET,TB,H,mlb_schedule,0.0849365704585886,1077,0,,,,,0.0569365704585886,0.22,0.08,0.7000000000000001,3.7,0.9883761862532517,97.2,75.9,16.1,-7.057775463304148,0,83.0,4.0,7 MPH TOWARD HP,6:40 PM ET,Comerica Park,,6.0,0,46.0,3.327,0.0,0.1388888888888889,0.25,84.73277777777777,0.2369333333333333,0.31365,0.0261437908496732,3.01,0.8709677419354839,13.0,134.33333333333334,2,2,0,1.0,4,0,2026-08-24,824235,656716
Xavier Edwards,MIA,R,Ranger Suarez,L,MIA,BOS,H,mlb_schedule,0.0838633436830858,1092,0,,,,,0.0558633436830858,0.1329690346083788,0.1147540983606557,0.7522768670309654,3.9,0.9956701824214337,84.5,,,,0,,,CALM,6:40 PM ET,loanDepot Park,6.0,5.0,0,97.0,2.931,0.0,0.3448275862068966,0.3103448275862069,85.07944444444443,0.3048388888888889,0.4038111111111112,0.0141843971631205,,,,,12,2,0,0.167,2,4,2026-08-24,823828,669364
Taylor Walls,TB,R,Framber Valdez,L,DET,DET,A,mlb_schedule,0.0838198093784942,1093,0,,,,,0.0558198093784942,0.22,0.08,0.7000000000000001,3.4,0.9833193770346799,104.4,75.9,16.1,-7.057775463304148,0,83.0,4.0,7 MPH TOWARD HP,6:40 PM ET,Comerica Park,,9.0,0,13.0,4.091,0.0,0.2424242424242424,0.2121212121212121,84.71611111111112,0.2703777777777778,0.3633944444444444,0.0227272727272727,4.35,0.84375,13.0,138.66666666666666,16,6,0,0.375,1,1,2026-08-24,824235,670764
Nick Fortes,TB,R,Framber Valdez,L,DET,DET,A,mlb_schedule,0.0838198093784942,1093,0,,,,,0.0558198093784942,0.22,0.08,0.7000000000000001,3.6,0.9868889788795845,104.4,75.9,16.1,-7.057775463304148,0,83.0,4.0,7 MPH TOWARD HP,6:40 PM ET,Comerica Park,,7.0,0,34.0,4.091,0.025,0.275,0.1,79.54466666666666,0.3391911111111111,0.4521777777777778,0.0227272727272727,4.35,0.84375,13.0,138.66666666666666,12,2,0,0.167,3,1,2026-08-24,824235,663743
TJ Rumfield,COL,L,Cade Cavalli,R,WSH,WSH,A,mlb_schedule,0.0791017127461622,1164,0,,,,,0.0511017127461622,0.1439842209072978,0.1163708086785009,0.7396449704142011,4.0,0.9954052288291837,93.0,,,,0,,,CALM,6:45 PM ET,Nationals Park,13.0,4.0,0,37.0,3.358,0.0,0.25,0.375,86.08955555555556,0.30665,0.4014011111111111,0.0620689655172413,3.22,0.9462616822429908,15.0,142.66666666666666,6,2,0,0.333,12,2,2026-08-24,822695,681198
Jorbit Vivas,WSH,L,Ryan Feltner,R,WSH,COL,H,mlb_schedule,0.0729160306221882,1271,0,,,,,0.0449160306221882,0.22,0.08,0.7000000000000001,3.5,0.9852114909473605,93.0,,,,0,,,CALM,6:45 PM ET,Nationals Park,,8.0,0,61.0,4.725,0.0,0.0303030303030303,0.2727272727272727,80.30611111111111,0.2525666666666666,0.318761111111111,0.0689655172413793,,,,,0,0,0,,3,0,2026-08-24,822695,678391
Caleb Durbin,BOS,R,Sandy Alcantara,R,MIA,MIA,A,mlb_schedule,0.0676837831717466,1377,0,,,,,0.0396837831717466,0.1340425531914893,0.0957446808510638,0.7702127659574468,3.7,0.9956658312055189,84.5,,,,0,,,CALM,6:40 PM ET,loanDepot Park,12.0,6.0,0,11.0,4.063,0.0196078431372549,0.1568627450980392,0.2352941176470588,77.39322222222222,0.2682688888888889,0.3365666666666666,0.0260416666666666,3.46,0.9169811320754716,18.0,176.66666666666666,4,4,0,1.0,9,3,2026-08-24,823828,702332
Cody Freeman,TEX,R,José Urquidy,R,CWS,CWS,A,mlb_schedule,0.067568415484605,1380,0,,,,,0.039568415484605,0.22,0.08,0.7000000000000001,3.4,0.9833193770346799,91.0,72.4,10.0,-9.563047559630355,0,84.0,0.0,10 MPH TOWARD HP,7:40 PM ET,Rate Field,,9.0,0,342.0,,0.0,0.125,0.125,78.1738888888889,0.2374388888888888,0.2862055555555555,0.0273972602739726,,,,,0,0,0,,0,0,2026-08-24,824557,683227
Esteury Ruiz,MIA,R,Ranger Suarez,L,MIA,BOS,H,mlb_schedule,0.0660823189759104,1413,0,,,,,0.0380823189759104,0.22,0.08,0.7000000000000001,3.5,0.9852114909473605,84.5,,,,0,,,CALM,6:40 PM ET,loanDepot Park,,8.0,0,13.0,2.931,0.0,0.2692307692307692,0.0769230769230769,73.66,0.3375595238095238,0.4724880952380952,0.0141843971631205,,,,,0,0,0,,2,4,2026-08-24,823828,665923
Chandler Simpson,TB,L,Framber Valdez,L,DET,DET,A,mlb_schedule,0.0452673141002597,2109,0,,,,,0.0172673141002597,0.0851926977687626,0.0446247464503042,0.8701825557809331,3.5,0.9992117468925953,97.2,75.9,16.1,-7.057775463304148,0,83.0,4.0,7 MPH TOWARD HP,6:40 PM ET,Comerica Park,0.0,8.0,0,156.0,4.091,0.0,0.0806451612903225,0.1935483870967742,80.1181111111111,0.2404477777777778,0.2969433333333333,0.0227272727272727,4.35,0.84375,13.0,138.66666666666666,0,0,0,,1,0,2026-08-24,824235,802415
