batter,player_name,team_abbr,opp_team,is_home,bat_order,in_lineup,pitcher_id,pitcher_name,p_throws,game_id,game_time,stadium,stand_R,p_throws_R,opp_k_pct_15,game_date,game_pk,is_dome,wind_out,hit_factor,tb_factor,hr_factor,stand,pa,ab,h,doubles,triples,hr,bb,hbp,sf,k,tb,batted_balls,barrels,hard_hits,fly_balls,ground_balls,line_drives,avg_xba,avg_xslg,target_hit_1plus,target_hit_2plus,target_tb_1plus,target_tb_2plus,target_k_1plus,target_k_2plus,batting_avg_15,obp_15,contact_rate_15,k_rate_15,babip_15,iso_15,hr_rate_15,doubles_rate_15,extra_base_hit_rate_15,avg_total_bases_15,avg_k_per_game_15,hard_hit_pct_15,line_drive_pct_15,gb_pct_15,fly_ball_pct_15,barrel_pct_15,xba_15,xslg_15,batting_avg_last_5,k_rate_last_5,xba_last_5,xslg_last_5,batting_avg_vs_R_15,slg_vs_R_15,k_rate_vs_R_15,batting_avg_vs_L_15,slg_vs_L_15,k_rate_vs_L_15,p_contact_rate_allowed_10,p_babip_allowed_10,p_slg_allowed_10,p_iso_allowed_10,p_gb_pct_10,p_fb_pct_10,p_barrel_pct_allowed_10,p_hits_per9_10,p_hr_per9_10,p_k_per9_10,p_k_rate_10,p_hit_1plus,p_hit_2plus,adj_prob,pred_hits,book_markets,primary_line,primary_side,primary_best_book,primary_best_odds,primary_book_implied,primary_has_line,primary_edge,secondary_line,secondary_side,secondary_best_book,secondary_best_odds,secondary_book_implied,secondary_has_line,secondary_edge
672386,Alejandro Kirk,TOR,TB,1,5.0,1,668984,Casey Legumina,R,822785,3:07 PM ET,Rogers Centre,1,1,0.1648148148148148,2026-07-23,822785,0,1,101.0,102.3,107.9,R,3,3,2,0,0,1,0,0,0,0,5,3,1,2,2,0,1,0.6733333333333333,1.7616666666666667,1,1,1,1,0,0,0.21739130434782608,0.3333333333333333,0.8913043478260869,0.09259259259259259,0.225,0.10869565217391304,0.018518518518518517,0.037037037037037035,0.06521739130434782,1.0,0.3333333333333333,0.4146341463414634,0.21951219512195122,0.43902439024390244,0.24390243902439024,0.024390243902439025,0.28254166666666664,0.4225952380952381,0.2222222222222222,0.07692307692307693,0.29431250000000003,0.33037499999999975,0.20833333333333334,0.2916666666666667,0.07407407407407407,0.12195121951219512,0.14634146341463414,0.1,0.72,0.20512820512820512,0.4634146341463415,0.21951219512195122,0.3611111111111111,0.3055555555555556,0.05555555555555555,6.394736842105263,0.7105263157894738,7.105263157894737,0.19607843137254902,0.594519596747508,0.2465692301611797,0.594519596747508,0.21739130434782608,"{""bet365"": {""0.5"": {""over"": -200, ""under"": 150}}, ""draftkings"": {""1.5"": {""over"": 140, ""under"": -185}, ""0.5"": {""over"": -183, ""under"": 137}}, ""fanduel"": {""0.5"": {""over"": -195}}}",0.5,over,draftkings,-183.0,0.6466431095406361,True,-0.0521,1.5,over,draftkings,140.0,0.4166666666666667,True,-0.1701
676914,Davis Schneider,TOR,TB,1,7.0,1,668984,Casey Legumina,R,822785,3:07 PM ET,Rogers Centre,1,1,0.1648148148148148,2026-07-23,822785,0,1,101.0,102.3,107.9,R,1,1,0,0,0,0,0,0,0,1,0,0,0,0,0,0,0,0.020999999999999998,0.060500000000000005,0,0,0,0,1,0,0.1794871794871795,0.21428571428571427,0.6666666666666666,0.3023255813953488,0.2,0.20512820512820512,0.046511627906976744,0.046511627906976744,0.10256410256410256,1.0,0.8666666666666667,0.4642857142857143,0.07142857142857142,0.21428571428571427,0.5357142857142857,0.0,0.1909583333333333,0.4362083333333333,0.07692307692307693,0.2857142857142857,0.07608333333333339,0.14620833333333333,0.175,0.35,0.2553191489361702,0.07142857142857142,0.14285714285714285,0.42424242424242425,0.72,0.20512820512820512,0.4634146341463415,0.21951219512195122,0.3611111111111111,0.3055555555555556,0.05555555555555555,6.394736842105263,0.7105263157894738,7.105263157894737,0.19607843137254902,0.5925709716769911,0.134557788382514,0.5925709716769911,0.1794871794871795,"{""bet365"": {""0.5"": {""over"": -110, ""under"": -120}}, ""betmgm"": {""0.5"": {""over"": -105, ""under"": -125}}, ""draftkings"": {""0.5"": {""over"": 320, ""under"": -450}}, ""fanduel"": {""0.5"": {""over"": -110}}}",0.5,over,draftkings,320.0,0.23809523809523808,True,0.3545,1.5,,,,,False,
676391,Ernie Clement,TOR,TB,1,3.0,1,668984,Casey Legumina,R,822785,3:07 PM ET,Rogers Centre,1,1,0.1648148148148148,2026-07-23,822785,0,1,101.0,102.3,107.9,R,4,4,0,0,0,0,0,0,0,2,0,2,0,0,1,1,0,0.0835,0.1225,0,0,0,0,1,1,0.31666666666666665,0.34375,0.9333333333333333,0.0625,0.32142857142857145,0.08333333333333333,0.015625,0.03125,0.05,1.6,0.26666666666666666,0.15789473684210525,0.22807017543859648,0.38596491228070173,0.2982456140350877,0.017543859649122806,0.3183377777777778,0.3952422222222223,0.3684210526315789,0.09523809523809523,0.34153333333333336,0.42841666666666656,0.25862068965517243,0.3448275862068966,0.04838709677419355,0.2727272727272727,0.34545454545454546,0.11666666666666667,0.72,0.20512820512820512,0.4634146341463415,0.21951219512195122,0.3611111111111111,0.3055555555555556,0.05555555555555555,6.394736842105263,0.7105263157894738,7.105263157894737,0.19607843137254902,0.6689574461844664,0.23983409914997936,0.6689574461844664,0.31666666666666665,"{""bet365"": {""1.5"": {""over"": 190, ""under"": -260}}, ""draftkings"": {""1.5"": {""over"": 235, ""under"": -330}, ""0.5"": {""over"": -261, ""under"": 192}}, ""fanduel"": {""0.5"": {""over"": -260}}}",0.5,over,fanduel,-260.0,0.7222222222222222,True,-0.0533,1.5,over,draftkings,235.0,0.29850746268656714,True,-0.0587
543807,George Springer,TOR,TB,1,4.0,1,668984,Casey Legumina,R,822785,3:07 PM ET,Rogers Centre,1,1,0.1648148148148148,2026-07-23,822785,0,1,101.0,102.3,107.9,R,4,4,0,0,0,0,0,0,0,1,0,3,0,0,0,3,0,0.08233333333333333,0.08633333333333333,0,0,0,0,1,0,0.2459016393442623,0.30303030303030304,0.7213114754098361,0.25757575757575757,0.30952380952380953,0.14754098360655737,0.030303030303030304,0.015151515151515152,0.06557377049180328,1.6,1.1333333333333333,0.5227272727272727,0.25,0.5,0.25,0.0,0.3059,0.46652777777777776,0.3,0.09523809523809523,0.3431166666666667,0.6073333333333334,0.2903225806451613,0.41935483870967744,0.208955223880597,0.24074074074074073,0.5185185185185185,0.23880597014925373,0.72,0.20512820512820512,0.4634146341463415,0.21951219512195122,0.3611111111111111,0.3055555555555556,0.05555555555555555,6.394736842105263,0.7105263157894738,7.105263157894737,0.19607843137254902,0.6528599049015441,0.2625113951572006,0.6528599049015441,0.2459016393442623,"{""bet365"": {""0.5"": {""over"": -210, ""under"": 155}}, ""betmgm"": {""0.5"": {""over"": -125, ""under"": -105}}, ""draftkings"": {""1.5"": {""over"": 150, ""under"": -200}, ""0.5"": {""over"": -182, ""under"": 136}}}",0.5,over,betmgm,-125.0,0.5555555555555556,True,0.0973,1.5,over,draftkings,150.0,0.4,True,-0.1375
672960,Kazuma Okamoto,TOR,TB,1,6.0,1,668984,Casey Legumina,R,822785,3:07 PM ET,Rogers Centre,1,1,0.1648148148148148,2026-07-23,822785,0,1,101.0,102.3,107.9,R,1,1,0,0,0,0,0,0,0,1,0,0,0,0,0,0,0,0.101,0.131,0,0,0,0,1,0,0.17857142857142858,0.2698412698412698,0.7678571428571429,0.20634920634920634,0.175,0.17857142857142858,0.047619047619047616,0.015873015873015872,0.07142857142857142,1.3333333333333333,0.8666666666666667,0.3023255813953488,0.13953488372093023,0.32558139534883723,0.4186046511627907,0.0,0.2249,0.49849666666666675,0.0,0.23809523809523808,0.1262666666666666,0.15256666666666677,0.17543859649122806,0.3508771929824561,0.20967741935483872,0.21818181818181817,0.4,0.3125,0.72,0.20512820512820512,0.4634146341463415,0.21951219512195122,0.3611111111111111,0.3055555555555556,0.05555555555555555,6.394736842105263,0.7105263157894738,7.105263157894737,0.19607843137254902,0.5943597309599397,0.1301612214062644,0.5943597309599397,0.17857142857142858,"{""bet365"": {""0.5"": {""over"": -190, ""under"": 140}}, ""draftkings"": {""0.5"": {""over"": 150, ""under"": -205}}, ""fanduel"": {""0.5"": {""over"": -170}}}",0.5,over,draftkings,150.0,0.4,True,0.1944,1.5,,,,,False,
649966,Luis Urías,TOR,TB,1,8.0,1,668984,Casey Legumina,R,822785,3:07 PM ET,Rogers Centre,1,1,0.1648148148148148,2026-07-23,822785,0,1,101.0,102.3,107.9,R,1,1,0,0,0,0,0,0,0,0,0,1,0,0,1,0,0,0.003,0.003,0,0,0,0,0,0,0.23529411764705882,0.3333333333333333,0.8235294117647058,0.15384615384615385,0.23076923076923078,0.20588235294117646,0.05128205128205128,0.02564102564102564,0.08823529411764706,1.0,0.4,0.21428571428571427,0.25,0.32142857142857145,0.32142857142857145,0.03571428571428571,0.27018055555555553,0.41481944444444446,0.15384615384615385,0.07692307692307693,0.2520833333333333,0.32377083333333356,0.2619047619047619,0.3333333333333333,0.16666666666666666,0.13157894736842105,0.23684210526315788,0.05,0.72,0.20512820512820512,0.4634146341463415,0.21951219512195122,0.3611111111111111,0.3055555555555556,0.05555555555555555,6.394736842105263,0.7105263157894738,7.105263157894737,0.19607843137254902,0.5524104291731516,0.1908695077462436,0.5524104291731516,0.23529411764705882,"{""bet365"": {""0.5"": {""over"": -135, ""under"": 100}}, ""betmgm"": {""0.5"": {""over"": -125, ""under"": -105}}, ""draftkings"": {""0.5"": {""over"": 300, ""under"": -450}}, ""fanduel"": {""0.5"": {""over"": -140}}}",0.5,over,draftkings,300.0,0.25,True,0.3024,1.5,,,,,False,
664702,Myles Straw,TOR,TB,1,9.0,1,668984,Casey Legumina,R,822785,3:07 PM ET,Rogers Centre,1,1,0.1648148148148148,2026-07-23,822785,0,1,101.0,102.3,107.9,R,1,1,0,0,0,0,0,0,0,1,0,0,0,0,0,0,0,0.638,0.6843333333333333,0,0,0,0,1,0,0.15151515151515152,0.14705882352941177,0.9696969696969697,0.029411764705882353,0.125,0.12121212121212122,0.029411764705882353,0.029411764705882353,0.06060606060606061,0.6,0.06666666666666667,0.2727272727272727,0.12121212121212122,0.42424242424242425,0.3333333333333333,0.06060606060606061,0.24582222222222222,0.4250277777777777,0.07692307692307693,0.0,0.3114333333333334,0.6365333333333332,0.10526315789473684,0.10526315789473684,0.12195121951219512,0.2903225806451613,0.4838709677419355,0.058823529411764705,0.72,0.20512820512820512,0.4634146341463415,0.21951219512195122,0.3611111111111111,0.3055555555555556,0.05555555555555555,6.394736842105263,0.7105263157894738,7.105263157894737,0.19607843137254902,0.46420781917337467,0.1325054321928462,0.46420781917337467,0.15151515151515152,"{""bet365"": {""0.5"": {""over"": -130, ""under"": -105}}, ""betmgm"": {""0.5"": {""over"": -120, ""under"": -110}}, ""draftkings"": {""0.5"": {""over"": 270, ""under"": -380}}, ""fanduel"": {""0.5"": {""over"": -155}}}",0.5,over,draftkings,270.0,0.2702702702702703,True,0.1939,1.5,,,,,False,
665489,Vladimir Guerrero Jr.,TOR,TB,1,2.0,1,668984,Casey Legumina,R,822785,3:07 PM ET,Rogers Centre,1,1,0.1648148148148148,2026-07-23,822785,0,1,101.0,102.3,107.9,R,4,4,1,1,0,0,0,0,0,0,2,4,0,3,0,3,1,0.2935,0.474,1,0,1,1,0,0,0.19642857142857142,0.296875,0.6964285714285714,0.265625,0.24324324324324326,0.16071428571428573,0.03125,0.046875,0.08928571428571429,1.3333333333333333,1.1333333333333333,0.41025641025641024,0.38461538461538464,0.358974358974359,0.23076923076923078,0.0,0.32132555555555553,0.4820188888888889,0.15789473684210525,0.2,0.3226666666666666,0.5158666666666669,0.17857142857142858,0.3392857142857143,0.265625,0.23214285714285715,0.26785714285714285,0.15384615384615385,0.72,0.20512820512820512,0.4634146341463415,0.21951219512195122,0.3611111111111111,0.3055555555555556,0.05555555555555555,6.394736842105263,0.7105263157894738,7.105263157894737,0.19607843137254902,0.6248800859193654,0.2255020260774742,0.6248800859193654,0.19642857142857142,"{""draftkings"": {""1.5"": {""over"": 235, ""under"": -330}}}",0.5,,,,,False,,1.5,over,draftkings,235.0,0.29850746268656714,True,-0.073
682818,Yohendrick Piñango,TOR,TB,1,1.0,1,668984,Casey Legumina,R,822785,3:07 PM ET,Rogers Centre,0,1,0.1648148148148148,2026-07-23,822785,0,1,101.0,102.3,107.9,L,2,2,1,0,0,0,0,0,0,1,1,1,0,0,0,0,1,0.537,0.575,1,0,1,0,1,0,0.17777777777777778,0.24489795918367346,0.7111111111111111,0.2653061224489796,0.22580645161290322,0.1111111111111111,0.02040816326530612,0.04081632653061224,0.06666666666666667,0.8666666666666667,0.8666666666666667,0.5,0.15625,0.5,0.25,0.03125,0.31202380952380954,0.45585714285714285,0.23076923076923078,0.21428571428571427,0.3332666666666667,0.429,0.24444444444444444,0.4222222222222222,0.22448979591836735,0.07692307692307693,0.15384615384615385,0.35714285714285715,0.72,0.20512820512820512,0.4634146341463415,0.21951219512195122,0.3611111111111111,0.3055555555555556,0.05555555555555555,6.394736842105263,0.7105263157894738,7.105263157894737,0.19607843137254902,0.6880607939043507,0.2107923561356101,0.6880607939043507,0.17777777777777778,"{""bet365"": {""0.5"": {""over"": -150, ""under"": 110}}, ""betmgm"": {""0.5"": {""over"": -165, ""under"": 125}}, ""fanduel"": {""0.5"": {""over"": -180}}}",0.5,over,bet365,-150.0,0.6,True,0.0881,1.5,,,,,False,
810938,Ben Williamson,TB,TOR,0,7.0,1,669456,Shane Bieber,R,822785,3:07 PM ET,Rogers Centre,1,1,0.199288256227758,2026-07-23,822785,0,1,101.0,102.3,107.9,R,2,1,0,0,0,0,1,0,0,0,0,1,0,0,0,1,0,0.085,0.086,0,0,0,0,0,0,0.3,0.33962264150943394,0.8,0.18867924528301888,0.358974358974359,0.08,0.018867924528301886,0.018867924528301886,0.04,1.2666666666666666,0.6666666666666666,0.25,0.3,0.525,0.1,0.0,0.27778888888888886,0.34755,0.45,0.15,0.31403333333333333,0.3528833333333333,0.30357142857142855,0.44642857142857145,0.15517241379310345,0.16666666666666666,0.19047619047619047,0.18604651162790697,0.7410714285714286,0.22797927461139897,0.5265700483091788,0.2463768115942029,0.4397590361445783,0.2710843373493976,0.04216867469879518,9.1125,2.3625000000000003,7.7625,0.2062780269058296,0.6240079924001859,0.2665828867761246,0.6240079924001859,0.3,"{""bet365"": {""0.5"": {""over"": -230, ""under"": 170}}, ""draftkings"": {""0.5"": {""over"": 220, ""under"": -300}}, ""fanduel"": {""0.5"": {""over"": -200}}}",0.5,over,draftkings,220.0,0.3125,True,0.3115,1.5,,,,,False,
802415,Chandler Simpson,TB,TOR,0,6.0,1,669456,Shane Bieber,R,822785,3:07 PM ET,Rogers Centre,0,1,0.199288256227758,2026-07-23,822785,0,1,101.0,102.3,107.9,L,4,2,1,0,0,0,1,0,1,0,1,3,0,0,1,1,1,0.3885,0.4275,1,0,1,0,0,0,0.39655172413793105,0.4067796610169492,0.9482758620689655,0.05,0.41818181818181815,0.1206896551724138,0.0,0.05,0.08620689655172414,2.0,0.2,0.14545454545454545,0.2545454545454545,0.6363636363636364,0.10909090909090909,0.0,0.3056011111111111,0.34585666666666665,0.47368421052631576,0.09523809523809523,0.24268666666666666,0.2799533333333334,0.39655172413793105,0.5172413793103449,0.03225806451612903,0.09259259259259259,0.1111111111111111,0.13333333333333333,0.7410714285714286,0.22797927461139897,0.5265700483091788,0.2463768115942029,0.4397590361445783,0.2710843373493976,0.04216867469879518,9.1125,2.3625000000000003,7.7625,0.2062780269058296,0.6472792973474969,0.2194234303950162,0.6472792973474969,0.39655172413793105,"{""bet365"": {""0.5"": {""over"": -260, ""under"": 190}}, ""draftkings"": {""0.5"": {""over"": 155, ""under"": -210}}, ""fanduel"": {""0.5"": {""over"": -240}}}",0.5,over,draftkings,155.0,0.39215686274509803,True,0.2551,1.5,,,,,False,
676439,Hunter Feduccia,TB,TOR,0,9.0,1,669456,Shane Bieber,R,822785,3:07 PM ET,Rogers Centre,0,1,0.199288256227758,2026-07-23,822785,0,1,101.0,102.3,107.9,L,2,2,0,0,0,0,0,0,0,0,0,2,0,1,0,2,0,0.29500000000000004,0.3255,0,0,0,0,0,0,0.18604651162790697,0.2708333333333333,0.7209302325581395,0.25,0.23333333333333334,0.16279069767441862,0.020833333333333332,0.041666666666666664,0.09302325581395349,1.0,0.8,0.3548387096774194,0.16129032258064516,0.3548387096774194,0.41935483870967744,0.06451612903225806,0.29340476190476183,0.4972619047619048,0.25,0.2777777777777778,0.19976666666666668,0.4098333333333331,0.20930232558139536,0.3953488372093023,0.2708333333333333,0.06666666666666667,0.06666666666666667,0.5,0.7410714285714286,0.22797927461139897,0.5265700483091788,0.2463768115942029,0.4397590361445783,0.2710843373493976,0.04216867469879518,9.1125,2.3625000000000003,7.7625,0.2062780269058296,0.5150884205907554,0.09395250366495421,0.5150884205907554,0.18604651162790697,"{""bet365"": {""0.5"": {""over"": 100, ""under"": -135}}, ""draftkings"": {""1.5"": {""over"": 390, ""under"": -575}, ""0.5"": {""over"": -118, ""under"": -113}}, ""fanduel"": {""0.5"": {""over"": -135}}}",0.5,over,bet365,100.0,0.5,True,0.0151,1.5,over,draftkings,390.0,0.20408163265306123,True,-0.1101
666018,Jonathan Aranda,TB,TOR,0,2.0,1,669456,Shane Bieber,R,822785,3:07 PM ET,Rogers Centre,0,1,0.199288256227758,2026-07-23,822785,0,1,101.0,102.3,107.9,L,4,4,0,0,0,0,0,0,0,3,0,1,0,1,0,1,0,0.227,0.258,0,0,0,0,1,1,0.29310344827586204,0.34375,0.7068965517241379,0.265625,0.3902439024390244,0.1206896551724138,0.015625,0.0625,0.08620689655172414,1.6,1.1333333333333333,0.47619047619047616,0.2619047619047619,0.2619047619047619,0.4523809523809524,0.023809523809523808,0.30828333333333335,0.5513788888888889,0.21052631578947367,0.2857142857142857,0.15940000000000001,0.1891499999999999,0.3,0.4166666666666667,0.23076923076923078,0.2833333333333333,0.35,0.2318840579710145,0.7410714285714286,0.22797927461139897,0.5265700483091788,0.2463768115942029,0.4397590361445783,0.2710843373493976,0.04216867469879518,9.1125,2.3625000000000003,7.7625,0.2062780269058296,0.5926242872219925,0.21982616919056955,0.5926242872219925,0.29310344827586204,"{""bet365"": {""1.5"": {""over"": 195, ""under"": -270}}, ""draftkings"": {""0.5"": {""over"": 310, ""under"": -450}}, ""fanduel"": {""0.5"": {""over"": -250}}}",0.5,over,draftkings,310.0,0.24390243902439024,True,0.3487,1.5,over,bet365,195.0,0.3389830508474576,True,-0.1192
676356,Jonny DeLuca,TB,TOR,0,5.0,1,669456,Shane Bieber,R,822785,3:07 PM ET,Rogers Centre,1,1,0.199288256227758,2026-07-23,822785,0,1,101.0,102.3,107.9,R,6,6,2,0,0,0,0,0,0,1,2,5,0,2,1,3,1,0.404,0.457,1,1,1,1,1,0,0.21568627450980393,0.2727272727272727,0.803921568627451,0.17543859649122806,0.23076923076923078,0.1568627450980392,0.03508771929824561,0.03508771929824561,0.0784313725490196,1.2666666666666666,0.6666666666666666,0.23809523809523808,0.2619047619047619,0.3333333333333333,0.21428571428571427,0.0,0.3168692307692308,0.39624999999999994,0.21052631578947367,0.3157894736842105,0.30433333333333346,0.41158333333333336,0.21153846153846154,0.40384615384615385,0.22807017543859648,0.2608695652173913,0.43478260869565216,0.1836734693877551,0.7410714285714286,0.22797927461139897,0.5265700483091788,0.2463768115942029,0.4397590361445783,0.2710843373493976,0.04216867469879518,9.1125,2.3625000000000003,7.7625,0.2062780269058296,0.6359954769267603,0.2176704120885924,0.6359954769267603,0.21568627450980393,"{""bet365"": {""0.5"": {""over"": -220, ""under"": 160}}, ""draftkings"": {""1.5"": {""over"": 175, ""under"": -240}, ""0.5"": {""over"": -177, ""under"": 132}}, ""fanduel"": {""0.5"": {""over"": -210}}}",0.5,over,draftkings,-177.0,0.6389891696750902,True,-0.003,1.5,over,draftkings,175.0,0.36363636363636365,True,-0.146
691406,Junior Caminero,TB,TOR,0,3.0,1,669456,Shane Bieber,R,822785,3:07 PM ET,Rogers Centre,1,1,0.199288256227758,2026-07-23,822785,0,1,101.0,102.3,107.9,R,4,4,2,0,0,0,0,0,0,0,2,4,0,3,1,3,0,0.313,0.3375,1,1,1,1,0,0,0.2857142857142857,0.40298507462686567,0.75,0.208955223880597,0.3157894736842105,0.2857142857142857,0.05970149253731343,0.05970149253731343,0.14285714285714285,2.1333333333333333,0.9333333333333333,0.4523809523809524,0.2619047619047619,0.5,0.16666666666666666,0.07142857142857142,0.4118392857142857,0.7191726190476191,0.4,0.08333333333333333,0.4512666666666667,0.5891666666666668,0.24561403508771928,0.5789473684210527,0.25,0.35185185185185186,0.5925925925925926,0.1791044776119403,0.7410714285714286,0.22797927461139897,0.5265700483091788,0.2463768115942029,0.4397590361445783,0.2710843373493976,0.04216867469879518,9.1125,2.3625000000000003,7.7625,0.2062780269058296,0.6518239112159564,0.22941661928921384,0.6518239112159564,0.2857142857142857,"{""bet365"": {""1.5"": {""over"": 180, ""under"": -240}}, ""draftkings"": {""0.5"": {""over"": 250, ""under"": -350}, ""1.5"": {""over"": 161, ""under"": -217}}, ""fanduel"": {""0.5"": {""over"": 240}}}",0.5,over,draftkings,250.0,0.2857142857142857,True,0.3661,1.5,over,bet365,180.0,0.35714285714285715,True,-0.1277
680700,Richie Palacios,TB,TOR,0,8.0,1,669456,Shane Bieber,R,822785,3:07 PM ET,Rogers Centre,0,1,0.199288256227758,2026-07-23,822785,0,1,101.0,102.3,107.9,L,2,2,0,0,0,0,0,0,0,0,0,2,0,1,1,0,1,0.20550000000000002,0.2245,0,0,0,0,0,0,0.23809523809523808,0.3333333333333333,0.8333333333333334,0.14583333333333334,0.24242424242424243,0.19047619047619047,0.041666666666666664,0.041666666666666664,0.09523809523809523,1.2,0.4666666666666667,0.2,0.2571428571428571,0.42857142857142855,0.2857142857142857,0.0,0.29057777777777777,0.38498333333333334,0.125,0.25,0.1269,0.15005,0.23404255319148937,0.3829787234042553,0.11538461538461539,0.3142857142857143,0.6,0.125,0.7410714285714286,0.22797927461139897,0.5265700483091788,0.2463768115942029,0.4397590361445783,0.2710843373493976,0.04216867469879518,9.1125,2.3625000000000003,7.7625,0.2062780269058296,0.5620475887897137,0.17577828808596094,0.5620475887897137,0.23809523809523808,"{""bet365"": {""0.5"": {""over"": -120, ""under"": -110}}, ""draftkings"": {""0.5"": {""over"": 320, ""under"": -475}}, ""fanduel"": {""0.5"": {""over"": -145}}}",0.5,over,draftkings,320.0,0.23809523809523808,True,0.324,1.5,,,,,False,
683748,Victor Mesa Jr.,TB,TOR,0,4.0,1,669456,Shane Bieber,R,822785,3:07 PM ET,Rogers Centre,0,1,0.199288256227758,2026-07-23,822785,0,1,101.0,102.3,107.9,L,4,3,2,0,0,0,1,0,0,1,2,2,0,1,0,1,1,0.651,0.6905,1,1,1,1,1,0,0.2549019607843137,0.30357142857142855,0.7647058823529411,0.21428571428571427,0.22857142857142856,0.3333333333333333,0.08928571428571429,0.03571428571428571,0.13725490196078433,2.0,0.8,0.375,0.25,0.225,0.3,0.025,0.26406111111111114,0.5140166666666667,0.3157894736842105,0.2,0.36535,0.8979666666666667,0.26,0.6,0.23214285714285715,0.25,0.25,0.1,0.7410714285714286,0.22797927461139897,0.5265700483091788,0.2463768115942029,0.4397590361445783,0.2710843373493976,0.04216867469879518,9.1125,2.3625000000000003,7.7625,0.2062780269058296,0.5771799748835419,0.19126031156666723,0.5771799748835419,0.2549019607843137,"{""draftkings"": {""0.5"": {""over"": 135, ""under"": -185}}}",0.5,over,draftkings,135.0,0.425531914893617,True,0.1516,1.5,,,,,False,
650490,Yandy Díaz,TB,TOR,0,1.0,1,669456,Shane Bieber,R,822785,3:07 PM ET,Rogers Centre,1,1,0.199288256227758,2026-07-23,822785,0,1,101.0,102.3,107.9,R,5,5,0,0,0,0,0,0,0,2,0,3,0,1,0,1,1,0.29600000000000004,0.628,0,0,0,0,1,1,0.24615384615384617,0.26865671641791045,0.8307692307692308,0.16417910447761194,0.2692307692307692,0.12307692307692308,0.029850746268656716,0.029850746268656716,0.06153846153846154,1.6,0.7333333333333333,0.46296296296296297,0.2222222222222222,0.5185185185185185,0.16666666666666666,0.018518518518518517,0.2971933333333333,0.45492333333333335,0.21739130434782608,0.12,0.31206666666666666,0.4546399999999998,0.25,0.375,0.16417910447761194,0.31746031746031744,0.4603174603174603,0.09859154929577464,0.7410714285714286,0.22797927461139897,0.5265700483091788,0.2463768115942029,0.4397590361445783,0.2710843373493976,0.04216867469879518,9.1125,2.3625000000000003,7.7625,0.2062780269058296,0.6846460207963677,0.27707086738892595,0.6846460207963677,0.24615384615384617,"{""bet365"": {""1.5"": {""over"": 155, ""under"": -210}}, ""draftkings"": {""1.5"": {""over"": 265, ""under"": -380}}, ""fanduel"": {""0.5"": {""over"": -310}}}",0.5,over,fanduel,-310.0,0.7560975609756098,True,-0.0715,1.5,over,draftkings,265.0,0.273972602739726,True,0.0031
676475,Alec Burleson,STL,AZ,1,3.0,1,694297,Brandon Pfaadt,R,823042,5:15 PM ET,Busch Stadium,0,1,0.2303370786516854,2026-07-23,823042,0,0,102.1,95.0,81.5,L,4,3,0,0,0,0,1,0,0,1,0,2,0,2,0,1,1,0.4315,0.5605,0,0,0,0,1,0,0.3148148148148148,0.3508771929824561,0.8148148148148148,0.17543859649122806,0.37209302325581395,0.1111111111111111,0.017543859649122806,0.05263157894736842,0.07407407407407407,1.5333333333333334,0.6666666666666666,0.4772727272727273,0.25,0.5,0.22727272727272727,0.022727272727272728,0.38204999999999995,0.6145261904761904,0.42857142857142855,0.13636363636363635,0.41550666666666664,0.6174233333333332,0.17647058823529413,0.2549019607843137,0.2037037037037037,0.2833333333333333,0.45,0.09230769230769231,0.7521367521367521,0.2524271844660194,0.42452830188679247,0.1509433962264151,0.4772727272727273,0.18181818181818182,0.03409090909090909,9.671641791044776,1.611940298507463,8.059701492537314,0.20202020202020202,0.6306056837277638,0.2592843566054472,0.6306056837277638,0.3148148148148148,"{""novig"": {""1.5"": {""over"": 199, ""under"": -228}}, ""bet365"": {""0.5"": {""over"": -275, ""under"": 200}}, ""betmgm"": {""1.5"": {""over"": 180, ""under"": -250}}, ""draftkings"": {""1.5"": {""over"": 165, ""under"": -222}}, ""fanduel"": {""0.5"": {""over"": -290}}}",0.5,over,bet365,-275.0,0.7333333333333333,True,-0.1027,1.5,over,novig,199.0,0.33444816053511706,True,-0.0752
691458,Blaze Jordan,STL,AZ,1,8.0,1,694297,Brandon Pfaadt,R,823042,5:15 PM ET,Busch Stadium,1,1,0.2303370786516854,2026-07-23,823042,0,0,102.1,95.0,81.5,R,3,3,1,0,0,0,0,0,0,1,1,2,0,0,0,0,1,0.493,0.5555,1,0,1,0,1,0,0.24489795918367346,0.25,0.7959183673469388,0.19230769230769232,0.2926829268292683,0.08163265306122448,0.0,0.038461538461538464,0.061224489795918366,1.0666666666666667,0.6666666666666666,0.4634146341463415,0.3902439024390244,0.3902439024390244,0.1951219512195122,0.0,0.37678666666666666,0.5759933333333334,0.3333333333333333,0.3333333333333333,0.5466266666666666,0.8908799999999999,0.24489795918367346,0.32653061224489793,0.18181818181818182,0.2777777777777778,0.6111111111111112,0.0,0.7521367521367521,0.2524271844660194,0.42452830188679247,0.1509433962264151,0.4772727272727273,0.18181818181818182,0.03409090909090909,9.671641791044776,1.611940298507463,8.059701492537314,0.20202020202020202,0.5800458585498587,0.2122779244592626,0.5800458585498587,0.24489795918367346,"{""novig"": {""0.5"": {""over"": -156, ""under"": 125}}, ""bet365"": {""0.5"": {""over"": -165, ""under"": 125}}, ""betmgm"": {""0.5"": {""over"": -165, ""under"": 125}}, ""draftkings"": {""0.5"": {""over"": -159, ""under"": 119}}, ""fanduel"": {""0.5"": {""over"": -165}}}",0.5,over,novig,-156.0,0.609375,True,-0.0293,1.5,,,,,False,
802139,JJ Wetherholt,STL,AZ,1,1.0,1,694297,Brandon Pfaadt,R,823042,5:15 PM ET,Busch Stadium,0,1,0.2303370786516854,2026-07-23,823042,0,0,102.1,95.0,81.5,L,4,4,1,0,0,1,0,0,0,0,4,4,0,3,3,1,0,0.32625000000000004,0.98025,1,0,1,1,0,0,0.23728813559322035,0.3283582089552239,0.7966101694915254,0.1791044776119403,0.26666666666666666,0.13559322033898305,0.029850746268656716,0.029850746268656716,0.06779661016949153,1.4666666666666666,0.8,0.48936170212765956,0.2553191489361702,0.46808510638297873,0.2765957446808511,0.06382978723404255,0.2913422222222222,0.49110111111111104,0.22727272727272727,0.20833333333333334,0.26765999999999995,0.45338666666666666,0.288135593220339,0.3559322033898305,0.171875,0.26229508196721313,0.4098360655737705,0.16666666666666666,0.7521367521367521,0.2524271844660194,0.42452830188679247,0.1509433962264151,0.4772727272727273,0.18181818181818182,0.03409090909090909,9.671641791044776,1.611940298507463,8.059701492537314,0.20202020202020202,0.6737153169075855,0.23311845181946453,0.6737153169075855,0.23728813559322035,"{""novig"": {""1.5"": {""over"": 212}}, ""bet365"": {""0.5"": {""over"": -250, ""under"": 185}}, ""betmgm"": {""0.5"": {""over"": -275, ""under"": 190}}, ""draftkings"": {""0.5"": {""over"": -225, ""under"": 167}}, ""fanduel"": {""0.5"": {""over"": -240}}}",0.5,over,draftkings,-225.0,0.6923076923076923,True,-0.0186,1.5,over,novig,212.0,0.32051282051282054,True,-0.0874
699625,Jimmy Crooks,STL,AZ,1,9.0,1,694297,Brandon Pfaadt,R,823042,5:15 PM ET,Busch Stadium,0,1,0.2303370786516854,2026-07-23,823042,0,0,102.1,95.0,81.5,L,3,3,0,0,0,0,0,0,0,1,0,2,0,0,1,0,0,0.006,0.008,0,0,0,0,1,0,0.1875,0.2972972972972973,0.5,0.43243243243243246,0.2857142857142857,0.1875,0.05405405405405406,0.0,0.0625,0.8,1.0666666666666667,0.6875,0.3125,0.25,0.4375,0.0625,0.49127272727272725,1.091909090909091,0.2727272727272727,0.38461538461538464,0.5624166666666667,1.8951666666666669,0.15151515151515152,0.24242424242424243,0.39473684210526316,,,,0.7521367521367521,0.2524271844660194,0.42452830188679247,0.1509433962264151,0.4772727272727273,0.18181818181818182,0.03409090909090909,9.671641791044776,1.611940298507463,8.059701492537314,0.20202020202020202,0.3341217509026346,0.09167182531105651,0.3341217509026346,0.1875,"{""novig"": {""0.5"": {""over"": -125, ""under"": -100}}, ""bet365"": {""0.5"": {""over"": -130, ""under"": -105}}, ""betmgm"": {""0.5"": {""over"": -125, ""under"": -105}}, ""draftkings"": {""0.5"": {""over"": -131, ""under"": -101}}, ""fanduel"": {""0.5"": {""over"": -140}}}",0.5,over,betmgm,-125.0,0.5555555555555556,True,-0.2214,1.5,,,,,False,
691023,Jordan Walker,STL,AZ,1,2.0,1,694297,Brandon Pfaadt,R,823042,5:15 PM ET,Busch Stadium,1,1,0.2303370786516854,2026-07-23,823042,0,0,102.1,95.0,81.5,R,4,4,0,0,0,0,0,0,0,2,0,2,0,1,0,2,0,0.26649999999999996,0.28,0,0,0,0,1,1,0.3018867924528302,0.3870967741935484,0.7924528301886793,0.1774193548387097,0.325,0.24528301886792453,0.04838709677419355,0.06451612903225806,0.1320754716981132,1.9333333333333333,0.7333333333333333,0.46511627906976744,0.2558139534883721,0.4883720930232558,0.18604651162790697,0.046511627906976744,0.3751222222222222,0.7264666666666667,0.25,0.21739130434782608,0.2980666666666666,0.4375666666666668,0.3269230769230769,0.6153846153846154,0.2,0.3448275862068966,0.5862068965517241,0.18461538461538463,0.7521367521367521,0.2524271844660194,0.42452830188679247,0.1509433962264151,0.4772727272727273,0.18181818181818182,0.03409090909090909,9.671641791044776,1.611940298507463,8.059701492537314,0.20202020202020202,0.6787263348319833,0.2621680880668842,0.6787263348319833,0.3018867924528302,"{""novig"": {""1.5"": {""over"": 245, ""under"": -264}}, ""bet365"": {""0.5"": {""over"": -270, ""under"": 195}}, ""betmgm"": {""1.5"": {""over"": 180, ""under"": -250}}, ""draftkings"": {""1.5"": {""over"": 204, ""under"": -278}}, ""fanduel"": {""0.5"": {""over"": -250}}}",0.5,over,fanduel,-250.0,0.7142857142857143,True,-0.0356,1.5,over,novig,245.0,0.2898550724637681,True,-0.0277
665877,José Fermín,STL,AZ,1,6.0,1,694297,Brandon Pfaadt,R,823042,5:15 PM ET,Busch Stadium,1,1,0.2303370786516854,2026-07-23,823042,0,0,102.1,95.0,81.5,R,3,3,0,0,0,0,0,0,0,1,0,2,0,2,1,1,0,0.2015,0.20750000000000002,0,0,0,0,1,0,0.2765957446808511,0.3584905660377358,0.8297872340425532,0.14814814814814814,0.3157894736842105,0.1276595744680851,0.018518518518518517,0.05555555555555555,0.0851063829787234,1.2666666666666666,0.5333333333333333,0.275,0.3,0.4,0.25,0.0,0.26245,0.3599611111111111,0.3333333333333333,0.05263157894736842,0.3142999999999999,0.4010666666666666,0.22448979591836735,0.3469387755102041,0.16981132075471697,0.37209302325581395,0.4883720930232558,0.0625,0.7521367521367521,0.2524271844660194,0.42452830188679247,0.1509433962264151,0.4772727272727273,0.18181818181818182,0.03409090909090909,9.671641791044776,1.611940298507463,8.059701492537314,0.20202020202020202,0.5966761898199537,0.22143884651387272,0.5966761898199537,0.2765957446808511,"{""novig"": {""0.5"": {""over"": -199, ""under"": 153}}, ""bet365"": {""0.5"": {""over"": -170, ""under"": 130}}, ""betmgm"": {""0.5"": {""over"": -200, ""under"": 150}}, ""draftkings"": {""0.5"": {""over"": -188, ""under"": 141}}, ""fanduel"": {""0.5"": {""over"": -190}}}",0.5,over,bet365,-170.0,0.6296296296296297,True,-0.033,1.5,,,,,False,
663457,Lars Nootbaar,STL,AZ,1,4.0,1,694297,Brandon Pfaadt,R,823042,5:15 PM ET,Busch Stadium,0,1,0.2303370786516854,2026-07-23,823042,0,0,102.1,95.0,81.5,L,4,4,0,0,0,0,0,0,0,2,0,2,0,1,1,0,1,0.436,0.612,0,0,0,0,1,1,0.17777777777777778,0.3018867924528302,0.7333333333333333,0.22641509433962265,0.21875,0.1111111111111111,0.018867924528301886,0.03773584905660377,0.06666666666666667,0.8666666666666667,0.8,0.42424242424242425,0.21212121212121213,0.5151515151515151,0.24242424242424243,0.06060606060606061,0.2744555555555556,0.5518388888888889,0.2,0.23809523809523808,0.24516666666666662,0.4164333333333333,0.2608695652173913,0.3695652173913043,0.20754716981132076,0.1320754716981132,0.22641509433962265,0.2459016393442623,0.7521367521367521,0.2524271844660194,0.42452830188679247,0.1509433962264151,0.4772727272727273,0.18181818181818182,0.03409090909090909,9.671641791044776,1.611940298507463,8.059701492537314,0.20202020202020202,0.6355916293718572,0.20386926235690028,0.6355916293718572,0.17777777777777778,"{""novig"": {""0.5"": {""over"": -178, ""under"": 141}}, ""bet365"": {""0.5"": {""over"": -175, ""under"": 132}}, ""betmgm"": {""0.5"": {""over"": -200, ""under"": 150}}, ""draftkings"": {""0.5"": {""over"": -182, ""under"": 136}}, ""fanduel"": {""0.5"": {""over"": -200}}}",0.5,over,bet365,-175.0,0.6363636363636364,True,-0.0008,1.5,,,,,False,
691026,Masyn Winn,STL,AZ,1,5.0,1,694297,Brandon Pfaadt,R,823042,5:15 PM ET,Busch Stadium,1,1,0.2303370786516854,2026-07-23,823042,0,0,102.1,95.0,81.5,R,3,2,1,0,0,0,1,0,0,1,1,1,0,0,0,0,1,0.917,0.977,1,0,1,0,1,0,0.17647058823529413,0.25862068965517243,0.7450980392156863,0.22413793103448276,0.21052631578947367,0.0784313725490196,0.017241379310344827,0.017241379310344827,0.0392156862745098,0.8666666666666667,0.8666666666666667,0.48717948717948717,0.23076923076923078,0.38461538461538464,0.28205128205128205,0.02564102564102564,0.26677222222222224,0.40075000000000005,0.13333333333333333,0.15,0.18895,0.23904999999999998,0.25,0.3333333333333333,0.17857142857142858,0.2807017543859649,0.3333333333333333,0.15151515151515152,0.7521367521367521,0.2524271844660194,0.42452830188679247,0.1509433962264151,0.4772727272727273,0.18181818181818182,0.03409090909090909,9.671641791044776,1.611940298507463,8.059701492537314,0.20202020202020202,0.6591220719641676,0.21552993043038393,0.6591220719641676,0.17647058823529413,"{""novig"": {""0.5"": {""over"": -199, ""under"": 163}}, ""bet365"": {""0.5"": {""over"": -190, ""under"": 140}}, ""betmgm"": {""0.5"": {""over"": -210, ""under"": 155}}, ""draftkings"": {""0.5"": {""over"": -204, ""under"": 152}}, ""fanduel"": {""0.5"": {""over"": -210}}}",0.5,over,bet365,-190.0,0.6551724137931034,True,0.0039,1.5,,,,,False,
701675,Nathan Church,STL,AZ,1,7.0,1,694297,Brandon Pfaadt,R,823042,5:15 PM ET,Busch Stadium,0,1,0.2303370786516854,2026-07-23,823042,0,0,102.1,95.0,81.5,L,1,1,0,0,0,0,0,0,0,0,0,1,0,0,0,1,0,0.056,0.065,0,0,0,0,0,0,0.125,0.16,0.7916666666666666,0.2,0.13513513513513514,0.0625,0.02,0.0,0.020833333333333332,0.6,0.6666666666666666,0.3157894736842105,0.18421052631578946,0.47368421052631576,0.18421052631578946,0.0,0.2424277777777778,0.32758333333333334,0.125,0.125,0.3032666666666667,0.41355000000000003,0.14,0.32,0.16,0.3225806451612903,0.3870967741935484,0.1111111111111111,0.7521367521367521,0.2524271844660194,0.42452830188679247,0.1509433962264151,0.4772727272727273,0.18181818181818182,0.03409090909090909,9.671641791044776,1.611940298507463,8.059701492537314,0.20202020202020202,0.567681430170311,0.14163864792065003,0.567681430170311,0.125,"{""novig"": {""0.5"": {""over"": -174, ""under"": 135}}, ""bet365"": {""0.5"": {""over"": -160, ""under"": 120}}, ""betmgm"": {""0.5"": {""over"": -190, ""under"": 140}}, ""draftkings"": {""0.5"": {""over"": -172, ""under"": 129}}, ""fanduel"": {""0.5"": {""over"": -185}}}",0.5,over,bet365,-160.0,0.6153846153846154,True,-0.0477,1.5,,,,,False,
680728,Adrian Del Castillo,AZ,STL,0,5.0,1,700241,Michael McGreevy,R,823042,5:15 PM ET,Busch Stadium,0,1,0.20905923344947736,2026-07-23,823042,0,0,102.1,95.0,81.5,L,4,3,2,1,0,0,1,0,0,0,3,3,0,1,0,0,2,0.355,0.5436666666666666,1,1,1,1,0,0,0.17073170731707318,0.22727272727272727,0.7317073170731707,0.25,0.20689655172413793,0.07317073170731707,0.022727272727272728,0.0,0.024390243902439025,0.6666666666666666,0.7333333333333333,0.4,0.3,0.36666666666666664,0.26666666666666666,0.0,0.34228846153846154,0.5711474358974359,0.16666666666666666,0.2222222222222222,0.2659833333333333,0.5542833333333335,0.19047619047619047,0.3333333333333333,0.2391304347826087,0.2727272727272727,0.45454545454545453,0.36363636363636365,0.8025751072961373,0.24528301886792453,0.4409090909090909,0.16818181818181818,0.46524064171123,0.25668449197860965,0.026737967914438502,9.0,1.2857142857142856,5.7857142857142865,0.1565217391304348,0.6225546337712089,0.20637652506118684,0.6225546337712089,0.17073170731707318,"{""novig"": {""0.5"": {""over"": -144, ""under"": 122}}, ""bet365"": {""0.5"": {""over"": -155, ""under"": 115}}, ""betmgm"": {""0.5"": {""over"": -200, ""under"": 145}}, ""draftkings"": {""0.5"": {""over"": -153, ""under"": 115}}, ""fanduel"": {""0.5"": {""over"": -165}}}",0.5,over,novig,-144.0,0.5901639344262295,True,0.0324,1.5,,,,,False,
682998,Corbin Carroll,AZ,STL,0,1.0,1,700241,Michael McGreevy,R,823042,5:15 PM ET,Busch Stadium,0,1,0.20905923344947736,2026-07-23,823042,0,0,102.1,95.0,81.5,L,4,4,2,0,1,1,0,0,0,0,7,4,1,4,2,2,0,0.41100000000000003,0.93225,1,1,1,1,0,0,0.125,0.24615384615384617,0.6428571428571429,0.3076923076923077,0.17142857142857143,0.10714285714285714,0.015384615384615385,0.046153846153846156,0.07142857142857142,0.8666666666666667,1.3333333333333333,0.4166666666666667,0.08333333333333333,0.5277777777777778,0.3611111111111111,0.0,0.25612222222222225,0.41708888888888895,0.15,0.3333333333333333,0.2916666666666667,0.6271666666666669,0.09433962264150944,0.20754716981132076,0.3125,0.3,0.5,0.16666666666666666,0.8025751072961373,0.24528301886792453,0.4409090909090909,0.16818181818181818,0.46524064171123,0.25668449197860965,0.026737967914438502,9.0,1.2857142857142856,5.7857142857142865,0.1565217391304348,0.6066870303125783,0.1822026862409897,0.6066870303125783,0.125,"{""novig"": {""0.5"": {""over"": -292, ""under"": 190}}, ""bet365"": {""0.5"": {""over"": -245, ""under"": 182}}, ""betmgm"": {""0.5"": {""over"": -275, ""under"": 195}}, ""draftkings"": {""1.5"": {""over"": 198, ""under"": -269}}, ""fanduel"": {""0.5"": {""over"": -260}}}",0.5,over,bet365,-245.0,0.7101449275362319,True,-0.1035,1.5,over,draftkings,198.0,0.33557046979865773,True,-0.1534
672515,Gabriel Moreno,AZ,STL,0,3.0,1,700241,Michael McGreevy,R,823042,5:15 PM ET,Busch Stadium,1,1,0.20905923344947736,2026-07-23,823042,0,0,102.1,95.0,81.5,R,5,4,1,0,0,1,1,0,0,1,4,3,0,3,2,1,0,0.5676666666666667,1.598,1,0,1,1,1,0,0.375,0.46153846153846156,0.8571428571428571,0.12307692307692308,0.4375,0.05357142857142857,0.0,0.046153846153846156,0.05357142857142857,1.6,0.5333333333333333,0.25,0.375,0.375,0.16666666666666666,0.0,0.39060999999999996,0.5092711111111111,0.3333333333333333,0.09090909090909091,0.45795,0.6861166666666667,0.4,0.45454545454545453,0.12307692307692308,0.25,0.40384615384615385,0.14516129032258066,0.8025751072961373,0.24528301886792453,0.4409090909090909,0.16818181818181818,0.46524064171123,0.25668449197860965,0.026737967914438502,9.0,1.2857142857142856,5.7857142857142865,0.1565217391304348,0.7153001895394704,0.2825673140414176,0.7153001895394704,0.375,"{""novig"": {""0.5"": {""over"": -251, ""under"": 190}}, ""bet365"": {""1.5"": {""over"": 200, ""under"": -275}}, ""betmgm"": {""1.5"": {""over"": 180, ""under"": -250}}, ""draftkings"": {""1.5"": {""over"": 194, ""under"": -264}}, ""fanduel"": {""0.5"": {""over"": -260}}}",0.5,over,novig,-251.0,0.7150997150997151,True,0.0002,1.5,over,bet365,200.0,0.3333333333333333,True,-0.0508
672695,Geraldo Perdomo,AZ,STL,0,2.0,1,700241,Michael McGreevy,R,823042,5:15 PM ET,Busch Stadium,1,1,0.20905923344947736,2026-07-23,823042,0,0,102.1,95.0,81.5,R,4,3,0,0,0,0,1,0,0,1,0,2,0,0,1,1,0,0.0965,0.245,0,0,0,0,1,0,0.23255813953488372,0.36538461538461536,0.9302325581395349,0.057692307692307696,0.21052631578947367,0.16279069767441862,0.038461538461538464,0.019230769230769232,0.06976744186046512,1.1333333333333333,0.2,0.225,0.175,0.35,0.425,0.0,0.23661111111111113,0.32414444444444446,0.26666666666666666,0.0625,0.2469166666666668,0.33091666666666686,0.22641509433962265,0.37735849056603776,0.07575757575757576,0.22950819672131148,0.3114754098360656,0.15151515151515152,0.8025751072961373,0.24528301886792453,0.4409090909090909,0.16818181818181818,0.46524064171123,0.25668449197860965,0.026737967914438502,9.0,1.2857142857142856,5.7857142857142865,0.1565217391304348,0.635106592581922,0.25807997446274267,0.635106592581922,0.23255813953488372,"{""novig"": {""0.5"": {""over"": -182, ""under"": 170}}, ""bet365"": {""0.5"": {""over"": -220, ""under"": 160}}, ""betmgm"": {""0.5"": {""over"": -250, ""under"": 180}}, ""draftkings"": {""0.5"": {""over"": -223, ""under"": 165}}, ""fanduel"": {""0.5"": {""over"": -240}}}",0.5,over,novig,-182.0,0.6453900709219859,True,-0.0103,1.5,,,,,False,
545121,Ildemaro Vargas,AZ,STL,0,7.0,1,700241,Michael McGreevy,R,823042,5:15 PM ET,Busch Stadium,0,1,0.20905923344947736,2026-07-23,823042,0,0,102.1,95.0,81.5,L,2,1,1,0,0,0,1,0,0,0,1,1,0,0,0,0,1,0.466,0.516,1,0,1,0,0,0,0.2222222222222222,0.28205128205128205,0.8888888888888888,0.10256410256410256,0.25,0.1111111111111111,0.0,0.05128205128205128,0.08333333333333333,0.8,0.26666666666666666,0.53125,0.3125,0.5625,0.09375,0.0,0.34067222222222227,0.4343277777777778,0.3125,0.058823529411764705,0.32115000000000016,0.49595,0.19230769230769232,0.28846153846153844,0.12280701754385964,0.22727272727272727,0.3181818181818182,0.04081632653061224,0.8025751072961373,0.24528301886792453,0.4409090909090909,0.16818181818181818,0.46524064171123,0.25668449197860965,0.026737967914438502,9.0,1.2857142857142856,5.7857142857142865,0.1565217391304348,0.6787263348319833,0.23759322759968152,0.6787263348319833,0.2222222222222222,"{""novig"": {""0.5"": {""over"": -170, ""under"": 156}}, ""bet365"": {""0.5"": {""over"": -180, ""under"": 135}}, ""betmgm"": {""0.5"": {""over"": -190, ""under"": 140}}, ""draftkings"": {""0.5"": {""over"": -204, ""under"": 152}}, ""fanduel"": {""0.5"": {""over"": -195}}}",0.5,over,novig,-170.0,0.6296296296296297,True,0.0491,1.5,,,,,False,
596146,Max Kepler,AZ,STL,0,4.0,1,700241,Michael McGreevy,R,823042,5:15 PM ET,Busch Stadium,0,1,0.20905923344947736,2026-07-23,823042,0,0,102.1,95.0,81.5,L,1,1,0,0,0,0,0,0,0,0,0,1,0,0,0,0,0,0.006,0.007,0,0,0,0,0,0,0.25,0.2962962962962963,0.7291666666666666,0.24074074074074073,0.2857142857142857,0.1875,0.037037037037037035,0.05555555555555555,0.10416666666666667,1.4,0.8666666666666667,0.5135135135135135,0.2972972972972973,0.24324324324324326,0.32432432432432434,0.08108108108108109,0.31688076923076924,0.6631858974358974,0.3333333333333333,0.17391304347826086,0.2600733333333333,0.4844666666666666,0.25,0.4375,0.24074074074074073,0.18604651162790697,0.23255813953488372,0.24489795918367346,0.8025751072961373,0.24528301886792453,0.4409090909090909,0.16818181818181818,0.46524064171123,0.25668449197860965,0.026737967914438502,9.0,1.2857142857142856,5.7857142857142865,0.1565217391304348,0.6406154343177525,0.2596756582481494,0.6406154343177525,0.25,"{""novig"": {""0.5"": {""over"": -194, ""under"": 153}}, ""bet365"": {""0.5"": {""over"": -180, ""under"": 135}}, ""betmgm"": {""0.5"": {""over"": -210, ""under"": 155}}, ""draftkings"": {""0.5"": {""over"": -203, ""under"": 151}}, ""fanduel"": {""0.5"": {""over"": -200}}}",0.5,over,bet365,-180.0,0.6428571428571429,True,-0.0022,1.5,,,,,False,
814439,Ryan Waldschmidt,AZ,STL,0,9.0,1,700241,Michael McGreevy,R,823042,5:15 PM ET,Busch Stadium,1,1,0.20905923344947736,2026-07-23,823042,0,0,102.1,95.0,81.5,R,5,4,2,0,0,1,0,0,1,1,5,4,1,2,3,0,1,0.6056666666666667,1.4893333333333334,1,1,1,1,1,0,0.20754716981132076,0.24561403508771928,0.5660377358490566,0.40350877192982454,0.3548387096774194,0.09433962264150944,0.0,0.08771929824561403,0.09433962264150944,1.0666666666666667,1.5333333333333334,0.25806451612903225,0.3548387096774194,0.3225806451612903,0.2903225806451613,0.03225806451612903,0.36497619047619045,0.5580833333333333,0.2,0.5294117647058824,0.4705,0.6316666666666666,0.1568627450980392,0.23529411764705882,0.375,0.55,0.8,0.23809523809523808,0.8025751072961373,0.24528301886792453,0.4409090909090909,0.16818181818181818,0.46524064171123,0.25668449197860965,0.026737967914438502,9.0,1.2857142857142856,5.7857142857142865,0.1565217391304348,0.4016285421927015,0.13154965329557297,0.4016285421927015,0.20754716981132076,"{""novig"": {""0.5"": {""over"": -120, ""under"": -100}}, ""bet365"": {""0.5"": {""over"": -155, ""under"": 115}}, ""betmgm"": {""0.5"": {""over"": -135, ""under"": 100}}, ""draftkings"": {""0.5"": {""over"": -132, ""under"": -101}}, ""fanduel"": {""0.5"": {""over"": -150}}}",0.5,over,novig,-120.0,0.5454545454545454,True,-0.1438,1.5,,,,,False,
694374,Tim Tawa,AZ,STL,0,6.0,1,700241,Michael McGreevy,R,823042,5:15 PM ET,Busch Stadium,1,1,0.20905923344947736,2026-07-23,823042,0,0,102.1,95.0,81.5,R,5,5,2,1,0,0,0,0,0,2,3,3,0,2,2,0,1,0.681,1.2643333333333333,1,1,1,1,1,1,0.25,0.29411764705882354,0.7291666666666666,0.24074074074074073,0.28125,0.2708333333333333,0.05555555555555555,0.07407407407407407,0.14583333333333334,1.6666666666666667,0.8666666666666667,0.39473684210526316,0.15789473684210525,0.5526315789473685,0.2894736842105263,0.10526315789473684,0.2919761904761905,0.49716666666666665,0.19047619047619047,0.23809523809523808,0.3218333333333333,0.6936166666666665,0.2826086956521739,0.5652173913043478,0.24528301886792453,0.13157894736842105,0.18421052631578946,0.24444444444444444,0.8025751072961373,0.24528301886792453,0.4409090909090909,0.16818181818181818,0.46524064171123,0.25668449197860965,0.026737967914438502,9.0,1.2857142857142856,5.7857142857142865,0.1565217391304348,0.6626468649359957,0.23965112171537717,0.6626468649359957,0.25,"{""novig"": {""0.5"": {""over"": -163, ""under"": 130}}, ""bet365"": {""0.5"": {""over"": -180, ""under"": 135}}, ""betmgm"": {""0.5"": {""over"": -160, ""under"": 120}}, ""draftkings"": {""0.5"": {""over"": -173, ""under"": 130}}, ""fanduel"": {""0.5"": {""over"": -170}}}",0.5,over,betmgm,-160.0,0.6153846153846154,True,0.0473,1.5,,,,,False,
682988,Tyler Locklear,AZ,STL,0,8.0,1,700241,Michael McGreevy,R,823042,5:15 PM ET,Busch Stadium,1,1,0.20905923344947736,2026-07-23,823042,0,0,102.1,95.0,81.5,R,2,2,1,0,0,0,0,0,0,1,1,1,0,0,0,0,1,0.677,0.771,1,0,1,0,1,0,0.13333333333333333,0.25,0.6,0.34615384615384615,0.19230769230769232,0.06666666666666667,0.019230769230769232,0.0,0.022222222222222223,0.6,1.2,0.4074074074074074,0.07407407407407407,0.5925925925925926,0.3333333333333333,0.0,0.2902619047619047,0.4890119047619047,0.1875,0.25,0.4088,0.5882666666666666,0.14893617021276595,0.14893617021276595,0.33962264150943394,0.12195121951219512,0.34146341463414637,0.37777777777777777,0.8025751072961373,0.24528301886792453,0.4409090909090909,0.16818181818181818,0.46524064171123,0.25668449197860965,0.026737967914438502,9.0,1.2857142857142856,5.7857142857142865,0.1565217391304348,0.5620475887897137,0.15737323815755658,0.5620475887897137,0.13333333333333333,"{""novig"": {""0.5"": {""over"": -156, ""under"": 127}}, ""bet365"": {""0.5"": {""over"": -165, ""under"": 125}}, ""betmgm"": {""0.5"": {""over"": -150, ""under"": 110}}, ""draftkings"": {""0.5"": {""over"": -164, ""under"": 123}}, ""fanduel"": {""0.5"": {""over"": -185}}}",0.5,over,betmgm,-150.0,0.6,True,-0.038,1.5,,,,,False,
690993,Colt Keith,DET,KC,1,3.0,1,677976,Randy Dobnak,R,824247,6:40 PM ET,Comerica Park,0,1,0.2478031634446397,2026-07-23,824247,0,0,97.6,97.8,106.5,L,3,3,0,0,0,0,0,0,0,1,0,2,0,0,0,2,0,0.3555,0.3935,0,0,0,0,1,0,0.2972972972972973,0.34146341463414637,0.7297297297297297,0.24390243902439024,0.32,0.2702702702702703,0.07317073170731707,0.024390243902439025,0.10810810810810811,1.4,0.6666666666666666,0.4642857142857143,0.35714285714285715,0.2857142857142857,0.32142857142857145,0.07142857142857142,0.38501785714285713,0.7466666666666667,0.5,0.18181818181818182,0.2623124999999999,0.4516250000000001,0.2972972972972973,0.5675675675675675,0.24390243902439024,0.3269230769230769,0.36538461538461536,0.2545454545454545,0.8108108108108109,0.21804511278195488,0.375,0.13970588235294118,0.5583333333333333,0.16666666666666666,0.025,9.818181818181817,1.3636363636363638,4.090909090909091,0.1056338028169014,0.6120879214307248,0.19142479175876548,0.6120879214307248,0.2972972972972973,"{""novig"": {""1.5"": {""over"": 223}}, ""bet365"": {""0.5"": {""over"": -245, ""under"": 182}}, ""betmgm"": {""0.5"": {""over"": -225, ""under"": 165}}, ""draftkings"": {""0.5"": {""over"": -228, ""under"": 169}}, ""fanduel"": {""0.5"": {""over"": -220}}}",0.5,over,fanduel,-220.0,0.6875,True,-0.0754,1.5,over,novig,223.0,0.30959752321981426,True,-0.1182
693307,Dillon Dingler,DET,KC,1,5.0,1,677976,Randy Dobnak,R,824247,6:40 PM ET,Comerica Park,1,1,0.2478031634446397,2026-07-23,824247,0,0,97.6,97.8,106.5,R,4,4,1,0,0,0,0,0,0,2,1,2,0,0,0,2,0,0.1765,0.205,1,0,1,0,1,1,0.3157894736842105,0.375,0.7894736842105263,0.1875,0.3488372093023256,0.2631578947368421,0.046875,0.09375,0.15789473684210525,2.2,0.8,0.3695652173913043,0.2608695652173913,0.32608695652173914,0.2826086956521739,0.043478260869565216,0.31936,0.5157222222222223,0.4444444444444444,0.13636363636363635,0.3472,0.7020133333333333,0.23809523809523808,0.4603174603174603,0.25,0.24074074074074073,0.4074074074074074,0.22413793103448276,0.8108108108108109,0.21804511278195488,0.375,0.13970588235294118,0.5583333333333333,0.16666666666666666,0.025,9.818181818181817,1.3636363636363638,4.090909090909091,0.1056338028169014,0.6347195358526778,0.21138958286411266,0.6347195358526778,0.3157894736842105,"{""novig"": {""1.5"": {""over"": 174, ""under"": -199}}, ""bet365"": {""0.5"": {""over"": -270, ""under"": 195}}, ""betmgm"": {""0.5"": {""over"": -235, ""under"": 175}}, ""draftkings"": {""0.5"": {""over"": -263, ""under"": 193}}, ""fanduel"": {""0.5"": {""over"": -250}}}",0.5,over,betmgm,-235.0,0.7014925373134329,True,-0.0668,1.5,over,novig,174.0,0.36496350364963503,True,-0.1536
650402,Gleyber Torres,DET,KC,1,2.0,1,677976,Randy Dobnak,R,824247,6:40 PM ET,Comerica Park,1,1,0.2478031634446397,2026-07-23,824247,0,0,97.6,97.8,106.5,R,4,4,0,0,0,0,0,0,0,3,0,1,0,0,1,0,0,0.089,0.125,0,0,0,0,1,1,0.3888888888888889,0.4603174603174603,0.7592592592592593,0.20634920634920634,0.475,0.18518518518518517,0.031746031746031744,0.06349206349206349,0.1111111111111111,2.066666666666667,0.8666666666666667,0.42857142857142855,0.2857142857142857,0.35714285714285715,0.30952380952380953,0.09523809523809523,0.38403205128205126,0.6396641025641026,0.3333333333333333,0.10526315789473684,0.4420208333333332,0.7423541666666666,0.37037037037037035,0.5370370370370371,0.21666666666666667,0.22413793103448276,0.3620689655172414,0.14084507042253522,0.8108108108108109,0.21804511278195488,0.375,0.13970588235294118,0.5583333333333333,0.16666666666666666,0.025,9.818181818181817,1.3636363636363638,4.090909090909091,0.1056338028169014,0.6866986311932508,0.24628086002041596,0.6866986311932508,0.3888888888888889,"{""novig"": {""1.5"": {""over"": 212}}, ""bet365"": {""0.5"": {""over"": -225, ""under"": 165}}, ""betmgm"": {""0.5"": {""over"": -235, ""under"": 170}}, ""draftkings"": {""0.5"": {""over"": -232, ""under"": 172}}, ""fanduel"": {""0.5"": {""over"": -240}}}",0.5,over,bet365,-225.0,0.6923076923076923,True,-0.0056,1.5,over,novig,212.0,0.32051282051282054,True,-0.0742
681546,James Outman,DET,KC,1,9.0,1,677976,Randy Dobnak,R,824247,6:40 PM ET,Comerica Park,0,1,0.2478031634446397,2026-07-23,824247,0,0,97.6,97.8,106.5,L,4,4,1,0,0,0,0,0,0,2,1,2,0,0,0,0,1,0.53,0.564,1,0,1,0,1,1,0.14,0.1568627450980392,0.6,0.37735849056603776,0.20689655172413793,0.1,0.018867924528301886,0.0,0.04,0.8,1.3333333333333333,0.3333333333333333,0.2,0.4,0.3333333333333333,0.0,0.2480654761904762,0.4057976190476191,0.125,0.4117647058823529,0.18735000000000004,0.3402000000000001,0.12244897959183673,0.22448979591836735,0.39622641509433965,0.13333333333333333,0.13333333333333333,0.4411764705882353,0.8108108108108109,0.21804511278195488,0.375,0.13970588235294118,0.5583333333333333,0.16666666666666666,0.025,9.818181818181817,1.3636363636363638,4.090909090909091,0.1056338028169014,0.3894738084377251,0.06667391113066047,0.3894738084377251,0.14,"{""novig"": {""0.5"": {""over"": -117, ""under"": -106}}, ""bet365"": {""0.5"": {""over"": -105, ""under"": -130}}, ""betmgm"": {""0.5"": {""over"": -120, ""under"": -110}}, ""draftkings"": {""0.5"": {""over"": -114, ""under"": -116}}, ""fanduel"": {""0.5"": {""over"": -120}}}",0.5,over,bet365,-105.0,0.5121951219512195,True,-0.1227,1.5,,,,,False,
681481,Kerry Carpenter,DET,KC,1,6.0,1,677976,Randy Dobnak,R,824247,6:40 PM ET,Comerica Park,0,1,0.2478031634446397,2026-07-23,824247,0,0,97.6,97.8,106.5,L,4,4,1,0,0,0,0,0,0,1,1,3,0,1,1,0,2,0.6073333333333334,0.783,1,0,1,0,1,0,0.09090909090909091,0.14893617021276595,0.7045454545454546,0.2653061224489796,0.1,0.06818181818181818,0.02040816326530612,0.0,0.022727272727272728,0.4666666666666667,0.8666666666666667,0.25806451612903225,0.1935483870967742,0.3225806451612903,0.2903225806451613,0.06451612903225806,0.22329861111111113,0.339375,0.0,0.17647058823529413,0.12481249999999995,0.1464375000000001,0.13333333333333333,0.2,0.26,0.19047619047619047,0.23809523809523808,0.19148936170212766,0.8108108108108109,0.21804511278195488,0.375,0.13970588235294118,0.5583333333333333,0.16666666666666666,0.025,9.818181818181817,1.3636363636363638,4.090909090909091,0.1056338028169014,0.6298517778352669,0.14349784730377957,0.6298517778352669,0.09090909090909091,"{""novig"": {""0.5"": {""over"": -194, ""under"": 153}}, ""bet365"": {""0.5"": {""over"": -210, ""under"": 155}}, ""betmgm"": {""0.5"": {""over"": -200, ""under"": 145}}, ""draftkings"": {""0.5"": {""over"": -196, ""under"": 146}}, ""fanduel"": {""0.5"": {""over"": -190}}}",0.5,over,fanduel,-190.0,0.6551724137931034,True,-0.0253,1.5,,,,,False,
805808,Kevin McGonigle,DET,KC,1,1.0,1,677976,Randy Dobnak,R,824247,6:40 PM ET,Comerica Park,0,1,0.2478031634446397,2026-07-23,824247,0,0,97.6,97.8,106.5,L,4,4,1,0,0,0,0,0,0,1,1,3,0,2,1,1,1,0.26866666666666666,0.39199999999999996,1,0,1,0,1,0,0.27586206896551724,0.373134328358209,0.8448275862068966,0.13432835820895522,0.2826086956521739,0.1896551724137931,0.04477611940298507,0.029850746268656716,0.08620689655172414,1.8,0.6,0.3673469387755102,0.12244897959183673,0.3877551020408163,0.4489795918367347,0.0,0.2730611111111111,0.46199999999999997,0.2631578947368421,0.18181818181818182,0.28145,0.5172333333333334,0.288135593220339,0.4745762711864407,0.1388888888888889,0.18032786885245902,0.19672131147540983,0.208955223880597,0.8108108108108109,0.21804511278195488,0.375,0.13970588235294118,0.5583333333333333,0.16666666666666666,0.025,9.818181818181817,1.3636363636363638,4.090909090909091,0.1056338028169014,0.6513931494724108,0.22657176257854725,0.6513931494724108,0.27586206896551724,"{""novig"": {""0.5"": {""over"": -264, ""under"": 203}}, ""betmgm"": {""0.5"": {""over"": -275, ""under"": 195}}, ""bet365"": {""1.5"": {""over"": 190, ""under"": -260}}, ""draftkings"": {""0.5"": {""over"": -263, ""under"": 193}}, ""fanduel"": {""0.5"": {""over"": -280}}}",0.5,over,draftkings,-263.0,0.7245179063360881,True,-0.0731,1.5,over,bet365,190.0,0.3448275862068966,True,-0.1183
682985,Riley Greene,DET,KC,1,4.0,1,677976,Randy Dobnak,R,824247,6:40 PM ET,Comerica Park,0,1,0.2478031634446397,2026-07-23,824247,0,0,97.6,97.8,106.5,L,4,4,1,1,0,0,0,0,0,2,2,2,1,1,0,1,1,0.36250000000000004,1.22,1,0,1,1,1,1,0.2692307692307692,0.36507936507936506,0.6538461538461539,0.2857142857142857,0.3125,0.3269230769230769,0.06349206349206349,0.047619047619047616,0.15384615384615385,2.066666666666667,1.2,0.4444444444444444,0.2777777777777778,0.3055555555555556,0.4166666666666667,0.05555555555555555,0.3679611111111111,0.7578166666666667,0.23529411764705882,0.3,0.3315,0.71435,0.2807017543859649,0.7017543859649122,0.2727272727272727,0.36538461538461536,0.5,0.2857142857142857,0.8108108108108109,0.21804511278195488,0.375,0.13970588235294118,0.5583333333333333,0.16666666666666666,0.025,9.818181818181817,1.3636363636363638,4.090909090909091,0.1056338028169014,0.6164965778574492,0.2352559101111408,0.6164965778574492,0.2692307692307692,"{""novig"": {""0.5"": {""over"": -277, ""under"": 190}}, ""bet365"": {""1.5"": {""over"": 202, ""under"": -280}}, ""betmgm"": {""1.5"": {""over"": 195, ""under"": -275}}, ""draftkings"": {""0.5"": {""over"": -261, ""under"": 192}}, ""fanduel"": {""0.5"": {""over"": -300}}}",0.5,over,draftkings,-261.0,0.7229916897506925,True,-0.1065,1.5,over,bet365,202.0,0.33112582781456956,True,-0.0959
679529,Spencer Torkelson,DET,KC,1,7.0,1,677976,Randy Dobnak,R,824247,6:40 PM ET,Comerica Park,1,1,0.2478031634446397,2026-07-23,824247,0,0,97.6,97.8,106.5,R,4,3,2,0,0,1,1,0,0,1,5,2,1,1,1,1,0,0.45199999999999996,1.3745,1,1,1,1,1,0,0.14035087719298245,0.20967741935483872,0.6491228070175439,0.3225806451612903,0.12121212121212122,0.21052631578947367,0.06451612903225806,0.0,0.07017543859649122,1.3333333333333333,1.3333333333333333,0.2972972972972973,0.13513513513513514,0.3783783783783784,0.43243243243243246,0.05405405405405406,0.2922888888888889,0.6492166666666666,0.15,0.23809523809523808,0.2543333333333332,0.6300000000000001,0.21428571428571427,0.5,0.32786885245901637,0.22727272727272727,0.4318181818181818,0.3584905660377358,0.8108108108108109,0.21804511278195488,0.375,0.13970588235294118,0.5583333333333333,0.16666666666666666,0.025,9.818181818181817,1.3636363636363638,4.090909090909091,0.1056338028169014,0.5756787209955998,0.18072617964953933,0.5756787209955998,0.14035087719298245,"{""novig"": {""0.5"": {""over"": -153, ""under"": 138}}, ""bet365"": {""0.5"": {""over"": -160, ""under"": 120}}, ""betmgm"": {""0.5"": {""over"": -155, ""under"": 115}}, ""draftkings"": {""0.5"": {""over"": -170, ""under"": 128}}, ""fanduel"": {""0.5"": {""over"": -165}}}",0.5,over,novig,-153.0,0.6047430830039525,True,-0.0291,1.5,,,,,False,
656716,Zach McKinstry,DET,KC,1,8.0,1,677976,Randy Dobnak,R,824247,6:40 PM ET,Comerica Park,0,1,0.2478031634446397,2026-07-23,824247,0,0,97.6,97.8,106.5,L,4,4,1,1,0,0,0,0,0,0,2,4,0,1,2,0,2,0.4645,0.64225,1,0,1,1,0,0,0.1836734693877551,0.24528301886792453,0.7755102040816326,0.2037037037037037,0.21621621621621623,0.10204081632653061,0.018518518518518517,0.037037037037037035,0.061224489795918366,0.9333333333333333,0.7333333333333333,0.20512820512820512,0.1794871794871795,0.4358974358974359,0.3076923076923077,0.0,0.31457738095238097,0.45929166666666665,0.07692307692307693,0.2857142857142857,0.25091666666666657,0.30918750000000006,0.24528301886792453,0.41509433962264153,0.14285714285714285,0.19047619047619047,0.30952380952380953,0.16326530612244897,0.8108108108108109,0.21804511278195488,0.375,0.13970588235294118,0.5583333333333333,0.16666666666666666,0.025,9.818181818181817,1.3636363636363638,4.090909090909091,0.1056338028169014,0.5524104291731516,0.1491595137310249,0.5524104291731516,0.1836734693877551,"{""novig"": {""0.5"": {""over"": -163, ""under"": 150}}, ""bet365"": {""0.5"": {""over"": -180, ""under"": 135}}, ""betmgm"": {""0.5"": {""over"": -165, ""under"": 125}}, ""draftkings"": {""0.5"": {""over"": -185, ""under"": 138}}, ""fanduel"": {""0.5"": {""over"": -170}}}",0.5,over,novig,-163.0,0.6197718631178707,True,-0.0674,1.5,,,,,False,
623205,Andrew Velazquez,KC,DET,0,9.0,1,675512,Troy Melton,R,824247,6:40 PM ET,Comerica Park,0,1,0.22434782608695653,2026-07-23,824247,0,0,97.6,97.8,106.5,L,3,3,1,0,0,0,0,0,0,0,1,3,0,0,0,2,0,0.19233333333333333,0.19566666666666666,1,0,1,0,0,0,0.0625,0.21052631578947367,0.625,0.2857142857142857,0.1,0.0625,0.0,0.047619047619047616,0.0625,0.13333333333333333,0.4,0.18181818181818182,0.09090909090909091,0.6363636363636364,0.2727272727272727,0.0,0.15120000000000006,0.18820000000000006,0.0,0.2,0.2600000000000001,0.2822500000000002,0.1111111111111111,0.3333333333333333,0.43478260869565216,0.3055555555555556,0.4722222222222222,0.1794871794871795,0.7129186602870813,0.1358695652173913,0.3626943005181347,0.18652849740932642,0.44966442953020136,0.2550335570469799,0.020134228187919462,5.151315789473685,1.4210526315789476,6.039473684210526,0.17525773195876287,0.2985021548461994,0.035404185653330894,0.2985021548461994,0.0625,"{""novig"": {""0.5"": {""over"": 117, ""under"": -167}}, ""bet365"": {""0.5"": {""over"": 132, ""under"": -175}}, ""draftkings"": {""0.5"": {""over"": 118, ""under"": -157}}, ""fanduel"": {""0.5"": {""over"": -105}}}",0.5,over,bet365,132.0,0.43103448275862066,True,-0.1325,1.5,,,,,False,
695600,Carter Jensen,KC,DET,0,1.0,1,675512,Troy Melton,R,824247,6:40 PM ET,Comerica Park,0,1,0.22434782608695653,2026-07-23,824247,0,0,97.6,97.8,106.5,L,4,3,0,0,0,0,1,0,0,1,0,2,0,0,1,0,1,0.094,0.14200000000000002,0,0,0,0,1,0,0.2033898305084746,0.27692307692307694,0.5932203389830508,0.36363636363636365,0.30303030303030304,0.1864406779661017,0.030303030303030304,0.07575757575757576,0.11864406779661017,1.5333333333333334,1.6,0.45714285714285713,0.08571428571428572,0.37142857142857144,0.45714285714285713,0.05714285714285714,0.2759404761904762,0.6377357142857144,0.3333333333333333,0.16666666666666666,0.23199999999999993,0.46966,0.2033898305084746,0.3898305084745763,0.3484848484848485,0.22448979591836735,0.3673469387755102,0.18867924528301888,0.7129186602870813,0.1358695652173913,0.3626943005181347,0.18652849740932642,0.44966442953020136,0.2550335570469799,0.020134228187919462,5.151315789473685,1.4210526315789476,6.039473684210526,0.17525773195876287,0.5816131946401025,0.2329916287360634,0.5816131946401025,0.2033898305084746,"{""novig"": {""0.5"": {""over"": -167, ""under"": 150}}, ""bet365"": {""0.5"": {""over"": -200, ""under"": 150}}, ""betmgm"": {""0.5"": {""over"": -185, ""under"": 135}}, ""draftkings"": {""0.5"": {""over"": -187, ""under"": 140}}, ""fanduel"": {""0.5"": {""over"": -190}}}",0.5,over,novig,-167.0,0.6254681647940075,True,-0.0439,1.5,,,,,False,
686555,Isaac Collins,KC,DET,0,6.0,1,675512,Troy Melton,R,824247,6:40 PM ET,Comerica Park,1,1,0.22434782608695653,2026-07-23,824247,0,0,97.6,97.8,106.5,R,2,2,0,0,0,0,0,0,0,0,0,2,0,0,0,1,0,0.084,0.0965,0,0,0,0,0,0,0.29411764705882354,0.3333333333333333,0.7352941176470589,0.25,0.375,0.17647058823529413,0.027777777777777776,0.027777777777777776,0.08823529411764706,1.0666666666666667,0.6,0.44,0.28,0.48,0.2,0.04,0.34008974358974364,0.4551923076923077,0.4,0.18181818181818182,0.31766666666666676,0.3952083333333332,0.37777777777777777,0.6,0.2,0.22641509433962265,0.39622641509433965,0.24561403508771928,0.7129186602870813,0.1358695652173913,0.3626943005181347,0.18652849740932642,0.44966442953020136,0.2550335570469799,0.020134228187919462,5.151315789473685,1.4210526315789476,6.039473684210526,0.17525773195876287,0.6279444269702052,0.24198797849866227,0.6279444269702052,0.29411764705882354,"{""novig"": {""0.5"": {""over"": -135, ""under"": 117}}, ""bet365"": {""0.5"": {""over"": -150, ""under"": 110}}, ""betmgm"": {""0.5"": {""over"": -165, ""under"": 125}}, ""draftkings"": {""0.5"": {""over"": -151, ""under"": 113}}, ""fanduel"": {""0.5"": {""over"": -155}}}",0.5,over,novig,-135.0,0.574468085106383,True,0.0535,1.5,,,,,False,
668942,Josh Rojas,KC,DET,0,7.0,1,675512,Troy Melton,R,824247,6:40 PM ET,Comerica Park,0,1,0.22434782608695653,2026-07-23,824247,0,0,97.6,97.8,106.5,L,2,2,1,0,0,0,0,0,0,0,1,2,0,2,0,2,0,0.5445,0.6105,1,0,1,0,0,0,0.21621621621621623,0.23684210526315788,0.7567567567567568,0.23684210526315788,0.25925925925925924,0.10810810810810811,0.02631578947368421,0.02631578947368421,0.05405405405405406,0.8,0.6,0.2857142857142857,0.14285714285714285,0.4642857142857143,0.2857142857142857,0.0,0.23755,0.4294083333333333,0.35294117647058826,0.17647058823529413,0.2593958333333332,0.37875000000000036,0.2647058823529412,0.4117647058823529,0.2,0.1111111111111111,0.24444444444444444,0.19148936170212766,0.7129186602870813,0.1358695652173913,0.3626943005181347,0.18652849740932642,0.44966442953020136,0.2550335570469799,0.020134228187919462,5.151315789473685,1.4210526315789476,6.039473684210526,0.17525773195876287,0.5907574020023504,0.1813751473378905,0.5907574020023504,0.21621621621621623,"{""novig"": {""0.5"": {""over"": -120, ""under"": -100}}, ""bet365"": {""0.5"": {""over"": -130, ""under"": -105}}, ""betmgm"": {""0.5"": {""over"": -135, ""under"": 100}}, ""draftkings"": {""0.5"": {""over"": -132, ""under"": -101}}, ""fanduel"": {""0.5"": {""over"": -145}}}",0.5,over,novig,-120.0,0.5454545454545454,True,0.0453,1.5,,,,,False,
657041,Lane Thomas,KC,DET,0,2.0,1,675512,Troy Melton,R,824247,6:40 PM ET,Comerica Park,1,1,0.22434782608695653,2026-07-23,824247,0,0,97.6,97.8,106.5,R,4,4,1,0,0,0,0,0,0,3,1,1,0,0,0,0,1,0.531,0.586,1,0,1,0,1,1,0.3333333333333333,0.3968253968253968,0.7368421052631579,0.23809523809523808,0.39473684210526316,0.3508771929824561,0.06349206349206349,0.12698412698412698,0.21052631578947367,2.6,1.0,0.6190476190476191,0.30952380952380953,0.42857142857142855,0.21428571428571427,0.0,0.39428333333333326,0.7083944444444444,0.3157894736842105,0.2857142857142857,0.3457,0.6844166666666667,0.2807017543859649,0.5263157894736842,0.2698412698412698,0.25,0.4375,0.24528301886792453,0.7129186602870813,0.1358695652173913,0.3626943005181347,0.18652849740932642,0.44966442953020136,0.2550335570469799,0.020134228187919462,5.151315789473685,1.4210526315789476,6.039473684210526,0.17525773195876287,0.6643133528331296,0.3241149993714251,0.6643133528331296,0.3333333333333333,"{""novig"": {""0.5"": {""over"": -156, ""under"": 127}}, ""bet365"": {""0.5"": {""over"": -170, ""under"": 130}}, ""betmgm"": {""0.5"": {""over"": -155, ""under"": 115}}, ""draftkings"": {""0.5"": {""over"": -163, ""under"": 122}}, ""fanduel"": {""0.5"": {""over"": -170}}}",0.5,over,betmgm,-155.0,0.6078431372549019,True,0.0565,1.5,,,,,False,
686681,Michael Massey,KC,DET,0,5.0,1,675512,Troy Melton,R,824247,6:40 PM ET,Comerica Park,0,1,0.22434782608695653,2026-07-23,824247,0,0,97.6,97.8,106.5,L,4,4,2,1,0,0,0,0,0,2,3,2,0,0,0,2,0,0.21399999999999997,0.22549999999999998,1,1,1,1,1,1,0.2916666666666667,0.3584905660377358,0.7916666666666666,0.18867924528301888,0.3684210526315789,0.0625,0.0,0.05660377358490566,0.0625,1.1333333333333333,0.6666666666666666,0.4473684210526316,0.2894736842105263,0.42105263157894735,0.2631578947368421,0.0,0.3227142857142857,0.44186309523809525,0.35294117647058826,0.1111111111111111,0.255,0.3193499999999999,0.34,0.42,0.08771929824561403,0.19148936170212766,0.2978723404255319,0.30612244897959184,0.7129186602870813,0.1358695652173913,0.3626943005181347,0.18652849740932642,0.44966442953020136,0.2550335570469799,0.020134228187919462,5.151315789473685,1.4210526315789476,6.039473684210526,0.17525773195876287,0.645952171066359,0.2422600347137661,0.645952171066359,0.2916666666666667,"{""novig"": {""0.5"": {""over"": -156, ""under"": 130}}, ""bet365"": {""0.5"": {""over"": -190, ""under"": 140}}, ""draftkings"": {""0.5"": {""over"": -162, ""under"": 122}}, ""fanduel"": {""0.5"": {""over"": -170}}}",0.5,over,novig,-156.0,0.609375,True,0.0366,1.5,,,,,False,
679845,Nick Loftin,KC,DET,0,8.0,1,675512,Troy Melton,R,824247,6:40 PM ET,Comerica Park,1,1,0.22434782608695653,2026-07-23,824247,0,0,97.6,97.8,106.5,R,1,1,1,0,0,0,0,0,0,0,1,1,0,0,0,0,1,0.551,0.687,1,0,1,0,0,0,0.28846153846153844,0.3508771929824561,0.8653846153846154,0.1206896551724138,0.3181818181818182,0.11538461538461539,0.017241379310344827,0.05172413793103448,0.07692307692307693,1.4,0.4666666666666667,0.2,0.13333333333333333,0.5555555555555556,0.28888888888888886,0.0,0.25731309523809526,0.34173809523809523,0.2631578947368421,0.15789473684210525,0.23196666666666665,0.313,0.18867924528301888,0.3018867924528302,0.125,0.29411764705882354,0.45098039215686275,0.15517241379310345,0.7129186602870813,0.1358695652173913,0.3626943005181347,0.18652849740932642,0.44966442953020136,0.2550335570469799,0.020134228187919462,5.151315789473685,1.4210526315789476,6.039473684210526,0.17525773195876287,0.5722162441698203,0.1890267094284441,0.5722162441698203,0.28846153846153844,"{""novig"": {""0.5"": {""over"": -130, ""under"": -100}}, ""bet365"": {""0.5"": {""over"": -140, ""under"": 105}}, ""draftkings"": {""0.5"": {""over"": -127, ""under"": -104}}, ""fanduel"": {""0.5"": {""over"": -165}}}",0.5,over,draftkings,-127.0,0.5594713656387665,True,0.0127,1.5,,,,,False,
521692,Salvador Perez,KC,DET,0,4.0,1,675512,Troy Melton,R,824247,6:40 PM ET,Comerica Park,1,1,0.22434782608695653,2026-07-23,824247,0,0,97.6,97.8,106.5,R,4,4,1,0,0,1,0,0,0,1,4,3,0,2,1,2,0,0.36633333333333334,1.3403333333333334,1,0,1,1,1,0,0.2545454545454545,0.3333333333333333,0.7090909090909091,0.25396825396825395,0.2972972972972973,0.23636363636363636,0.047619047619047616,0.06349206349206349,0.12727272727272726,1.8,1.0666666666666667,0.5,0.275,0.375,0.275,0.05,0.3609404761904762,0.6852619047619048,0.25,0.2857142857142857,0.31766666666666665,0.8369333333333332,0.2222222222222222,0.4074074074074074,0.3114754098360656,0.26229508196721313,0.4098360655737705,0.1875,0.7129186602870813,0.1358695652173913,0.3626943005181347,0.18652849740932642,0.44966442953020136,0.2550335570469799,0.020134228187919462,5.151315789473685,1.4210526315789476,6.039473684210526,0.17525773195876287,0.638071528800923,0.2532197265859233,0.638071528800923,0.2545454545454545,"{""novig"": {""0.5"": {""over"": -167, ""under"": 133}}, ""bet365"": {""0.5"": {""over"": -180, ""under"": 135}}, ""betmgm"": {""0.5"": {""over"": -175, ""under"": 130}}, ""draftkings"": {""0.5"": {""over"": -175, ""under"": 131}}, ""fanduel"": {""0.5"": {""over"": -175}}}",0.5,over,novig,-167.0,0.6254681647940075,True,0.0126,1.5,,,,,False,
686469,Vinnie Pasquantino,KC,DET,0,3.0,1,675512,Troy Melton,R,824247,6:40 PM ET,Comerica Park,0,1,0.22434782608695653,2026-07-23,824247,0,0,97.6,97.8,106.5,L,4,4,1,1,0,0,0,0,0,0,2,4,0,4,0,3,1,0.322,0.41175,1,0,1,1,0,0,0.2777777777777778,0.3709677419354839,0.8333333333333334,0.14516129032258066,0.3333333333333333,0.05555555555555555,0.0,0.04838709677419355,0.05555555555555555,1.2,0.6,0.5111111111111111,0.28888888888888886,0.3111111111111111,0.24444444444444444,0.0,0.3389722222222222,0.48324111111111107,0.29411764705882354,0.19047619047619047,0.3218,0.48668333333333347,0.2962962962962963,0.4074074074074074,0.12903225806451613,0.1896551724137931,0.22413793103448276,0.24242424242424243,0.7129186602870813,0.1358695652173913,0.3626943005181347,0.18652849740932642,0.44966442953020136,0.2550335570469799,0.020134228187919462,5.151315789473685,1.4210526315789476,6.039473684210526,0.17525773195876287,0.6459732513162626,0.24720921325495246,0.6459732513162626,0.2777777777777778,"{""novig"": {""0.5"": {""over"": -186, ""under"": 153}}, ""bet365"": {""0.5"": {""over"": -210, ""under"": 155}}, ""betmgm"": {""0.5"": {""over"": -200, ""under"": 150}}, ""draftkings"": {""0.5"": {""over"": -188, ""under"": 140}}, ""fanduel"": {""0.5"": {""over"": -210}}}",0.5,over,novig,-186.0,0.6503496503496503,True,-0.0044,1.5,,,,,False,
